y_now,v_now,y_next,v_next
91.17040818371052,0.0,91.17040818371052,-9.8
91.17040818371052,-9.8,81.37040818371052,-19.6
81.37040818371052,-19.6,61.77040818371052,-29.400000000000002
61.77040818371052,-29.400000000000002,32.37040818371052,-39.2
32.37040818371052,-39.2,-6.829591816289479,-49.0
275.6582348810715,0.0,275.6582348810715,-9.8
275.6582348810715,-9.8,265.8582348810715,-19.6
265.8582348810715,-19.6,246.2582348810715,-29.400000000000002
246.2582348810715,-29.400000000000002,216.8582348810715,-39.2
216.8582348810715,-39.2,177.6582348810715,-49.0
231.05975585755294,0.0,231.05975585755294,-9.8
231.05975585755294,-9.8,221.25975585755293,-19.6
221.25975585755293,-19.6,201.65975585755294,-29.400000000000002
201.65975585755294,-29.400000000000002,172.25975585755293,-39.2
172.25975585755293,-39.2,133.05975585755294,-49.0
84.06680065845009,0.0,84.06680065845009,-9.8
84.06680065845009,-9.8,74.2668006584501,-19.6
74.2668006584501,-19.6,54.66680065845009,-29.400000000000002
54.66680065845009,-29.400000000000002,25.26680065845009,-39.2
25.26680065845009,-39.2,-13.933199341549912,-49.0
213.5919840914235,0.0,213.5919840914235,-9.8
213.5919840914235,-9.8,203.7919840914235,-19.6
203.7919840914235,-19.6,184.1919840914235,-29.400000000000002
184.1919840914235,-29.400000000000002,154.7919840914235,-39.2
154.7919840914235,-39.2,115.5919840914235,-49.0
242.0418009318352,0.0,242.0418009318352,-9.8
242.0418009318352,-9.8,232.2418009318352,-19.6
232.2418009318352,-19.6,212.6418009318352,-29.400000000000002
212.6418009318352,-29.400000000000002,183.2418009318352,-39.2
183.2418009318352,-39.2,144.0418009318352,-49.0
379.7018361268736,0.0,379.7018361268736,-9.8
379.7018361268736,-9.8,369.9018361268736,-19.6
369.9018361268736,-19.6,350.3018361268736,-29.400000000000002
350.3018361268736,-29.400000000000002,320.9018361268736,-39.2
320.9018361268736,-39.2,281.7018361268736,-49.0
300.97552315866113,0.0,300.97552315866113,-9.8
300.97552315866113,-9.8,291.1755231586611,-19.6
291.1755231586611,-19.6,271.5755231586611,-29.400000000000002
271.5755231586611,-29.400000000000002,242.1755231586611,-39.2
242.1755231586611,-39.2,202.97552315866108,-49.0
492.27914401378627,0.0,492.27914401378627,-9.8
492.27914401378627,-9.8,482.47914401378625,-19.6
482.47914401378625,-19.6,462.87914401378623,-29.400000000000002
462.87914401378623,-29.400000000000002,433.47914401378625,-39.2
433.47914401378625,-39.2,394.27914401378627,-49.0
279.23275242203454,0.0,279.23275242203454,-9.8
279.23275242203454,-9.8,269.4327524220345,-19.6
269.4327524220345,-19.6,249.83275242203453,-29.400000000000002
249.83275242203453,-29.400000000000002,220.43275242203453,-39.2
220.43275242203453,-39.2,181.23275242203454,-49.0
234.72855004990203,0.0,234.72855004990203,-9.8
234.72855004990203,-9.8,224.92855004990201,-19.6
224.92855004990201,-19.6,205.32855004990202,-29.400000000000002
205.32855004990202,-29.400000000000002,175.92855004990201,-39.2
175.92855004990201,-39.2,136.72855004990203,-49.0
288.3305568502356,0.0,288.3305568502356,-9.8
288.3305568502356,-9.8,278.5305568502356,-19.6
278.5305568502356,-19.6,258.9305568502356,-29.400000000000002
258.9305568502356,-29.400000000000002,229.53055685023557,-39.2
229.53055685023557,-39.2,190.33055685023555,-49.0
60.64704586998951,0.0,60.64704586998951,-9.8
60.64704586998951,-9.8,50.847045869989515,-19.6
50.847045869989515,-19.6,31.247045869989513,-29.400000000000002
31.247045869989513,-29.400000000000002,1.8470458699895111,-39.2
1.8470458699895111,-39.2,-37.35295413001049,-49.0
97.54161428656596,0.0,97.54161428656596,-9.8
97.54161428656596,-9.8,87.74161428656596,-19.6
87.74161428656596,-19.6,68.14161428656595,-29.400000000000002
68.14161428656595,-29.400000000000002,38.74161428656595,-39.2
38.74161428656595,-39.2,-0.45838571343405476,-49.0
436.5073576652682,0.0,436.5073576652682,-9.8
436.5073576652682,-9.8,426.7073576652682,-19.6
426.7073576652682,-19.6,407.1073576652682,-29.400000000000002
407.1073576652682,-29.400000000000002,377.7073576652682,-39.2
377.7073576652682,-39.2,338.5073576652682,-49.0
361.2703805031039,0.0,361.2703805031039,-9.8
361.2703805031039,-9.8,351.4703805031039,-19.6
351.4703805031039,-19.6,331.8703805031039,-29.400000000000002
331.8703805031039,-29.400000000000002,302.4703805031039,-39.2
302.4703805031039,-39.2,263.2703805031039,-49.0
425.8559902914033,0.0,425.8559902914033,-9.8
425.8559902914033,-9.8,416.0559902914033,-19.6
416.0559902914033,-19.6,396.4559902914033,-29.400000000000002
396.4559902914033,-29.400000000000002,367.0559902914033,-39.2
367.0559902914033,-39.2,327.8559902914033,-49.0
287.62962605264534,0.0,287.62962605264534,-9.8
287.62962605264534,-9.8,277.8296260526453,-19.6
277.8296260526453,-19.6,258.2296260526453,-29.400000000000002
258.2296260526453,-29.400000000000002,228.8296260526453,-39.2
228.8296260526453,-39.2,189.62962605264528,-49.0
446.18446852043115,0.0,446.18446852043115,-9.8
446.18446852043115,-9.8,436.38446852043114,-19.6
436.38446852043114,-19.6,416.7844685204311,-29.400000000000002
416.7844685204311,-29.400000000000002,387.38446852043114,-39.2
387.38446852043114,-39.2,348.18446852043115,-49.0
219.02062439355618,0.0,219.02062439355618,-9.8
219.02062439355618,-9.8,209.22062439355616,-19.6
209.22062439355616,-19.6,189.62062439355617,-29.400000000000002
189.62062439355617,-29.400000000000002,160.22062439355616,-39.2
160.22062439355616,-39.2,121.02062439355616,-49.0
76.77543945049919,0.0,76.77543945049919,-9.8
76.77543945049919,-9.8,66.9754394504992,-19.6
66.9754394504992,-19.6,47.375439450499194,-29.400000000000002
47.375439450499194,-29.400000000000002,17.97543945049919,-39.2
17.97543945049919,-39.2,-21.22456054950081,-49.0
101.51269216619724,0.0,101.51269216619724,-9.8
101.51269216619724,-9.8,91.71269216619724,-19.6
91.71269216619724,-19.6,72.11269216619723,-29.400000000000002
72.11269216619723,-29.400000000000002,42.71269216619723,-39.2
42.71269216619723,-39.2,3.512692166197226,-49.0
493.92767029652936,0.0,493.92767029652936,-9.8
493.92767029652936,-9.8,484.12767029652935,-19.6
484.12767029652935,-19.6,464.5276702965293,-29.400000000000002
464.5276702965293,-29.400000000000002,435.12767029652935,-39.2
435.12767029652935,-39.2,395.92767029652936,-49.0
424.0649458653976,0.0,424.0649458653976,-9.8
424.0649458653976,-9.8,414.2649458653976,-19.6
414.2649458653976,-19.6,394.66494586539756,-29.400000000000002
394.66494586539756,-29.400000000000002,365.2649458653976,-39.2
365.2649458653976,-39.2,326.0649458653976,-49.0
476.43504520706887,0.0,476.43504520706887,-9.8
476.43504520706887,-9.8,466.63504520706886,-19.6
466.63504520706886,-19.6,447.03504520706883,-29.400000000000002
447.03504520706883,-29.400000000000002,417.63504520706886,-39.2
417.63504520706886,-39.2,378.43504520706887,-49.0
71.35900344047064,0.0,71.35900344047064,-9.8
71.35900344047064,-9.8,61.55900344047065,-19.6
61.55900344047065,-19.6,41.959003440470646,-29.400000000000002
41.959003440470646,-29.400000000000002,12.559003440470644,-39.2
12.559003440470644,-39.2,-26.64099655952936,-49.0
344.5523333781055,0.0,344.5523333781055,-9.8
344.5523333781055,-9.8,334.7523333781055,-19.6
334.7523333781055,-19.6,315.1523333781055,-29.400000000000002
315.1523333781055,-29.400000000000002,285.7523333781055,-39.2
285.7523333781055,-39.2,246.55233337810552,-49.0
155.42891980793308,0.0,155.42891980793308,-9.8
155.42891980793308,-9.8,145.62891980793307,-19.6
145.62891980793307,-19.6,126.02891980793308,-29.400000000000002
126.02891980793308,-29.400000000000002,96.62891980793307,-39.2
96.62891980793307,-39.2,57.42891980793307,-49.0
97.06541129410121,0.0,97.06541129410121,-9.8
97.06541129410121,-9.8,87.26541129410121,-19.6
87.26541129410121,-19.6,67.6654112941012,-29.400000000000002
67.6654112941012,-29.400000000000002,38.2654112941012,-39.2
38.2654112941012,-39.2,-0.934588705898804,-49.0
387.40001776874414,0.0,387.40001776874414,-9.8
387.40001776874414,-9.8,377.6000177687441,-19.6
377.6000177687441,-19.6,358.0000177687441,-29.400000000000002
358.0000177687441,-29.400000000000002,328.6000177687441,-39.2
328.6000177687441,-39.2,289.40001776874414,-49.0
350.03430161521766,0.0,350.03430161521766,-9.8
350.03430161521766,-9.8,340.23430161521765,-19.6
340.23430161521765,-19.6,320.6343016152176,-29.400000000000002
320.6343016152176,-29.400000000000002,291.23430161521765,-39.2
291.23430161521765,-39.2,252.03430161521766,-49.0
407.8888620083322,0.0,407.8888620083322,-9.8
407.8888620083322,-9.8,398.08886200833217,-19.6
398.08886200833217,-19.6,378.48886200833215,-29.400000000000002
378.48886200833215,-29.400000000000002,349.08886200833217,-39.2
349.08886200833217,-39.2,309.8888620083322,-49.0
404.1554794660277,0.0,404.1554794660277,-9.8
404.1554794660277,-9.8,394.3554794660277,-19.6
394.3554794660277,-19.6,374.7554794660277,-29.400000000000002
374.7554794660277,-29.400000000000002,345.3554794660277,-39.2
345.3554794660277,-39.2,306.1554794660277,-49.0
404.57267584178544,0.0,404.57267584178544,-9.8
404.57267584178544,-9.8,394.77267584178543,-19.6
394.77267584178543,-19.6,375.1726758417854,-29.400000000000002
375.1726758417854,-29.400000000000002,345.77267584178543,-39.2
345.77267584178543,-39.2,306.57267584178544,-49.0
411.56414870798784,0.0,411.56414870798784,-9.8
411.56414870798784,-9.8,401.76414870798783,-19.6
401.76414870798783,-19.6,382.1641487079878,-29.400000000000002
382.1641487079878,-29.400000000000002,352.76414870798783,-39.2
352.76414870798783,-39.2,313.56414870798784,-49.0
278.55577929671915,0.0,278.55577929671915,-9.8
278.55577929671915,-9.8,268.75577929671914,-19.6
268.75577929671914,-19.6,249.15577929671915,-29.400000000000002
249.15577929671915,-29.400000000000002,219.75577929671914,-39.2
219.75577929671914,-39.2,180.55577929671915,-49.0
453.7265223713811,0.0,453.7265223713811,-9.8
453.7265223713811,-9.8,443.9265223713811,-19.6
443.9265223713811,-19.6,424.3265223713811,-29.400000000000002
424.3265223713811,-29.400000000000002,394.9265223713811,-39.2
394.9265223713811,-39.2,355.7265223713811,-49.0
330.26627069000904,0.0,330.26627069000904,-9.8
330.26627069000904,-9.8,320.466270690009,-19.6
320.466270690009,-19.6,300.866270690009,-29.400000000000002
300.866270690009,-29.400000000000002,271.466270690009,-39.2
271.466270690009,-39.2,232.26627069000904,-49.0
423.73206834565457,0.0,423.73206834565457,-9.8
423.73206834565457,-9.8,413.93206834565456,-19.6
413.93206834565456,-19.6,394.33206834565453,-29.400000000000002
394.33206834565453,-29.400000000000002,364.93206834565456,-39.2
364.93206834565456,-39.2,325.73206834565457,-49.0
404.4822367461449,0.0,404.4822367461449,-9.8
404.4822367461449,-9.8,394.6822367461449,-19.6
394.6822367461449,-19.6,375.0822367461449,-29.400000000000002
375.0822367461449,-29.400000000000002,345.6822367461449,-39.2
345.6822367461449,-39.2,306.4822367461449,-49.0
261.55932711065225,0.0,261.55932711065225,-9.8
261.55932711065225,-9.8,251.75932711065224,-19.6
251.75932711065224,-19.6,232.15932711065224,-29.400000000000002
232.15932711065224,-29.400000000000002,202.75932711065224,-39.2
202.75932711065224,-39.2,163.55932711065225,-49.0
255.636896754527,0.0,255.636896754527,-9.8
255.636896754527,-9.8,245.83689675452698,-19.6
245.83689675452698,-19.6,226.23689675452698,-29.400000000000002
226.23689675452698,-29.400000000000002,196.83689675452698,-39.2
196.83689675452698,-39.2,157.63689675452696,-49.0
429.287154846101,0.0,429.287154846101,-9.8
429.287154846101,-9.8,419.48715484610096,-19.6
419.48715484610096,-19.6,399.88715484610094,-29.400000000000002
399.88715484610094,-29.400000000000002,370.48715484610096,-39.2
370.48715484610096,-39.2,331.287154846101,-49.0
202.43760159327155,0.0,202.43760159327155,-9.8
202.43760159327155,-9.8,192.63760159327154,-19.6
192.63760159327154,-19.6,173.03760159327155,-29.400000000000002
173.03760159327155,-29.400000000000002,143.63760159327154,-39.2
143.63760159327154,-39.2,104.43760159327154,-49.0
265.3286367234184,0.0,265.3286367234184,-9.8
265.3286367234184,-9.8,255.5286367234184,-19.6
255.5286367234184,-19.6,235.9286367234184,-29.400000000000002
235.9286367234184,-29.400000000000002,206.5286367234184,-39.2
206.5286367234184,-39.2,167.3286367234184,-49.0
56.862119913688716,0.0,56.862119913688716,-9.8
56.862119913688716,-9.8,47.06211991368872,-19.6
47.06211991368872,-19.6,27.462119913688717,-29.400000000000002
27.462119913688717,-29.400000000000002,-1.937880086311285,-39.2
187.08016792092877,0.0,187.08016792092877,-9.8
187.08016792092877,-9.8,177.28016792092876,-19.6
177.28016792092876,-19.6,157.68016792092877,-29.400000000000002
157.68016792092877,-29.400000000000002,128.28016792092876,-39.2
128.28016792092876,-39.2,89.08016792092876,-49.0
257.90832986490364,0.0,257.90832986490364,-9.8
257.90832986490364,-9.8,248.10832986490362,-19.6
248.10832986490362,-19.6,228.50832986490363,-29.400000000000002
228.50832986490363,-29.400000000000002,199.10832986490362,-39.2
199.10832986490362,-39.2,159.90832986490364,-49.0
77.30688909822152,0.0,77.30688909822152,-9.8
77.30688909822152,-9.8,67.50688909822152,-19.6
67.50688909822152,-19.6,47.90688909822152,-29.400000000000002
47.90688909822152,-29.400000000000002,18.506889098221517,-39.2
18.506889098221517,-39.2,-20.693110901778486,-49.0
367.39527087681773,0.0,367.39527087681773,-9.8
367.39527087681773,-9.8,357.5952708768177,-19.6
357.5952708768177,-19.6,337.9952708768177,-29.400000000000002
337.9952708768177,-29.400000000000002,308.5952708768177,-39.2
308.5952708768177,-39.2,269.39527087681773,-49.0
297.6508919643326,0.0,297.6508919643326,-9.8
297.6508919643326,-9.8,287.85089196433256,-19.6
287.85089196433256,-19.6,268.25089196433254,-29.400000000000002
268.25089196433254,-29.400000000000002,238.85089196433253,-39.2
238.85089196433253,-39.2,199.65089196433252,-49.0
78.5559309403275,0.0,78.5559309403275,-9.8
78.5559309403275,-9.8,68.7559309403275,-19.6
68.7559309403275,-19.6,49.1559309403275,-29.400000000000002
49.1559309403275,-29.400000000000002,19.7559309403275,-39.2
19.7559309403275,-39.2,-19.444069059672504,-49.0
269.4766351663839,0.0,269.4766351663839,-9.8
269.4766351663839,-9.8,259.6766351663839,-19.6
259.6766351663839,-19.6,240.0766351663839,-29.400000000000002
240.0766351663839,-29.400000000000002,210.6766351663839,-39.2
210.6766351663839,-39.2,171.47663516638391,-49.0
373.4142807630811,0.0,373.4142807630811,-9.8
373.4142807630811,-9.8,363.61428076308107,-19.6
363.61428076308107,-19.6,344.01428076308105,-29.400000000000002
344.01428076308105,-29.400000000000002,314.61428076308107,-39.2
314.61428076308107,-39.2,275.4142807630811,-49.0
243.48879815534235,0.0,243.48879815534235,-9.8
243.48879815534235,-9.8,233.68879815534234,-19.6
233.68879815534234,-19.6,214.08879815534235,-29.400000000000002
214.08879815534235,-29.400000000000002,184.68879815534234,-39.2
184.68879815534234,-39.2,145.48879815534235,-49.0
182.651680886048,0.0,182.651680886048,-9.8
182.651680886048,-9.8,172.851680886048,-19.6
172.851680886048,-19.6,153.251680886048,-29.400000000000002
153.251680886048,-29.400000000000002,123.851680886048,-39.2
123.851680886048,-39.2,84.651680886048,-49.0
158.01882039113295,0.0,158.01882039113295,-9.8
158.01882039113295,-9.8,148.21882039113294,-19.6
148.21882039113294,-19.6,128.61882039113294,-29.400000000000002
128.61882039113294,-29.400000000000002,99.21882039113294,-39.2
99.21882039113294,-39.2,60.018820391132934,-49.0
108.35941679637274,0.0,108.35941679637274,-9.8
108.35941679637274,-9.8,98.55941679637274,-19.6
98.55941679637274,-19.6,78.95941679637275,-29.400000000000002
78.95941679637275,-29.400000000000002,49.559416796372744,-39.2
49.559416796372744,-39.2,10.359416796372741,-49.0
84.18435928101137,0.0,84.18435928101137,-9.8
84.18435928101137,-9.8,74.38435928101137,-19.6
74.38435928101137,-19.6,54.78435928101137,-29.400000000000002
54.78435928101137,-29.400000000000002,25.384359281011367,-39.2
25.384359281011367,-39.2,-13.815640718988636,-49.0
226.85547960699586,0.0,226.85547960699586,-9.8
226.85547960699586,-9.8,217.05547960699585,-19.6
217.05547960699585,-19.6,197.45547960699585,-29.400000000000002
197.45547960699585,-29.400000000000002,168.05547960699585,-39.2
168.05547960699585,-39.2,128.85547960699586,-49.0
130.11705519259323,0.0,130.11705519259323,-9.8
130.11705519259323,-9.8,120.31705519259323,-19.6
120.31705519259323,-19.6,100.71705519259322,-29.400000000000002
100.71705519259322,-29.400000000000002,71.31705519259322,-39.2
71.31705519259322,-39.2,32.11705519259321,-49.0
333.8582531407122,0.0,333.8582531407122,-9.8
333.8582531407122,-9.8,324.05825314071217,-19.6
324.05825314071217,-19.6,304.45825314071215,-29.400000000000002
304.45825314071215,-29.400000000000002,275.05825314071217,-39.2
275.05825314071217,-39.2,235.85825314071218,-49.0
216.54113838405505,0.0,216.54113838405505,-9.8
216.54113838405505,-9.8,206.74113838405503,-19.6
206.74113838405503,-19.6,187.14113838405504,-29.400000000000002
187.14113838405504,-29.400000000000002,157.74113838405503,-39.2
157.74113838405503,-39.2,118.54113838405503,-49.0
282.8243082613958,0.0,282.8243082613958,-9.8
282.8243082613958,-9.8,273.0243082613958,-19.6
273.0243082613958,-19.6,253.4243082613958,-29.400000000000002
253.4243082613958,-29.400000000000002,224.0243082613958,-39.2
224.0243082613958,-39.2,184.8243082613958,-49.0
70.79622950713144,0.0,70.79622950713144,-9.8
70.79622950713144,-9.8,60.996229507131446,-19.6
60.996229507131446,-19.6,41.396229507131444,-29.400000000000002
41.396229507131444,-29.400000000000002,11.996229507131442,-39.2
11.996229507131442,-39.2,-27.20377049286856,-49.0
78.79985815015945,0.0,78.79985815015945,-9.8
78.79985815015945,-9.8,68.99985815015945,-19.6
68.99985815015945,-19.6,49.39985815015945,-29.400000000000002
49.39985815015945,-29.400000000000002,19.99985815015945,-39.2
19.99985815015945,-39.2,-19.200141849840552,-49.0
131.18487602420691,0.0,131.18487602420691,-9.8
131.18487602420691,-9.8,121.38487602420692,-19.6
121.38487602420692,-19.6,101.78487602420691,-29.400000000000002
101.78487602420691,-29.400000000000002,72.3848760242069,-39.2
72.3848760242069,-39.2,33.1848760242069,-49.0
487.24510548553,0.0,487.24510548553,-9.8
487.24510548553,-9.8,477.44510548553,-19.6
477.44510548553,-19.6,457.84510548553,-29.400000000000002
457.84510548553,-29.400000000000002,428.44510548553,-39.2
428.44510548553,-39.2,389.24510548553,-49.0
75.91090745753544,0.0,75.91090745753544,-9.8
75.91090745753544,-9.8,66.11090745753545,-19.6
66.11090745753545,-19.6,46.510907457535446,-29.400000000000002
46.510907457535446,-29.400000000000002,17.110907457535443,-39.2
17.110907457535443,-39.2,-22.08909254246456,-49.0
481.7196495037389,0.0,481.7196495037389,-9.8
481.7196495037389,-9.8,471.91964950373887,-19.6
471.91964950373887,-19.6,452.31964950373884,-29.400000000000002
452.31964950373884,-29.400000000000002,422.91964950373887,-39.2
422.91964950373887,-39.2,383.7196495037389,-49.0
112.86756817165437,0.0,112.86756817165437,-9.8
112.86756817165437,-9.8,103.06756817165437,-19.6
103.06756817165437,-19.6,83.46756817165436,-29.400000000000002
83.46756817165436,-29.400000000000002,54.06756817165436,-39.2
54.06756817165436,-39.2,14.867568171654355,-49.0
390.0077247403155,0.0,390.0077247403155,-9.8
390.0077247403155,-9.8,380.2077247403155,-19.6
380.2077247403155,-19.6,360.60772474031546,-29.400000000000002
360.60772474031546,-29.400000000000002,331.2077247403155,-39.2
331.2077247403155,-39.2,292.0077247403155,-49.0
397.5094602606303,0.0,397.5094602606303,-9.8
397.5094602606303,-9.8,387.7094602606303,-19.6
387.7094602606303,-19.6,368.10946026063027,-29.400000000000002
368.10946026063027,-29.400000000000002,338.7094602606303,-39.2
338.7094602606303,-39.2,299.5094602606303,-49.0
107.55687327398269,0.0,107.55687327398269,-9.8
107.55687327398269,-9.8,97.75687327398269,-19.6
97.75687327398269,-19.6,78.15687327398268,-29.400000000000002
78.15687327398268,-29.400000000000002,48.75687327398268,-39.2
48.75687327398268,-39.2,9.556873273982674,-49.0
326.7458586343885,0.0,326.7458586343885,-9.8
326.7458586343885,-9.8,316.9458586343885,-19.6
316.9458586343885,-19.6,297.3458586343885,-29.400000000000002
297.3458586343885,-29.400000000000002,267.9458586343885,-39.2
267.9458586343885,-39.2,228.74585863438853,-49.0
321.6057996885515,0.0,321.6057996885515,-9.8
321.6057996885515,-9.8,311.8057996885515,-19.6
311.8057996885515,-19.6,292.20579968855145,-29.400000000000002
292.20579968855145,-29.400000000000002,262.8057996885515,-39.2
262.8057996885515,-39.2,223.60579968855149,-49.0
281.89337647092117,0.0,281.89337647092117,-9.8
281.89337647092117,-9.8,272.09337647092116,-19.6
272.09337647092116,-19.6,252.49337647092116,-29.400000000000002
252.49337647092116,-29.400000000000002,223.09337647092116,-39.2
223.09337647092116,-39.2,183.89337647092117,-49.0
212.26488145715615,0.0,212.26488145715615,-9.8
212.26488145715615,-9.8,202.46488145715614,-19.6
202.46488145715614,-19.6,182.86488145715614,-29.400000000000002
182.86488145715614,-29.400000000000002,153.46488145715614,-39.2
153.46488145715614,-39.2,114.26488145715614,-49.0
320.69396559363776,0.0,320.69396559363776,-9.8
320.69396559363776,-9.8,310.89396559363774,-19.6
310.89396559363774,-19.6,291.2939655936377,-29.400000000000002
291.2939655936377,-29.400000000000002,261.89396559363774,-39.2
261.89396559363774,-39.2,222.69396559363776,-49.0
424.64296784783363,0.0,424.64296784783363,-9.8
424.64296784783363,-9.8,414.8429678478336,-19.6
414.8429678478336,-19.6,395.2429678478336,-29.400000000000002
395.2429678478336,-29.400000000000002,365.8429678478336,-39.2
365.8429678478336,-39.2,326.64296784783363,-49.0
182.6267013875343,0.0,182.6267013875343,-9.8
182.6267013875343,-9.8,172.82670138753429,-19.6
172.82670138753429,-19.6,153.2267013875343,-29.400000000000002
153.2267013875343,-29.400000000000002,123.82670138753429,-39.2
123.82670138753429,-39.2,84.62670138753428,-49.0
286.41537136053955,0.0,286.41537136053955,-9.8
286.41537136053955,-9.8,276.61537136053954,-19.6
276.61537136053954,-19.6,257.0153713605395,-29.400000000000002
257.0153713605395,-29.400000000000002,227.6153713605395,-39.2
227.6153713605395,-39.2,188.4153713605395,-49.0
143.7836793205651,0.0,143.7836793205651,-9.8
143.7836793205651,-9.8,133.9836793205651,-19.6
133.9836793205651,-19.6,114.38367932056511,-29.400000000000002
114.38367932056511,-29.400000000000002,84.9836793205651,-39.2
84.9836793205651,-39.2,45.7836793205651,-49.0
190.9547469875088,0.0,190.9547469875088,-9.8
190.9547469875088,-9.8,181.1547469875088,-19.6
181.1547469875088,-19.6,161.5547469875088,-29.400000000000002
161.5547469875088,-29.400000000000002,132.1547469875088,-39.2
132.1547469875088,-39.2,92.95474698750878,-49.0
257.6313678726008,0.0,257.6313678726008,-9.8
257.6313678726008,-9.8,247.83136787260077,-19.6
247.83136787260077,-19.6,228.23136787260077,-29.400000000000002
228.23136787260077,-29.400000000000002,198.83136787260077,-39.2
198.83136787260077,-39.2,159.63136787260078,-49.0
341.1681694886998,0.0,341.1681694886998,-9.8
341.1681694886998,-9.8,331.3681694886998,-19.6
331.3681694886998,-19.6,311.76816948869975,-29.400000000000002
311.76816948869975,-29.400000000000002,282.3681694886998,-39.2
282.3681694886998,-39.2,243.1681694886998,-49.0
357.3918306668508,0.0,357.3918306668508,-9.8
357.3918306668508,-9.8,347.5918306668508,-19.6
347.5918306668508,-19.6,327.9918306668508,-29.400000000000002
327.9918306668508,-29.400000000000002,298.5918306668508,-39.2
298.5918306668508,-39.2,259.3918306668508,-49.0
484.7033703860557,0.0,484.7033703860557,-9.8
484.7033703860557,-9.8,474.9033703860557,-19.6
474.9033703860557,-19.6,455.3033703860557,-29.400000000000002
455.3033703860557,-29.400000000000002,425.9033703860557,-39.2
425.9033703860557,-39.2,386.7033703860557,-49.0
54.38823382018633,0.0,54.38823382018633,-9.8
54.38823382018633,-9.8,44.58823382018633,-19.6
44.58823382018633,-19.6,24.98823382018633,-29.400000000000002
24.98823382018633,-29.400000000000002,-4.411766179813672,-39.2
78.94479363078491,0.0,78.94479363078491,-9.8
78.94479363078491,-9.8,69.14479363078492,-19.6
69.14479363078492,-19.6,49.544793630784916,-29.400000000000002
49.544793630784916,-29.400000000000002,20.144793630784914,-39.2
20.144793630784914,-39.2,-19.05520636921509,-49.0
346.66244767429157,0.0,346.66244767429157,-9.8
346.66244767429157,-9.8,336.86244767429156,-19.6
336.86244767429156,-19.6,317.26244767429154,-29.400000000000002
317.26244767429154,-29.400000000000002,287.86244767429156,-39.2
287.86244767429156,-39.2,248.66244767429157,-49.0
101.73599317916016,0.0,101.73599317916016,-9.8
101.73599317916016,-9.8,91.93599317916016,-19.6
91.93599317916016,-19.6,72.33599317916017,-29.400000000000002
72.33599317916017,-29.400000000000002,42.935993179160164,-39.2
42.935993179160164,-39.2,3.735993179160161,-49.0
307.9232577095845,0.0,307.9232577095845,-9.8
307.9232577095845,-9.8,298.1232577095845,-19.6
298.1232577095845,-19.6,278.52325770958447,-29.400000000000002
278.52325770958447,-29.400000000000002,249.12325770958446,-39.2
249.12325770958446,-39.2,209.92325770958445,-49.0
422.93332600208464,0.0,422.93332600208464,-9.8
422.93332600208464,-9.8,413.13332600208463,-19.6
413.13332600208463,-19.6,393.5333260020846,-29.400000000000002
393.5333260020846,-29.400000000000002,364.13332600208463,-39.2
364.13332600208463,-39.2,324.93332600208464,-49.0
113.23779016081289,0.0,113.23779016081289,-9.8
113.23779016081289,-9.8,103.4377901608129,-19.6
103.4377901608129,-19.6,83.83779016081289,-29.400000000000002
83.83779016081289,-29.400000000000002,54.43779016081288,-39.2
54.43779016081288,-39.2,15.237790160812878,-49.0
286.14931940059836,0.0,286.14931940059836,-9.8
286.14931940059836,-9.8,276.34931940059835,-19.6
276.34931940059835,-19.6,256.7493194005983,-29.400000000000002
256.7493194005983,-29.400000000000002,227.34931940059832,-39.2
227.34931940059832,-39.2,188.1493194005983,-49.0
174.06074562568298,0.0,174.06074562568298,-9.8
174.06074562568298,-9.8,164.26074562568297,-19.6
164.26074562568297,-19.6,144.66074562568298,-29.400000000000002
144.66074562568298,-29.400000000000002,115.26074562568297,-39.2
115.26074562568297,-39.2,76.06074562568297,-49.0
367.91954062112313,0.0,367.91954062112313,-9.8
367.91954062112313,-9.8,358.1195406211231,-19.6
358.1195406211231,-19.6,338.5195406211231,-29.400000000000002
338.5195406211231,-29.400000000000002,309.1195406211231,-39.2
309.1195406211231,-39.2,269.91954062112313,-49.0
192.346737943018,0.0,192.346737943018,-9.8
192.346737943018,-9.8,182.546737943018,-19.6
182.546737943018,-19.6,162.946737943018,-29.400000000000002
162.946737943018,-29.400000000000002,133.546737943018,-39.2
133.546737943018,-39.2,94.346737943018,-49.0
51.22863099263085,0.0,51.22863099263085,-9.8
51.22863099263085,-9.8,41.42863099263084,-19.6
41.42863099263084,-19.6,21.828630992630842,-29.400000000000002
21.828630992630842,-29.400000000000002,-7.57136900736916,-39.2
368.3175936738564,0.0,368.3175936738564,-9.8
368.3175936738564,-9.8,358.51759367385637,-19.6
358.51759367385637,-19.6,338.91759367385635,-29.400000000000002
338.91759367385635,-29.400000000000002,309.51759367385637,-39.2
309.51759367385637,-39.2,270.3175936738564,-49.0
292.0494366723668,0.0,292.0494366723668,-9.8
292.0494366723668,-9.8,282.2494366723668,-19.6
282.2494366723668,-19.6,262.6494366723668,-29.400000000000002
262.6494366723668,-29.400000000000002,233.24943667236678,-39.2
233.24943667236678,-39.2,194.04943667236677,-49.0
492.43898250866755,0.0,492.43898250866755,-9.8
492.43898250866755,-9.8,482.63898250866754,-19.6
482.63898250866754,-19.6,463.0389825086675,-29.400000000000002
463.0389825086675,-29.400000000000002,433.63898250866754,-39.2
433.63898250866754,-39.2,394.43898250866755,-49.0
259.62213676232636,0.0,259.62213676232636,-9.8
259.62213676232636,-9.8,249.82213676232635,-19.6
249.82213676232635,-19.6,230.22213676232636,-29.400000000000002
230.22213676232636,-29.400000000000002,200.82213676232635,-39.2
200.82213676232635,-39.2,161.62213676232636,-49.0
379.3087622374696,0.0,379.3087622374696,-9.8
379.3087622374696,-9.8,369.50876223746957,-19.6
369.50876223746957,-19.6,349.90876223746955,-29.400000000000002
349.90876223746955,-29.400000000000002,320.50876223746957,-39.2
320.50876223746957,-39.2,281.3087622374696,-49.0
53.19376666429983,0.0,53.19376666429983,-9.8
53.19376666429983,-9.8,43.39376666429983,-19.6
43.39376666429983,-19.6,23.79376666429983,-29.400000000000002
23.79376666429983,-29.400000000000002,-5.606233335700171,-39.2
325.4976376922139,0.0,325.4976376922139,-9.8
325.4976376922139,-9.8,315.6976376922139,-19.6
315.6976376922139,-19.6,296.0976376922139,-29.400000000000002
296.0976376922139,-29.400000000000002,266.6976376922139,-39.2
266.6976376922139,-39.2,227.4976376922139,-49.0
236.6962591460972,0.0,236.6962591460972,-9.8
236.6962591460972,-9.8,226.89625914609718,-19.6
226.89625914609718,-19.6,207.29625914609719,-29.400000000000002
207.29625914609719,-29.400000000000002,177.89625914609718,-39.2
177.89625914609718,-39.2,138.6962591460972,-49.0
340.3187886665927,0.0,340.3187886665927,-9.8
340.3187886665927,-9.8,330.5187886665927,-19.6
330.5187886665927,-19.6,310.91878866659266,-29.400000000000002
310.91878866659266,-29.400000000000002,281.5187886665927,-39.2
281.5187886665927,-39.2,242.3187886665927,-49.0
193.94983331651918,0.0,193.94983331651918,-9.8
193.94983331651918,-9.8,184.14983331651916,-19.6
184.14983331651916,-19.6,164.54983331651917,-29.400000000000002
164.54983331651917,-29.400000000000002,135.14983331651916,-39.2
135.14983331651916,-39.2,95.94983331651916,-49.0
61.93471771260999,0.0,61.93471771260999,-9.8
61.93471771260999,-9.8,52.134717712609984,-19.6
52.134717712609984,-19.6,32.53471771260998,-29.400000000000002
32.53471771260998,-29.400000000000002,3.13471771260998,-39.2
3.13471771260998,-39.2,-36.06528228739002,-49.0
298.0680987360189,0.0,298.0680987360189,-9.8
298.0680987360189,-9.8,288.2680987360189,-19.6
288.2680987360189,-19.6,268.66809873601886,-29.400000000000002
268.66809873601886,-29.400000000000002,239.26809873601886,-39.2
239.26809873601886,-39.2,200.06809873601884,-49.0
424.58341507907784,0.0,424.58341507907784,-9.8
424.58341507907784,-9.8,414.7834150790778,-19.6
414.7834150790778,-19.6,395.1834150790778,-29.400000000000002
395.1834150790778,-29.400000000000002,365.7834150790778,-39.2
365.7834150790778,-39.2,326.58341507907784,-49.0
158.63900505589248,0.0,158.63900505589248,-9.8
158.63900505589248,-9.8,148.83900505589247,-19.6
148.83900505589247,-19.6,129.23900505589248,-29.400000000000002
129.23900505589248,-29.400000000000002,99.83900505589247,-39.2
99.83900505589247,-39.2,60.63900505589247,-49.0
388.9597004033277,0.0,388.9597004033277,-9.8
388.9597004033277,-9.8,379.1597004033277,-19.6
379.1597004033277,-19.6,359.55970040332767,-29.400000000000002
359.55970040332767,-29.400000000000002,330.1597004033277,-39.2
330.1597004033277,-39.2,290.9597004033277,-49.0
469.99266138936855,0.0,469.99266138936855,-9.8
469.99266138936855,-9.8,460.19266138936854,-19.6
460.19266138936854,-19.6,440.5926613893685,-29.400000000000002
440.5926613893685,-29.400000000000002,411.19266138936854,-39.2
411.19266138936854,-39.2,371.99266138936855,-49.0
105.6090122338301,0.0,105.6090122338301,-9.8
105.6090122338301,-9.8,95.8090122338301,-19.6
95.8090122338301,-19.6,76.2090122338301,-29.400000000000002
76.2090122338301,-29.400000000000002,46.80901223383009,-39.2
46.80901223383009,-39.2,7.609012233830086,-49.0
327.61466836857255,0.0,327.61466836857255,-9.8
327.61466836857255,-9.8,317.81466836857254,-19.6
317.81466836857254,-19.6,298.2146683685725,-29.400000000000002
298.2146683685725,-29.400000000000002,268.81466836857254,-39.2
268.81466836857254,-39.2,229.61466836857255,-49.0
178.7570193478018,0.0,178.7570193478018,-9.8
178.7570193478018,-9.8,168.95701934780178,-19.6
168.95701934780178,-19.6,149.35701934780178,-29.400000000000002
149.35701934780178,-29.400000000000002,119.95701934780178,-39.2
119.95701934780178,-39.2,80.75701934780177,-49.0
398.70626989843345,0.0,398.70626989843345,-9.8
398.70626989843345,-9.8,388.90626989843344,-19.6
388.90626989843344,-19.6,369.3062698984334,-29.400000000000002
369.3062698984334,-29.400000000000002,339.90626989843344,-39.2
339.90626989843344,-39.2,300.70626989843345,-49.0
318.40608211525574,0.0,318.40608211525574,-9.8
318.40608211525574,-9.8,308.60608211525573,-19.6
308.60608211525573,-19.6,289.0060821152557,-29.400000000000002
289.0060821152557,-29.400000000000002,259.60608211525573,-39.2
259.60608211525573,-39.2,220.40608211525574,-49.0
59.47969909457123,0.0,59.47969909457123,-9.8
59.47969909457123,-9.8,49.679699094571234,-19.6
49.679699094571234,-19.6,30.079699094571232,-29.400000000000002
30.079699094571232,-29.400000000000002,0.6796990945712302,-39.2
0.6796990945712302,-39.2,-38.52030090542877,-49.0
109.60029950352899,0.0,109.60029950352899,-9.8
109.60029950352899,-9.8,99.80029950352899,-19.6
99.80029950352899,-19.6,80.20029950352898,-29.400000000000002
80.20029950352898,-29.400000000000002,50.800299503528976,-39.2
50.800299503528976,-39.2,11.600299503528973,-49.0
247.85112580356872,0.0,247.85112580356872,-9.8
247.85112580356872,-9.8,238.0511258035687,-19.6
238.0511258035687,-19.6,218.45112580356871,-29.400000000000002
218.45112580356871,-29.400000000000002,189.0511258035687,-39.2
189.0511258035687,-39.2,149.85112580356872,-49.0
152.19361154477326,0.0,152.19361154477326,-9.8
152.19361154477326,-9.8,142.39361154477325,-19.6
142.39361154477325,-19.6,122.79361154477326,-29.400000000000002
122.79361154477326,-29.400000000000002,93.39361154477325,-39.2
93.39361154477325,-39.2,54.19361154477325,-49.0
355.3188249906391,0.0,355.3188249906391,-9.8
355.3188249906391,-9.8,345.5188249906391,-19.6
345.5188249906391,-19.6,325.91882499063905,-29.400000000000002
325.91882499063905,-29.400000000000002,296.5188249906391,-39.2
296.5188249906391,-39.2,257.3188249906391,-49.0
466.2824174064999,0.0,466.2824174064999,-9.8
466.2824174064999,-9.8,456.4824174064999,-19.6
456.4824174064999,-19.6,436.8824174064999,-29.400000000000002
436.8824174064999,-29.400000000000002,407.4824174064999,-39.2
407.4824174064999,-39.2,368.2824174064999,-49.0
196.59507958606693,0.0,196.59507958606693,-9.8
196.59507958606693,-9.8,186.79507958606692,-19.6
186.79507958606692,-19.6,167.19507958606692,-29.400000000000002
167.19507958606692,-29.400000000000002,137.79507958606692,-39.2
137.79507958606692,-39.2,98.59507958606692,-49.0
480.32910760934766,0.0,480.32910760934766,-9.8
480.32910760934766,-9.8,470.52910760934765,-19.6
470.52910760934765,-19.6,450.9291076093476,-29.400000000000002
450.9291076093476,-29.400000000000002,421.52910760934765,-39.2
421.52910760934765,-39.2,382.32910760934766,-49.0
231.73967204274277,0.0,231.73967204274277,-9.8
231.73967204274277,-9.8,221.93967204274276,-19.6
221.93967204274276,-19.6,202.33967204274276,-29.400000000000002
202.33967204274276,-29.400000000000002,172.93967204274276,-39.2
172.93967204274276,-39.2,133.73967204274277,-49.0
81.89839442344574,0.0,81.89839442344574,-9.8
81.89839442344574,-9.8,72.09839442344574,-19.6
72.09839442344574,-19.6,52.49839442344574,-29.400000000000002
52.49839442344574,-29.400000000000002,23.098394423445736,-39.2
23.098394423445736,-39.2,-16.101605576554267,-49.0
184.78374223883048,0.0,184.78374223883048,-9.8
184.78374223883048,-9.8,174.98374223883047,-19.6
174.98374223883047,-19.6,155.38374223883048,-29.400000000000002
155.38374223883048,-29.400000000000002,125.98374223883047,-39.2
125.98374223883047,-39.2,86.78374223883047,-49.0
399.5094555727405,0.0,399.5094555727405,-9.8
399.5094555727405,-9.8,389.70945557274047,-19.6
389.70945557274047,-19.6,370.10945557274044,-29.400000000000002
370.10945557274044,-29.400000000000002,340.70945557274047,-39.2
340.70945557274047,-39.2,301.5094555727405,-49.0
188.48463311712084,0.0,188.48463311712084,-9.8
188.48463311712084,-9.8,178.68463311712082,-19.6
178.68463311712082,-19.6,159.08463311712083,-29.400000000000002
159.08463311712083,-29.400000000000002,129.68463311712082,-39.2
129.68463311712082,-39.2,90.48463311712082,-49.0
196.25866102481672,0.0,196.25866102481672,-9.8
196.25866102481672,-9.8,186.4586610248167,-19.6
186.4586610248167,-19.6,166.8586610248167,-29.400000000000002
166.8586610248167,-29.400000000000002,137.4586610248167,-39.2
137.4586610248167,-39.2,98.2586610248167,-49.0
346.57554493589276,0.0,346.57554493589276,-9.8
346.57554493589276,-9.8,336.77554493589275,-19.6
336.77554493589275,-19.6,317.17554493589273,-29.400000000000002
317.17554493589273,-29.400000000000002,287.77554493589275,-39.2
287.77554493589275,-39.2,248.57554493589276,-49.0
394.0375856041705,0.0,394.0375856041705,-9.8
394.0375856041705,-9.8,384.2375856041705,-19.6
384.2375856041705,-19.6,364.63758560417045,-29.400000000000002
364.63758560417045,-29.400000000000002,335.2375856041705,-39.2
335.2375856041705,-39.2,296.0375856041705,-49.0
133.41651859921882,0.0,133.41651859921882,-9.8
133.41651859921882,-9.8,123.61651859921882,-19.6
123.61651859921882,-19.6,104.01651859921881,-29.400000000000002
104.01651859921881,-29.400000000000002,74.61651859921881,-39.2
74.61651859921881,-39.2,35.416518599218804,-49.0
220.22631342682763,0.0,220.22631342682763,-9.8
220.22631342682763,-9.8,210.42631342682762,-19.6
210.42631342682762,-19.6,190.82631342682762,-29.400000000000002
190.82631342682762,-29.400000000000002,161.42631342682762,-39.2
161.42631342682762,-39.2,122.22631342682762,-49.0
99.0888219025145,0.0,99.0888219025145,-9.8
99.0888219025145,-9.8,89.2888219025145,-19.6
89.2888219025145,-19.6,69.68882190251449,-29.400000000000002
69.68882190251449,-29.400000000000002,40.288821902514485,-39.2
40.288821902514485,-39.2,1.088821902514482,-49.0
338.8739712076112,0.0,338.8739712076112,-9.8
338.8739712076112,-9.8,329.0739712076112,-19.6
329.0739712076112,-19.6,309.47397120761116,-29.400000000000002
309.47397120761116,-29.400000000000002,280.0739712076112,-39.2
280.0739712076112,-39.2,240.8739712076112,-49.0
114.06234031481965,0.0,114.06234031481965,-9.8
114.06234031481965,-9.8,104.26234031481965,-19.6
104.26234031481965,-19.6,84.66234031481966,-29.400000000000002
84.66234031481966,-29.400000000000002,55.26234031481965,-39.2
55.26234031481965,-39.2,16.06234031481965,-49.0
207.23750105577292,0.0,207.23750105577292,-9.8
207.23750105577292,-9.8,197.4375010557729,-19.6
197.4375010557729,-19.6,177.83750105577292,-29.400000000000002
177.83750105577292,-29.400000000000002,148.4375010557729,-39.2
148.4375010557729,-39.2,109.23750105577291,-49.0
90.33254990347578,0.0,90.33254990347578,-9.8
90.33254990347578,-9.8,80.53254990347578,-19.6
80.53254990347578,-19.6,60.93254990347578,-29.400000000000002
60.93254990347578,-29.400000000000002,31.53254990347578,-39.2
31.53254990347578,-39.2,-7.667450096524224,-49.0
197.39533663280338,0.0,197.39533663280338,-9.8
197.39533663280338,-9.8,187.59533663280337,-19.6
187.59533663280337,-19.6,167.99533663280337,-29.400000000000002
167.99533663280337,-29.400000000000002,138.59533663280337,-39.2
138.59533663280337,-39.2,99.39533663280336,-49.0
408.8989320598074,0.0,408.8989320598074,-9.8
408.8989320598074,-9.8,399.0989320598074,-19.6
399.0989320598074,-19.6,379.4989320598074,-29.400000000000002
379.4989320598074,-29.400000000000002,350.0989320598074,-39.2
350.0989320598074,-39.2,310.8989320598074,-49.0
227.33576068493707,0.0,227.33576068493707,-9.8
227.33576068493707,-9.8,217.53576068493706,-19.6
217.53576068493706,-19.6,197.93576068493707,-29.400000000000002
197.93576068493707,-29.400000000000002,168.53576068493706,-39.2
168.53576068493706,-39.2,129.33576068493704,-49.0
306.42642862055703,0.0,306.42642862055703,-9.8
306.42642862055703,-9.8,296.626428620557,-19.6
296.626428620557,-19.6,277.026428620557,-29.400000000000002
277.026428620557,-29.400000000000002,247.626428620557,-39.2
247.626428620557,-39.2,208.42642862055698,-49.0
276.31447495278303,0.0,276.31447495278303,-9.8
276.31447495278303,-9.8,266.514474952783,-19.6
266.514474952783,-19.6,246.91447495278302,-29.400000000000002
246.91447495278302,-29.400000000000002,217.51447495278302,-39.2
217.51447495278302,-39.2,178.31447495278303,-49.0
474.5486666333319,0.0,474.5486666333319,-9.8
474.5486666333319,-9.8,464.7486666333319,-19.6
464.7486666333319,-19.6,445.14866663333186,-29.400000000000002
445.14866663333186,-29.400000000000002,415.7486666333319,-39.2
415.7486666333319,-39.2,376.5486666333319,-49.0
126.84032573990184,0.0,126.84032573990184,-9.8
126.84032573990184,-9.8,117.04032573990185,-19.6
117.04032573990185,-19.6,97.44032573990185,-29.400000000000002
97.44032573990185,-29.400000000000002,68.04032573990185,-39.2
68.04032573990185,-39.2,28.840325739901843,-49.0
398.44362534731385,0.0,398.44362534731385,-9.8
398.44362534731385,-9.8,388.64362534731384,-19.6
388.64362534731384,-19.6,369.0436253473138,-29.400000000000002
369.0436253473138,-29.400000000000002,339.64362534731384,-39.2
339.64362534731384,-39.2,300.44362534731385,-49.0
164.74915130645766,0.0,164.74915130645766,-9.8
164.74915130645766,-9.8,154.94915130645765,-19.6
154.94915130645765,-19.6,135.34915130645766,-29.400000000000002
135.34915130645766,-29.400000000000002,105.94915130645765,-39.2
105.94915130645765,-39.2,66.74915130645765,-49.0
421.21499997076745,0.0,421.21499997076745,-9.8
421.21499997076745,-9.8,411.41499997076744,-19.6
411.41499997076744,-19.6,391.8149999707674,-29.400000000000002
391.8149999707674,-29.400000000000002,362.41499997076744,-39.2
362.41499997076744,-39.2,323.21499997076745,-49.0
369.24944732839043,0.0,369.24944732839043,-9.8
369.24944732839043,-9.8,359.4494473283904,-19.6
359.4494473283904,-19.6,339.8494473283904,-29.400000000000002
339.8494473283904,-29.400000000000002,310.4494473283904,-39.2
310.4494473283904,-39.2,271.24944732839043,-49.0
143.70599495265094,0.0,143.70599495265094,-9.8
143.70599495265094,-9.8,133.90599495265093,-19.6
133.90599495265093,-19.6,114.30599495265093,-29.400000000000002
114.30599495265093,-29.400000000000002,84.90599495265093,-39.2
84.90599495265093,-39.2,45.705994952650926,-49.0
354.1561279906738,0.0,354.1561279906738,-9.8
354.1561279906738,-9.8,344.35612799067377,-19.6
344.35612799067377,-19.6,324.75612799067375,-29.400000000000002
324.75612799067375,-29.400000000000002,295.35612799067377,-39.2
295.35612799067377,-39.2,256.1561279906738,-49.0
54.76060482784192,0.0,54.76060482784192,-9.8
54.76060482784192,-9.8,44.96060482784192,-19.6
44.96060482784192,-19.6,25.360604827841918,-29.400000000000002
25.360604827841918,-29.400000000000002,-4.039395172158084,-39.2
368.9744947290067,0.0,368.9744947290067,-9.8
368.9744947290067,-9.8,359.1744947290067,-19.6
359.1744947290067,-19.6,339.5744947290067,-29.400000000000002
339.5744947290067,-29.400000000000002,310.1744947290067,-39.2
310.1744947290067,-39.2,270.9744947290067,-49.0
488.2068256653734,0.0,488.2068256653734,-9.8
488.2068256653734,-9.8,478.4068256653734,-19.6
478.4068256653734,-19.6,458.80682566537337,-29.400000000000002
458.80682566537337,-29.400000000000002,429.4068256653734,-39.2
429.4068256653734,-39.2,390.2068256653734,-49.0
55.37496346432186,0.0,55.37496346432186,-9.8
55.37496346432186,-9.8,45.574963464321854,-19.6
45.574963464321854,-19.6,25.974963464321853,-29.400000000000002
25.974963464321853,-29.400000000000002,-3.4250365356781494,-39.2
182.0530671343506,0.0,182.0530671343506,-9.8
182.0530671343506,-9.8,172.2530671343506,-19.6
172.2530671343506,-19.6,152.6530671343506,-29.400000000000002
152.6530671343506,-29.400000000000002,123.2530671343506,-39.2
123.2530671343506,-39.2,84.0530671343506,-49.0
406.7232304069404,0.0,406.7232304069404,-9.8
406.7232304069404,-9.8,396.9232304069404,-19.6
396.9232304069404,-19.6,377.32323040694035,-29.400000000000002
377.32323040694035,-29.400000000000002,347.9232304069404,-39.2
347.9232304069404,-39.2,308.7232304069404,-49.0
316.25270060527873,0.0,316.25270060527873,-9.8
316.25270060527873,-9.8,306.4527006052787,-19.6
306.4527006052787,-19.6,286.8527006052787,-29.400000000000002
286.8527006052787,-29.400000000000002,257.4527006052787,-39.2
257.4527006052787,-39.2,218.25270060527873,-49.0
148.8471117212394,0.0,148.8471117212394,-9.8
148.8471117212394,-9.8,139.0471117212394,-19.6
139.0471117212394,-19.6,119.4471117212394,-29.400000000000002
119.4471117212394,-29.400000000000002,90.04711172123939,-39.2
90.04711172123939,-39.2,50.847111721239386,-49.0
242.8987397093446,0.0,242.8987397093446,-9.8
242.8987397093446,-9.8,233.09873970934458,-19.6
233.09873970934458,-19.6,213.4987397093446,-29.400000000000002
213.4987397093446,-29.400000000000002,184.09873970934458,-39.2
184.09873970934458,-39.2,144.89873970934457,-49.0
349.43121464371717,0.0,349.43121464371717,-9.8
349.43121464371717,-9.8,339.63121464371716,-19.6
339.63121464371716,-19.6,320.03121464371714,-29.400000000000002
320.03121464371714,-29.400000000000002,290.63121464371716,-39.2
290.63121464371716,-39.2,251.43121464371717,-49.0
448.1673834467467,0.0,448.1673834467467,-9.8
448.1673834467467,-9.8,438.3673834467467,-19.6
438.3673834467467,-19.6,418.7673834467467,-29.400000000000002
418.7673834467467,-29.400000000000002,389.3673834467467,-39.2
389.3673834467467,-39.2,350.1673834467467,-49.0
193.169768781718,0.0,193.169768781718,-9.8
193.169768781718,-9.8,183.369768781718,-19.6
183.369768781718,-19.6,163.769768781718,-29.400000000000002
163.769768781718,-29.400000000000002,134.369768781718,-39.2
134.369768781718,-39.2,95.16976878171799,-49.0
374.427413677098,0.0,374.427413677098,-9.8
374.427413677098,-9.8,364.627413677098,-19.6
364.627413677098,-19.6,345.02741367709797,-29.400000000000002
345.02741367709797,-29.400000000000002,315.627413677098,-39.2
315.627413677098,-39.2,276.427413677098,-49.0
251.18564101645657,0.0,251.18564101645657,-9.8
251.18564101645657,-9.8,241.38564101645656,-19.6
241.38564101645656,-19.6,221.78564101645657,-29.400000000000002
221.78564101645657,-29.400000000000002,192.38564101645656,-39.2
192.38564101645656,-39.2,153.18564101645654,-49.0
277.9122066026564,0.0,277.9122066026564,-9.8
277.9122066026564,-9.8,268.1122066026564,-19.6
268.1122066026564,-19.6,248.5122066026564,-29.400000000000002
248.5122066026564,-29.400000000000002,219.11220660265639,-39.2
219.11220660265639,-39.2,179.9122066026564,-49.0
242.59884381214093,0.0,242.59884381214093,-9.8
242.59884381214093,-9.8,232.79884381214092,-19.6
232.79884381214092,-19.6,213.19884381214092,-29.400000000000002
213.19884381214092,-29.400000000000002,183.79884381214092,-39.2
183.79884381214092,-39.2,144.5988438121409,-49.0
191.93806988459977,0.0,191.93806988459977,-9.8
191.93806988459977,-9.8,182.13806988459976,-19.6
182.13806988459976,-19.6,162.53806988459976,-29.400000000000002
162.53806988459976,-29.400000000000002,133.13806988459976,-39.2
133.13806988459976,-39.2,93.93806988459976,-49.0
146.09165675139033,0.0,146.09165675139033,-9.8
146.09165675139033,-9.8,136.29165675139032,-19.6
136.29165675139032,-19.6,116.69165675139033,-29.400000000000002
116.69165675139033,-29.400000000000002,87.29165675139032,-39.2
87.29165675139032,-39.2,48.09165675139032,-49.0
73.8833355702845,0.0,73.8833355702845,-9.8
73.8833355702845,-9.8,64.0833355702845,-19.6
64.0833355702845,-19.6,44.4833355702845,-29.400000000000002
44.4833355702845,-29.400000000000002,15.0833355702845,-39.2
15.0833355702845,-39.2,-24.116664429715502,-49.0
422.5525606493469,0.0,422.5525606493469,-9.8
422.5525606493469,-9.8,412.7525606493469,-19.6
412.7525606493469,-19.6,393.15256064934687,-29.400000000000002
393.15256064934687,-29.400000000000002,363.7525606493469,-39.2
363.7525606493469,-39.2,324.5525606493469,-49.0
427.6558175134499,0.0,427.6558175134499,-9.8
427.6558175134499,-9.8,417.8558175134499,-19.6
417.8558175134499,-19.6,398.25581751344987,-29.400000000000002
398.25581751344987,-29.400000000000002,368.8558175134499,-39.2
368.8558175134499,-39.2,329.6558175134499,-49.0
257.7588234659826,0.0,257.7588234659826,-9.8
257.7588234659826,-9.8,247.95882346598256,-19.6
247.95882346598256,-19.6,228.35882346598257,-29.400000000000002
228.35882346598257,-29.400000000000002,198.95882346598256,-39.2
198.95882346598256,-39.2,159.75882346598257,-49.0
428.28284302351545,0.0,428.28284302351545,-9.8
428.28284302351545,-9.8,418.48284302351544,-19.6
418.48284302351544,-19.6,398.8828430235154,-29.400000000000002
398.8828430235154,-29.400000000000002,369.48284302351544,-39.2
369.48284302351544,-39.2,330.28284302351545,-49.0
285.3190310052888,0.0,285.3190310052888,-9.8
285.3190310052888,-9.8,275.5190310052888,-19.6
275.5190310052888,-19.6,255.91903100528882,-29.400000000000002
255.91903100528882,-29.400000000000002,226.5190310052888,-39.2
226.5190310052888,-39.2,187.31903100528882,-49.0
76.17967193462692,0.0,76.17967193462692,-9.8
76.17967193462692,-9.8,66.37967193462693,-19.6
66.37967193462693,-19.6,46.779671934626926,-29.400000000000002
46.779671934626926,-29.400000000000002,17.379671934626924,-39.2
17.379671934626924,-39.2,-21.82032806537308,-49.0
79.84552368730189,0.0,79.84552368730189,-9.8
79.84552368730189,-9.8,70.0455236873019,-19.6
70.0455236873019,-19.6,50.44552368730189,-29.400000000000002
50.44552368730189,-29.400000000000002,21.04552368730189,-39.2
21.04552368730189,-39.2,-18.15447631269811,-49.0
386.12011524684436,0.0,386.12011524684436,-9.8
386.12011524684436,-9.8,376.32011524684435,-19.6
376.32011524684435,-19.6,356.72011524684433,-29.400000000000002
356.72011524684433,-29.400000000000002,327.32011524684435,-39.2
327.32011524684435,-39.2,288.12011524684436,-49.0
459.889927031483,0.0,459.889927031483,-9.8
459.889927031483,-9.8,450.089927031483,-19.6
450.089927031483,-19.6,430.489927031483,-29.400000000000002
430.489927031483,-29.400000000000002,401.089927031483,-39.2
401.089927031483,-39.2,361.889927031483,-49.0
411.6637018460085,0.0,411.6637018460085,-9.8
411.6637018460085,-9.8,401.8637018460085,-19.6
401.8637018460085,-19.6,382.2637018460085,-29.400000000000002
382.2637018460085,-29.400000000000002,352.8637018460085,-39.2
352.8637018460085,-39.2,313.6637018460085,-49.0
135.33759064743458,0.0,135.33759064743458,-9.8
135.33759064743458,-9.8,125.53759064743458,-19.6
125.53759064743458,-19.6,105.93759064743458,-29.400000000000002
105.93759064743458,-29.400000000000002,76.53759064743457,-39.2
76.53759064743457,-39.2,37.33759064743457,-49.0
390.46249987879963,0.0,390.46249987879963,-9.8
390.46249987879963,-9.8,380.6624998787996,-19.6
380.6624998787996,-19.6,361.0624998787996,-29.400000000000002
361.0624998787996,-29.400000000000002,331.6624998787996,-39.2
331.6624998787996,-39.2,292.46249987879963,-49.0
94.38273373016091,0.0,94.38273373016091,-9.8
94.38273373016091,-9.8,84.58273373016091,-19.6
84.58273373016091,-19.6,64.9827337301609,-29.400000000000002
64.9827337301609,-29.400000000000002,35.582733730160896,-39.2
35.582733730160896,-39.2,-3.6172662698391065,-49.0
361.1896182175122,0.0,361.1896182175122,-9.8
361.1896182175122,-9.8,351.3896182175122,-19.6
351.3896182175122,-19.6,331.78961821751216,-29.400000000000002
331.78961821751216,-29.400000000000002,302.3896182175122,-39.2
302.3896182175122,-39.2,263.1896182175122,-49.0
277.5824993149209,0.0,277.5824993149209,-9.8
277.5824993149209,-9.8,267.78249931492087,-19.6
267.78249931492087,-19.6,248.18249931492088,-29.400000000000002
248.18249931492088,-29.400000000000002,218.78249931492087,-39.2
218.78249931492087,-39.2,179.58249931492088,-49.0
450.0336648190118,0.0,450.0336648190118,-9.8
450.0336648190118,-9.8,440.2336648190118,-19.6
440.2336648190118,-19.6,420.63366481901176,-29.400000000000002
420.63366481901176,-29.400000000000002,391.2336648190118,-39.2
391.2336648190118,-39.2,352.0336648190118,-49.0
478.0754666140667,0.0,478.0754666140667,-9.8
478.0754666140667,-9.8,468.2754666140667,-19.6
468.2754666140667,-19.6,448.6754666140667,-29.400000000000002
448.6754666140667,-29.400000000000002,419.2754666140667,-39.2
419.2754666140667,-39.2,380.0754666140667,-49.0
132.55458338880678,0.0,132.55458338880678,-9.8
132.55458338880678,-9.8,122.75458338880678,-19.6
122.75458338880678,-19.6,103.15458338880677,-29.400000000000002
103.15458338880677,-29.400000000000002,73.75458338880676,-39.2
73.75458338880676,-39.2,34.55458338880676,-49.0
128.5789850438067,0.0,128.5789850438067,-9.8
128.5789850438067,-9.8,118.77898504380671,-19.6
118.77898504380671,-19.6,99.1789850438067,-29.400000000000002
99.1789850438067,-29.400000000000002,69.7789850438067,-39.2
69.7789850438067,-39.2,30.578985043806696,-49.0
238.33318093257046,0.0,238.33318093257046,-9.8
238.33318093257046,-9.8,228.53318093257045,-19.6
228.53318093257045,-19.6,208.93318093257045,-29.400000000000002
208.93318093257045,-29.400000000000002,179.53318093257045,-39.2
179.53318093257045,-39.2,140.33318093257043,-49.0
181.5581940284604,0.0,181.5581940284604,-9.8
181.5581940284604,-9.8,171.7581940284604,-19.6
171.7581940284604,-19.6,152.1581940284604,-29.400000000000002
152.1581940284604,-29.400000000000002,122.7581940284604,-39.2
122.7581940284604,-39.2,83.55819402846039,-49.0
222.91120103556906,0.0,222.91120103556906,-9.8
222.91120103556906,-9.8,213.11120103556905,-19.6
213.11120103556905,-19.6,193.51120103556906,-29.400000000000002
193.51120103556906,-29.400000000000002,164.11120103556905,-39.2
164.11120103556905,-39.2,124.91120103556905,-49.0
402.1821430851977,0.0,402.1821430851977,-9.8
402.1821430851977,-9.8,392.3821430851977,-19.6
392.3821430851977,-19.6,372.7821430851977,-29.400000000000002
372.7821430851977,-29.400000000000002,343.3821430851977,-39.2
343.3821430851977,-39.2,304.1821430851977,-49.0
388.3103233671021,0.0,388.3103233671021,-9.8
388.3103233671021,-9.8,378.5103233671021,-19.6
378.5103233671021,-19.6,358.9103233671021,-29.400000000000002
358.9103233671021,-29.400000000000002,329.5103233671021,-39.2
329.5103233671021,-39.2,290.3103233671021,-49.0
328.7025042699489,0.0,328.7025042699489,-9.8
328.7025042699489,-9.8,318.9025042699489,-19.6
318.9025042699489,-19.6,299.3025042699489,-29.400000000000002
299.3025042699489,-29.400000000000002,269.9025042699489,-39.2
269.9025042699489,-39.2,230.70250426994892,-49.0
112.0377699206235,0.0,112.0377699206235,-9.8
112.0377699206235,-9.8,102.2377699206235,-19.6
102.2377699206235,-19.6,82.6377699206235,-29.400000000000002
82.6377699206235,-29.400000000000002,53.23776992062349,-39.2
53.23776992062349,-39.2,14.03776992062349,-49.0
376.9497836284514,0.0,376.9497836284514,-9.8
376.9497836284514,-9.8,367.1497836284514,-19.6
367.1497836284514,-19.6,347.5497836284514,-29.400000000000002
347.5497836284514,-29.400000000000002,318.1497836284514,-39.2
318.1497836284514,-39.2,278.9497836284514,-49.0
462.72963223803305,0.0,462.72963223803305,-9.8
462.72963223803305,-9.8,452.92963223803304,-19.6
452.92963223803304,-19.6,433.329632238033,-29.400000000000002
433.329632238033,-29.400000000000002,403.92963223803304,-39.2
403.92963223803304,-39.2,364.72963223803305,-49.0
373.4815062706383,0.0,373.4815062706383,-9.8
373.4815062706383,-9.8,363.6815062706383,-19.6
363.6815062706383,-19.6,344.0815062706383,-29.400000000000002
344.0815062706383,-29.400000000000002,314.6815062706383,-39.2
314.6815062706383,-39.2,275.4815062706383,-49.0
326.46581657228296,0.0,326.46581657228296,-9.8
326.46581657228296,-9.8,316.66581657228295,-19.6
316.66581657228295,-19.6,297.0658165722829,-29.400000000000002
297.0658165722829,-29.400000000000002,267.66581657228295,-39.2
267.66581657228295,-39.2,228.46581657228296,-49.0
218.25815752669382,0.0,218.25815752669382,-9.8
218.25815752669382,-9.8,208.4581575266938,-19.6
208.4581575266938,-19.6,188.85815752669382,-29.400000000000002
188.85815752669382,-29.400000000000002,159.4581575266938,-39.2
159.4581575266938,-39.2,120.25815752669381,-49.0
176.84093198652374,0.0,176.84093198652374,-9.8
176.84093198652374,-9.8,167.04093198652373,-19.6
167.04093198652373,-19.6,147.44093198652374,-29.400000000000002
147.44093198652374,-29.400000000000002,118.04093198652373,-39.2
118.04093198652373,-39.2,78.84093198652373,-49.0
226.57876630175957,0.0,226.57876630175957,-9.8
226.57876630175957,-9.8,216.77876630175956,-19.6
216.77876630175956,-19.6,197.17876630175957,-29.400000000000002
197.17876630175957,-29.400000000000002,167.77876630175956,-39.2
167.77876630175956,-39.2,128.57876630175957,-49.0
369.33349465958906,0.0,369.33349465958906,-9.8
369.33349465958906,-9.8,359.53349465958905,-19.6
359.53349465958905,-19.6,339.93349465958903,-29.400000000000002
339.93349465958903,-29.400000000000002,310.53349465958905,-39.2
310.53349465958905,-39.2,271.33349465958906,-49.0
364.11523791825323,0.0,364.11523791825323,-9.8
364.11523791825323,-9.8,354.3152379182532,-19.6
354.3152379182532,-19.6,334.7152379182532,-29.400000000000002
334.7152379182532,-29.400000000000002,305.3152379182532,-39.2
305.3152379182532,-39.2,266.11523791825323,-49.0
140.8830304420507,0.0,140.8830304420507,-9.8
140.8830304420507,-9.8,131.0830304420507,-19.6
131.0830304420507,-19.6,111.4830304420507,-29.400000000000002
111.4830304420507,-29.400000000000002,82.0830304420507,-39.2
82.0830304420507,-39.2,42.883030442050696,-49.0
386.6262129614483,0.0,386.6262129614483,-9.8
386.6262129614483,-9.8,376.8262129614483,-19.6
376.8262129614483,-19.6,357.22621296144825,-29.400000000000002
357.22621296144825,-29.400000000000002,327.8262129614483,-39.2
327.8262129614483,-39.2,288.6262129614483,-49.0
74.85787875191271,0.0,74.85787875191271,-9.8
74.85787875191271,-9.8,65.05787875191271,-19.6
65.05787875191271,-19.6,45.45787875191271,-29.400000000000002
45.45787875191271,-29.400000000000002,16.057878751912707,-39.2
16.057878751912707,-39.2,-23.142121248087296,-49.0
96.01450700301072,0.0,96.01450700301072,-9.8
96.01450700301072,-9.8,86.21450700301072,-19.6
86.21450700301072,-19.6,66.61450700301071,-29.400000000000002
66.61450700301071,-29.400000000000002,37.21450700301071,-39.2
37.21450700301071,-39.2,-1.9854929969892936,-49.0
188.24594162079333,0.0,188.24594162079333,-9.8
188.24594162079333,-9.8,178.44594162079332,-19.6
178.44594162079332,-19.6,158.84594162079333,-29.400000000000002
158.84594162079333,-29.400000000000002,129.44594162079332,-39.2
129.44594162079332,-39.2,90.24594162079332,-49.0
181.1749933122898,0.0,181.1749933122898,-9.8
181.1749933122898,-9.8,171.3749933122898,-19.6
171.3749933122898,-19.6,151.7749933122898,-29.400000000000002
151.7749933122898,-29.400000000000002,122.3749933122898,-39.2
122.3749933122898,-39.2,83.1749933122898,-49.0
424.81591834050107,0.0,424.81591834050107,-9.8
424.81591834050107,-9.8,415.01591834050106,-19.6
415.01591834050106,-19.6,395.41591834050104,-29.400000000000002
395.41591834050104,-29.400000000000002,366.01591834050106,-39.2
366.01591834050106,-39.2,326.81591834050107,-49.0
162.392632601781,0.0,162.392632601781,-9.8
162.392632601781,-9.8,152.592632601781,-19.6
152.592632601781,-19.6,132.992632601781,-29.400000000000002
132.992632601781,-29.400000000000002,103.59263260178099,-39.2
103.59263260178099,-39.2,64.39263260178099,-49.0
449.01574314643113,0.0,449.01574314643113,-9.8
449.01574314643113,-9.8,439.2157431464311,-19.6
439.2157431464311,-19.6,419.6157431464311,-29.400000000000002
419.6157431464311,-29.400000000000002,390.2157431464311,-39.2
390.2157431464311,-39.2,351.01574314643113,-49.0
337.2191490791876,0.0,337.2191490791876,-9.8
337.2191490791876,-9.8,327.4191490791876,-19.6
327.4191490791876,-19.6,307.8191490791876,-29.400000000000002
307.8191490791876,-29.400000000000002,278.4191490791876,-39.2
278.4191490791876,-39.2,239.21914907918762,-49.0
58.510977823197805,0.0,58.510977823197805,-9.8
58.510977823197805,-9.8,48.71097782319781,-19.6
48.71097782319781,-19.6,29.110977823197807,-29.400000000000002
29.110977823197807,-29.400000000000002,-0.2890221768021952,-39.2
238.10567343475077,0.0,238.10567343475077,-9.8
238.10567343475077,-9.8,228.30567343475076,-19.6
228.30567343475076,-19.6,208.70567343475076,-29.400000000000002
208.70567343475076,-29.400000000000002,179.30567343475076,-39.2
179.30567343475076,-39.2,140.10567343475077,-49.0
231.84913965504686,0.0,231.84913965504686,-9.8
231.84913965504686,-9.8,222.04913965504684,-19.6
222.04913965504684,-19.6,202.44913965504685,-29.400000000000002
202.44913965504685,-29.400000000000002,173.04913965504684,-39.2
173.04913965504684,-39.2,133.84913965504683,-49.0
114.29761603246546,0.0,114.29761603246546,-9.8
114.29761603246546,-9.8,104.49761603246546,-19.6
104.49761603246546,-19.6,84.89761603246546,-29.400000000000002
84.89761603246546,-29.400000000000002,55.49761603246546,-39.2
55.49761603246546,-39.2,16.297616032465456,-49.0
336.80830698739175,0.0,336.80830698739175,-9.8
336.80830698739175,-9.8,327.00830698739173,-19.6
327.00830698739173,-19.6,307.4083069873917,-29.400000000000002
307.4083069873917,-29.400000000000002,278.00830698739173,-39.2
278.00830698739173,-39.2,238.80830698739175,-49.0
72.24153036835855,0.0,72.24153036835855,-9.8
72.24153036835855,-9.8,62.441530368358556,-19.6
62.441530368358556,-19.6,42.841530368358555,-29.400000000000002
42.841530368358555,-29.400000000000002,13.441530368358553,-39.2
13.441530368358553,-39.2,-25.75846963164145,-49.0
61.59315441191016,0.0,61.59315441191016,-9.8
61.59315441191016,-9.8,51.793154411910166,-19.6
51.793154411910166,-19.6,32.193154411910164,-29.400000000000002
32.193154411910164,-29.400000000000002,2.7931544119101623,-39.2
2.7931544119101623,-39.2,-36.40684558808984,-49.0
452.7380007770374,0.0,452.7380007770374,-9.8
452.7380007770374,-9.8,442.9380007770374,-19.6
442.9380007770374,-19.6,423.3380007770374,-29.400000000000002
423.3380007770374,-29.400000000000002,393.9380007770374,-39.2
393.9380007770374,-39.2,354.7380007770374,-49.0
305.59518181494076,0.0,305.59518181494076,-9.8
305.59518181494076,-9.8,295.79518181494075,-19.6
295.79518181494075,-19.6,276.1951818149407,-29.400000000000002
276.1951818149407,-29.400000000000002,246.79518181494072,-39.2
246.79518181494072,-39.2,207.5951818149407,-49.0
371.09093711542005,0.0,371.09093711542005,-9.8
371.09093711542005,-9.8,361.29093711542004,-19.6
361.29093711542004,-19.6,341.69093711542,-29.400000000000002
341.69093711542,-29.400000000000002,312.29093711542004,-39.2
312.29093711542004,-39.2,273.09093711542005,-49.0
481.04139455486484,0.0,481.04139455486484,-9.8
481.04139455486484,-9.8,471.2413945548648,-19.6
471.2413945548648,-19.6,451.6413945548648,-29.400000000000002
451.6413945548648,-29.400000000000002,422.2413945548648,-39.2
422.2413945548648,-39.2,383.04139455486484,-49.0
153.1117824504127,0.0,153.1117824504127,-9.8
153.1117824504127,-9.8,143.3117824504127,-19.6
143.3117824504127,-19.6,123.7117824504127,-29.400000000000002
123.7117824504127,-29.400000000000002,94.3117824504127,-39.2
94.3117824504127,-39.2,55.11178245041269,-49.0
186.3579919232541,0.0,186.3579919232541,-9.8
186.3579919232541,-9.8,176.5579919232541,-19.6
176.5579919232541,-19.6,156.9579919232541,-29.400000000000002
156.9579919232541,-29.400000000000002,127.5579919232541,-39.2
127.5579919232541,-39.2,88.35799192325409,-49.0
460.07665449722776,0.0,460.07665449722776,-9.8
460.07665449722776,-9.8,450.27665449722775,-19.6
450.27665449722775,-19.6,430.67665449722773,-29.400000000000002
430.67665449722773,-29.400000000000002,401.27665449722775,-39.2
401.27665449722775,-39.2,362.07665449722776,-49.0
314.6500055012886,0.0,314.6500055012886,-9.8
314.6500055012886,-9.8,304.8500055012886,-19.6
304.8500055012886,-19.6,285.25000550128857,-29.400000000000002
285.25000550128857,-29.400000000000002,255.85000550128856,-39.2
255.85000550128856,-39.2,216.65000550128855,-49.0
319.0009099340624,0.0,319.0009099340624,-9.8
319.0009099340624,-9.8,309.2009099340624,-19.6
309.2009099340624,-19.6,289.6009099340624,-29.400000000000002
289.6009099340624,-29.400000000000002,260.2009099340624,-39.2
260.2009099340624,-39.2,221.0009099340624,-49.0
467.29819762462563,0.0,467.29819762462563,-9.8
467.29819762462563,-9.8,457.4981976246256,-19.6
457.4981976246256,-19.6,437.8981976246256,-29.400000000000002
437.8981976246256,-29.400000000000002,408.4981976246256,-39.2
408.4981976246256,-39.2,369.29819762462563,-49.0
471.71529161391913,0.0,471.71529161391913,-9.8
471.71529161391913,-9.8,461.9152916139191,-19.6
461.9152916139191,-19.6,442.3152916139191,-29.400000000000002
442.3152916139191,-29.400000000000002,412.9152916139191,-39.2
412.9152916139191,-39.2,373.71529161391913,-49.0
401.66999100423266,0.0,401.66999100423266,-9.8
401.66999100423266,-9.8,391.86999100423265,-19.6
391.86999100423265,-19.6,372.2699910042326,-29.400000000000002
372.2699910042326,-29.400000000000002,342.86999100423265,-39.2
342.86999100423265,-39.2,303.66999100423266,-49.0
492.2233868826065,0.0,492.2233868826065,-9.8
492.2233868826065,-9.8,482.4233868826065,-19.6
482.4233868826065,-19.6,462.8233868826065,-29.400000000000002
462.8233868826065,-29.400000000000002,433.4233868826065,-39.2
433.4233868826065,-39.2,394.2233868826065,-49.0
288.6306074703695,0.0,288.6306074703695,-9.8
288.6306074703695,-9.8,278.8306074703695,-19.6
278.8306074703695,-19.6,259.2306074703695,-29.400000000000002
259.2306074703695,-29.400000000000002,229.83060747036947,-39.2
229.83060747036947,-39.2,190.63060747036945,-49.0
308.47782556427677,0.0,308.47782556427677,-9.8
308.47782556427677,-9.8,298.67782556427676,-19.6
298.67782556427676,-19.6,279.07782556427674,-29.400000000000002
279.07782556427674,-29.400000000000002,249.67782556427673,-39.2
249.67782556427673,-39.2,210.4778255642767,-49.0
185.31091138743537,0.0,185.31091138743537,-9.8
185.31091138743537,-9.8,175.51091138743536,-19.6
175.51091138743536,-19.6,155.91091138743536,-29.400000000000002
155.91091138743536,-29.400000000000002,126.51091138743536,-39.2
126.51091138743536,-39.2,87.31091138743535,-49.0
98.7935890506123,0.0,98.7935890506123,-9.8
98.7935890506123,-9.8,88.9935890506123,-19.6
88.9935890506123,-19.6,69.39358905061229,-29.400000000000002
69.39358905061229,-29.400000000000002,39.993589050612286,-39.2
39.993589050612286,-39.2,0.7935890506122831,-49.0
377.7547948991731,0.0,377.7547948991731,-9.8
377.7547948991731,-9.8,367.95479489917307,-19.6
367.95479489917307,-19.6,348.35479489917304,-29.400000000000002
348.35479489917304,-29.400000000000002,318.95479489917307,-39.2
318.95479489917307,-39.2,279.7547948991731,-49.0
191.8199711381687,0.0,191.8199711381687,-9.8
191.8199711381687,-9.8,182.0199711381687,-19.6
182.0199711381687,-19.6,162.4199711381687,-29.400000000000002
162.4199711381687,-29.400000000000002,133.0199711381687,-39.2
133.0199711381687,-39.2,93.8199711381687,-49.0
261.88541837986816,0.0,261.88541837986816,-9.8
261.88541837986816,-9.8,252.08541837986814,-19.6
252.08541837986814,-19.6,232.48541837986815,-29.400000000000002
232.48541837986815,-29.400000000000002,203.08541837986814,-39.2
203.08541837986814,-39.2,163.88541837986816,-49.0
83.44866811072285,0.0,83.44866811072285,-9.8
83.44866811072285,-9.8,73.64866811072285,-19.6
73.64866811072285,-19.6,54.04866811072285,-29.400000000000002
54.04866811072285,-29.400000000000002,24.64866811072285,-39.2
24.64866811072285,-39.2,-14.551331889277154,-49.0
486.2495236618698,0.0,486.2495236618698,-9.8
486.2495236618698,-9.8,476.44952366186976,-19.6
476.44952366186976,-19.6,456.84952366186974,-29.400000000000002
456.84952366186974,-29.400000000000002,427.44952366186976,-39.2
427.44952366186976,-39.2,388.2495236618698,-49.0
281.84267160286294,0.0,281.84267160286294,-9.8
281.84267160286294,-9.8,272.0426716028629,-19.6
272.0426716028629,-19.6,252.44267160286293,-29.400000000000002
252.44267160286293,-29.400000000000002,223.04267160286292,-39.2
223.04267160286292,-39.2,183.84267160286294,-49.0
251.04776646756457,0.0,251.04776646756457,-9.8
251.04776646756457,-9.8,241.24776646756456,-19.6
241.24776646756456,-19.6,221.64776646756457,-29.400000000000002
221.64776646756457,-29.400000000000002,192.24776646756456,-39.2
192.24776646756456,-39.2,153.04776646756454,-49.0
370.8531401335697,0.0,370.8531401335697,-9.8
370.8531401335697,-9.8,361.0531401335697,-19.6
361.0531401335697,-19.6,341.45314013356966,-29.400000000000002
341.45314013356966,-29.400000000000002,312.0531401335697,-39.2
312.0531401335697,-39.2,272.8531401335697,-49.0
260.15875327694073,0.0,260.15875327694073,-9.8
260.15875327694073,-9.8,250.35875327694072,-19.6
250.35875327694072,-19.6,230.75875327694072,-29.400000000000002
230.75875327694072,-29.400000000000002,201.35875327694072,-39.2
201.35875327694072,-39.2,162.15875327694073,-49.0
115.12580070009692,0.0,115.12580070009692,-9.8
115.12580070009692,-9.8,105.32580070009692,-19.6
105.32580070009692,-19.6,85.72580070009693,-29.400000000000002
85.72580070009693,-29.400000000000002,56.32580070009692,-39.2
56.32580070009692,-39.2,17.125800700096917,-49.0
360.03410531410384,0.0,360.03410531410384,-9.8
360.03410531410384,-9.8,350.23410531410383,-19.6
350.23410531410383,-19.6,330.6341053141038,-29.400000000000002
330.6341053141038,-29.400000000000002,301.23410531410383,-39.2
301.23410531410383,-39.2,262.03410531410384,-49.0
377.03997395914365,0.0,377.03997395914365,-9.8
377.03997395914365,-9.8,367.23997395914364,-19.6
367.23997395914364,-19.6,347.6399739591436,-29.400000000000002
347.6399739591436,-29.400000000000002,318.23997395914364,-39.2
318.23997395914364,-39.2,279.03997395914365,-49.0
183.53639448557678,0.0,183.53639448557678,-9.8
183.53639448557678,-9.8,173.73639448557677,-19.6
173.73639448557677,-19.6,154.13639448557677,-29.400000000000002
154.13639448557677,-29.400000000000002,124.73639448557677,-39.2
124.73639448557677,-39.2,85.53639448557676,-49.0
287.32134347314417,0.0,287.32134347314417,-9.8
287.32134347314417,-9.8,277.52134347314416,-19.6
277.52134347314416,-19.6,257.92134347314413,-29.400000000000002
257.92134347314413,-29.400000000000002,228.52134347314413,-39.2
228.52134347314413,-39.2,189.3213434731441,-49.0
334.5891979881848,0.0,334.5891979881848,-9.8
334.5891979881848,-9.8,324.7891979881848,-19.6
324.7891979881848,-19.6,305.1891979881848,-29.400000000000002
305.1891979881848,-29.400000000000002,275.7891979881848,-39.2
275.7891979881848,-39.2,236.58919798818482,-49.0
311.47464443802994,0.0,311.47464443802994,-9.8
311.47464443802994,-9.8,301.67464443802993,-19.6
301.67464443802993,-19.6,282.0746444380299,-29.400000000000002
282.0746444380299,-29.400000000000002,252.6746444380299,-39.2
252.6746444380299,-39.2,213.47464443802988,-49.0
386.67780530073264,0.0,386.67780530073264,-9.8
386.67780530073264,-9.8,376.87780530073263,-19.6
376.87780530073263,-19.6,357.2778053007326,-29.400000000000002
357.2778053007326,-29.400000000000002,327.87780530073263,-39.2
327.87780530073263,-39.2,288.67780530073264,-49.0
321.1929672685657,0.0,321.1929672685657,-9.8
321.1929672685657,-9.8,311.3929672685657,-19.6
311.3929672685657,-19.6,291.7929672685657,-29.400000000000002
291.7929672685657,-29.400000000000002,262.3929672685657,-39.2
262.3929672685657,-39.2,223.19296726856572,-49.0
173.57917651010496,0.0,173.57917651010496,-9.8
173.57917651010496,-9.8,163.77917651010495,-19.6
163.77917651010495,-19.6,144.17917651010495,-29.400000000000002
144.17917651010495,-29.400000000000002,114.77917651010495,-39.2
114.77917651010495,-39.2,75.57917651010494,-49.0
203.24243857058497,0.0,203.24243857058497,-9.8
203.24243857058497,-9.8,193.44243857058495,-19.6
193.44243857058495,-19.6,173.84243857058496,-29.400000000000002
173.84243857058496,-29.400000000000002,144.44243857058495,-39.2
144.44243857058495,-39.2,105.24243857058495,-49.0
280.4810509140358,0.0,280.4810509140358,-9.8
280.4810509140358,-9.8,270.6810509140358,-19.6
270.6810509140358,-19.6,251.08105091403579,-29.400000000000002
251.08105091403579,-29.400000000000002,221.68105091403578,-39.2
221.68105091403578,-39.2,182.4810509140358,-49.0
459.1376018424692,0.0,459.1376018424692,-9.8
459.1376018424692,-9.8,449.3376018424692,-19.6
449.3376018424692,-19.6,429.7376018424692,-29.400000000000002
429.7376018424692,-29.400000000000002,400.3376018424692,-39.2
400.3376018424692,-39.2,361.1376018424692,-49.0
256.69114725100576,0.0,256.69114725100576,-9.8
256.69114725100576,-9.8,246.89114725100575,-19.6
246.89114725100575,-19.6,227.29114725100575,-29.400000000000002
227.29114725100575,-29.400000000000002,197.89114725100575,-39.2
197.89114725100575,-39.2,158.69114725100576,-49.0
166.07869743660746,0.0,166.07869743660746,-9.8
166.07869743660746,-9.8,156.27869743660744,-19.6
156.27869743660744,-19.6,136.67869743660745,-29.400000000000002
136.67869743660745,-29.400000000000002,107.27869743660744,-39.2
107.27869743660744,-39.2,68.07869743660744,-49.0
91.73350660394311,0.0,91.73350660394311,-9.8
91.73350660394311,-9.8,81.93350660394312,-19.6
81.93350660394312,-19.6,62.333506603943114,-29.400000000000002
62.333506603943114,-29.400000000000002,32.933506603943115,-39.2
32.933506603943115,-39.2,-6.266493396056887,-49.0
491.0591877699675,0.0,491.0591877699675,-9.8
491.0591877699675,-9.8,481.25918776996747,-19.6
481.25918776996747,-19.6,461.65918776996745,-29.400000000000002
461.65918776996745,-29.400000000000002,432.25918776996747,-39.2
432.25918776996747,-39.2,393.0591877699675,-49.0
138.14835352818073,0.0,138.14835352818073,-9.8
138.14835352818073,-9.8,128.34835352818072,-19.6
128.34835352818072,-19.6,108.74835352818073,-29.400000000000002
108.74835352818073,-29.400000000000002,79.34835352818072,-39.2
79.34835352818072,-39.2,40.14835352818072,-49.0
434.20678723850085,0.0,434.20678723850085,-9.8
434.20678723850085,-9.8,424.40678723850084,-19.6
424.40678723850084,-19.6,404.8067872385008,-29.400000000000002
404.8067872385008,-29.400000000000002,375.40678723850084,-39.2
375.40678723850084,-39.2,336.20678723850085,-49.0
307.1279294087144,0.0,307.1279294087144,-9.8
307.1279294087144,-9.8,297.3279294087144,-19.6
297.3279294087144,-19.6,277.7279294087144,-29.400000000000002
277.7279294087144,-29.400000000000002,248.32792940871437,-39.2
248.32792940871437,-39.2,209.12792940871435,-49.0
294.01450595795825,0.0,294.01450595795825,-9.8
294.01450595795825,-9.8,284.21450595795824,-19.6
284.21450595795824,-19.6,264.6145059579582,-29.400000000000002
264.6145059579582,-29.400000000000002,235.2145059579582,-39.2
235.2145059579582,-39.2,196.0145059579582,-49.0
247.45438788155596,0.0,247.45438788155596,-9.8
247.45438788155596,-9.8,237.65438788155595,-19.6
237.65438788155595,-19.6,218.05438788155595,-29.400000000000002
218.05438788155595,-29.400000000000002,188.65438788155595,-39.2
188.65438788155595,-39.2,149.45438788155593,-49.0
294.7239967798246,0.0,294.7239967798246,-9.8
294.7239967798246,-9.8,284.92399677982456,-19.6
284.92399677982456,-19.6,265.32399677982454,-29.400000000000002
265.32399677982454,-29.400000000000002,235.92399677982453,-39.2
235.92399677982453,-39.2,196.72399677982452,-49.0
411.1407454926813,0.0,411.1407454926813,-9.8
411.1407454926813,-9.8,401.34074549268126,-19.6
401.34074549268126,-19.6,381.74074549268124,-29.400000000000002
381.74074549268124,-29.400000000000002,352.34074549268126,-39.2
352.34074549268126,-39.2,313.1407454926813,-49.0
79.12614978351431,0.0,79.12614978351431,-9.8
79.12614978351431,-9.8,69.32614978351431,-19.6
69.32614978351431,-19.6,49.72614978351431,-29.400000000000002
49.72614978351431,-29.400000000000002,20.326149783514307,-39.2
20.326149783514307,-39.2,-18.873850216485696,-49.0
190.22538852491456,0.0,190.22538852491456,-9.8
190.22538852491456,-9.8,180.42538852491455,-19.6
180.42538852491455,-19.6,160.82538852491456,-29.400000000000002
160.82538852491456,-29.400000000000002,131.42538852491455,-39.2
131.42538852491455,-39.2,92.22538852491455,-49.0
289.20103274993147,0.0,289.20103274993147,-9.8
289.20103274993147,-9.8,279.40103274993146,-19.6
279.40103274993146,-19.6,259.80103274993144,-29.400000000000002
259.80103274993144,-29.400000000000002,230.40103274993143,-39.2
230.40103274993143,-39.2,191.20103274993141,-49.0
103.81705399359109,0.0,103.81705399359109,-9.8
103.81705399359109,-9.8,94.01705399359109,-19.6
94.01705399359109,-19.6,74.41705399359108,-29.400000000000002
74.41705399359108,-29.400000000000002,45.01705399359108,-39.2
45.01705399359108,-39.2,5.817053993591074,-49.0
436.103215088311,0.0,436.103215088311,-9.8
436.103215088311,-9.8,426.303215088311,-19.6
426.303215088311,-19.6,406.70321508831097,-29.400000000000002
406.70321508831097,-29.400000000000002,377.303215088311,-39.2
377.303215088311,-39.2,338.103215088311,-49.0
339.73400914282615,0.0,339.73400914282615,-9.8
339.73400914282615,-9.8,329.93400914282614,-19.6
329.93400914282614,-19.6,310.3340091428261,-29.400000000000002
310.3340091428261,-29.400000000000002,280.93400914282614,-39.2
280.93400914282614,-39.2,241.73400914282615,-49.0
222.7140058899646,0.0,222.7140058899646,-9.8
222.7140058899646,-9.8,212.91400588996459,-19.6
212.91400588996459,-19.6,193.3140058899646,-29.400000000000002
193.3140058899646,-29.400000000000002,163.91400588996459,-39.2
163.91400588996459,-39.2,124.71400588996458,-49.0
205.190189185822,0.0,205.190189185822,-9.8
205.190189185822,-9.8,195.39018918582198,-19.6
195.39018918582198,-19.6,175.790189185822,-29.400000000000002
175.790189185822,-29.400000000000002,146.39018918582198,-39.2
146.39018918582198,-39.2,107.19018918582198,-49.0
60.86455970818198,0.0,60.86455970818198,-9.8
60.86455970818198,-9.8,51.064559708181974,-19.6
51.064559708181974,-19.6,31.464559708181973,-29.400000000000002
31.464559708181973,-29.400000000000002,2.064559708181971,-39.2
2.064559708181971,-39.2,-37.13544029181803,-49.0
304.6580134774839,0.0,304.6580134774839,-9.8
304.6580134774839,-9.8,294.8580134774839,-19.6
294.8580134774839,-19.6,275.25801347748387,-29.400000000000002
275.25801347748387,-29.400000000000002,245.85801347748387,-39.2
245.85801347748387,-39.2,206.65801347748385,-49.0
267.5377966465063,0.0,267.5377966465063,-9.8
267.5377966465063,-9.8,257.7377966465063,-19.6
257.7377966465063,-19.6,238.1377966465063,-29.400000000000002
238.1377966465063,-29.400000000000002,208.7377966465063,-39.2
208.7377966465063,-39.2,169.5377966465063,-49.0
242.4486733451781,0.0,242.4486733451781,-9.8
242.4486733451781,-9.8,232.64867334517808,-19.6
232.64867334517808,-19.6,213.0486733451781,-29.400000000000002
213.0486733451781,-29.400000000000002,183.64867334517808,-39.2
183.64867334517808,-39.2,144.44867334517807,-49.0
82.80693076972989,0.0,82.80693076972989,-9.8
82.80693076972989,-9.8,73.00693076972989,-19.6
73.00693076972989,-19.6,53.40693076972989,-29.400000000000002
53.40693076972989,-29.400000000000002,24.006930769729887,-39.2
24.006930769729887,-39.2,-15.193069230270115,-49.0
302.29815243262874,0.0,302.29815243262874,-9.8
302.29815243262874,-9.8,292.49815243262873,-19.6
292.49815243262873,-19.6,272.8981524326287,-29.400000000000002
272.8981524326287,-29.400000000000002,243.4981524326287,-39.2
243.4981524326287,-39.2,204.29815243262868,-49.0
209.35138700181537,0.0,209.35138700181537,-9.8
209.35138700181537,-9.8,199.55138700181536,-19.6
199.55138700181536,-19.6,179.95138700181536,-29.400000000000002
179.95138700181536,-29.400000000000002,150.55138700181536,-39.2
150.55138700181536,-39.2,111.35138700181535,-49.0
447.87342896684754,0.0,447.87342896684754,-9.8
447.87342896684754,-9.8,438.07342896684753,-19.6
438.07342896684753,-19.6,418.4734289668475,-29.400000000000002
418.4734289668475,-29.400000000000002,389.07342896684753,-39.2
389.07342896684753,-39.2,349.87342896684754,-49.0
88.42921287534885,0.0,88.42921287534885,-9.8
88.42921287534885,-9.8,78.62921287534886,-19.6
78.62921287534886,-19.6,59.029212875348854,-29.400000000000002
59.029212875348854,-29.400000000000002,29.629212875348852,-39.2
29.629212875348852,-39.2,-9.570787124651151,-49.0
398.30492765736693,0.0,398.30492765736693,-9.8
398.30492765736693,-9.8,388.5049276573669,-19.6
388.5049276573669,-19.6,368.9049276573669,-29.400000000000002
368.9049276573669,-29.400000000000002,339.5049276573669,-39.2
339.5049276573669,-39.2,300.30492765736693,-49.0
284.15925258555444,0.0,284.15925258555444,-9.8
284.15925258555444,-9.8,274.35925258555443,-19.6
274.35925258555443,-19.6,254.75925258555444,-29.400000000000002
254.75925258555444,-29.400000000000002,225.35925258555443,-39.2
225.35925258555443,-39.2,186.15925258555444,-49.0
330.3419008221451,0.0,330.3419008221451,-9.8
330.3419008221451,-9.8,320.54190082214507,-19.6
320.54190082214507,-19.6,300.94190082214504,-29.400000000000002
300.94190082214504,-29.400000000000002,271.54190082214507,-39.2
271.54190082214507,-39.2,232.34190082214508,-49.0
108.01110801583891,0.0,108.01110801583891,-9.8
108.01110801583891,-9.8,98.21110801583892,-19.6
98.21110801583892,-19.6,78.61110801583891,-29.400000000000002
78.61110801583891,-29.400000000000002,49.2111080158389,-39.2
49.2111080158389,-39.2,10.0111080158389,-49.0
416.7114579022397,0.0,416.7114579022397,-9.8
416.7114579022397,-9.8,406.9114579022397,-19.6
406.9114579022397,-19.6,387.3114579022397,-29.400000000000002
387.3114579022397,-29.400000000000002,357.9114579022397,-39.2
357.9114579022397,-39.2,318.7114579022397,-49.0
270.49702577923966,0.0,270.49702577923966,-9.8
270.49702577923966,-9.8,260.69702577923965,-19.6
260.69702577923965,-19.6,241.09702577923966,-29.400000000000002
241.09702577923966,-29.400000000000002,211.69702577923965,-39.2
211.69702577923965,-39.2,172.49702577923966,-49.0
190.4651341453775,0.0,190.4651341453775,-9.8
190.4651341453775,-9.8,180.6651341453775,-19.6
180.6651341453775,-19.6,161.0651341453775,-29.400000000000002
161.0651341453775,-29.400000000000002,131.6651341453775,-39.2
131.6651341453775,-39.2,92.46513414537749,-49.0
429.56871820327575,0.0,429.56871820327575,-9.8
429.56871820327575,-9.8,419.76871820327574,-19.6
419.76871820327574,-19.6,400.1687182032757,-29.400000000000002
400.1687182032757,-29.400000000000002,370.76871820327574,-39.2
370.76871820327574,-39.2,331.56871820327575,-49.0
128.7777163103279,0.0,128.7777163103279,-9.8
128.7777163103279,-9.8,118.97771631032789,-19.6
118.97771631032789,-19.6,99.37771631032788,-29.400000000000002
99.37771631032788,-29.400000000000002,69.97771631032788,-39.2
69.97771631032788,-39.2,30.777716310327875,-49.0
252.6255651032474,0.0,252.6255651032474,-9.8
252.6255651032474,-9.8,242.82556510324738,-19.6
242.82556510324738,-19.6,223.2255651032474,-29.400000000000002
223.2255651032474,-29.400000000000002,193.82556510324738,-39.2
193.82556510324738,-39.2,154.62556510324737,-49.0
482.31074378428957,0.0,482.31074378428957,-9.8
482.31074378428957,-9.8,472.51074378428956,-19.6
472.51074378428956,-19.6,452.91074378428954,-29.400000000000002
452.91074378428954,-29.400000000000002,423.51074378428956,-39.2
423.51074378428956,-39.2,384.31074378428957,-49.0
470.82494901332416,0.0,470.82494901332416,-9.8
470.82494901332416,-9.8,461.02494901332415,-19.6
461.02494901332415,-19.6,441.4249490133241,-29.400000000000002
441.4249490133241,-29.400000000000002,412.02494901332415,-39.2
412.02494901332415,-39.2,372.82494901332416,-49.0
314.43666327850724,0.0,314.43666327850724,-9.8
314.43666327850724,-9.8,304.6366632785072,-19.6
304.6366632785072,-19.6,285.0366632785072,-29.400000000000002
285.0366632785072,-29.400000000000002,255.6366632785072,-39.2
255.6366632785072,-39.2,216.43666327850718,-49.0
294.4883671568638,0.0,294.4883671568638,-9.8
294.4883671568638,-9.8,284.68836715686376,-19.6
284.68836715686376,-19.6,265.08836715686374,-29.400000000000002
265.08836715686374,-29.400000000000002,235.68836715686373,-39.2
235.68836715686373,-39.2,196.48836715686372,-49.0
469.74728036069473,0.0,469.74728036069473,-9.8
469.74728036069473,-9.8,459.9472803606947,-19.6
459.9472803606947,-19.6,440.3472803606947,-29.400000000000002
440.3472803606947,-29.400000000000002,410.9472803606947,-39.2
410.9472803606947,-39.2,371.74728036069473,-49.0
365.57580305536794,0.0,365.57580305536794,-9.8
365.57580305536794,-9.8,355.77580305536793,-19.6
355.77580305536793,-19.6,336.1758030553679,-29.400000000000002
336.1758030553679,-29.400000000000002,306.77580305536793,-39.2
306.77580305536793,-39.2,267.57580305536794,-49.0
66.19505882736256,0.0,66.19505882736256,-9.8
66.19505882736256,-9.8,56.39505882736256,-19.6
56.39505882736256,-19.6,36.79505882736256,-29.400000000000002
36.79505882736256,-29.400000000000002,7.395058827362558,-39.2
7.395058827362558,-39.2,-31.804941172637445,-49.0
347.4649092746275,0.0,347.4649092746275,-9.8
347.4649092746275,-9.8,337.66490927462746,-19.6
337.66490927462746,-19.6,318.06490927462744,-29.400000000000002
318.06490927462744,-29.400000000000002,288.66490927462746,-39.2
288.66490927462746,-39.2,249.46490927462747,-49.0
286.8605162197622,0.0,286.8605162197622,-9.8
286.8605162197622,-9.8,277.0605162197622,-19.6
277.0605162197622,-19.6,257.46051621976216,-29.400000000000002
257.46051621976216,-29.400000000000002,228.06051621976215,-39.2
228.06051621976215,-39.2,188.86051621976213,-49.0
340.10597769291985,0.0,340.10597769291985,-9.8
340.10597769291985,-9.8,330.30597769291984,-19.6
330.30597769291984,-19.6,310.7059776929198,-29.400000000000002
310.7059776929198,-29.400000000000002,281.30597769291984,-39.2
281.30597769291984,-39.2,242.10597769291985,-49.0
429.49859186945054,0.0,429.49859186945054,-9.8
429.49859186945054,-9.8,419.6985918694505,-19.6
419.6985918694505,-19.6,400.0985918694505,-29.400000000000002
400.0985918694505,-29.400000000000002,370.6985918694505,-39.2
370.6985918694505,-39.2,331.49859186945054,-49.0
290.7031979028885,0.0,290.7031979028885,-9.8
290.7031979028885,-9.8,280.9031979028885,-19.6
280.9031979028885,-19.6,261.3031979028885,-29.400000000000002
261.3031979028885,-29.400000000000002,231.90319790288848,-39.2
231.90319790288848,-39.2,192.70319790288846,-49.0
401.22708992917,0.0,401.22708992917,-9.8
401.22708992917,-9.8,391.42708992917,-19.6
391.42708992917,-19.6,371.82708992917,-29.400000000000002
371.82708992917,-29.400000000000002,342.42708992917,-39.2
342.42708992917,-39.2,303.22708992917,-49.0
284.4941486277405,0.0,284.4941486277405,-9.8
284.4941486277405,-9.8,274.6941486277405,-19.6
274.6941486277405,-19.6,255.0941486277405,-29.400000000000002
255.0941486277405,-29.400000000000002,225.6941486277405,-39.2
225.6941486277405,-39.2,186.49414862774051,-49.0
140.55425881385216,0.0,140.55425881385216,-9.8
140.55425881385216,-9.8,130.75425881385215,-19.6
130.75425881385215,-19.6,111.15425881385215,-29.400000000000002
111.15425881385215,-29.400000000000002,81.75425881385215,-39.2
81.75425881385215,-39.2,42.554258813852144,-49.0
272.44623053467217,0.0,272.44623053467217,-9.8
272.44623053467217,-9.8,262.64623053467216,-19.6
262.64623053467216,-19.6,243.04623053467216,-29.400000000000002
243.04623053467216,-29.400000000000002,213.64623053467216,-39.2
213.64623053467216,-39.2,174.44623053467217,-49.0
424.90275371184396,0.0,424.90275371184396,-9.8
424.90275371184396,-9.8,415.10275371184395,-19.6
415.10275371184395,-19.6,395.5027537118439,-29.400000000000002
395.5027537118439,-29.400000000000002,366.10275371184395,-39.2
366.10275371184395,-39.2,326.90275371184396,-49.0
63.30133186294588,0.0,63.30133186294588,-9.8
63.30133186294588,-9.8,53.501331862945875,-19.6
53.501331862945875,-19.6,33.901331862945874,-29.400000000000002
33.901331862945874,-29.400000000000002,4.501331862945872,-39.2
4.501331862945872,-39.2,-34.69866813705413,-49.0
104.59312603307471,0.0,104.59312603307471,-9.8
104.59312603307471,-9.8,94.79312603307471,-19.6
94.79312603307471,-19.6,75.19312603307472,-29.400000000000002
75.19312603307472,-29.400000000000002,45.793126033074714,-39.2
45.793126033074714,-39.2,6.593126033074711,-49.0
367.72828258062947,0.0,367.72828258062947,-9.8
367.72828258062947,-9.8,357.92828258062946,-19.6
357.92828258062946,-19.6,338.32828258062943,-29.400000000000002
338.32828258062943,-29.400000000000002,308.92828258062946,-39.2
308.92828258062946,-39.2,269.72828258062947,-49.0
299.41848322110764,0.0,299.41848322110764,-9.8
299.41848322110764,-9.8,289.6184832211076,-19.6
289.6184832211076,-19.6,270.0184832211076,-29.400000000000002
270.0184832211076,-29.400000000000002,240.6184832211076,-39.2
240.6184832211076,-39.2,201.41848322110758,-49.0
331.59149731629066,0.0,331.59149731629066,-9.8
331.59149731629066,-9.8,321.79149731629064,-19.6
321.79149731629064,-19.6,302.1914973162906,-29.400000000000002
302.1914973162906,-29.400000000000002,272.79149731629064,-39.2
272.79149731629064,-39.2,233.59149731629066,-49.0
105.63765667610453,0.0,105.63765667610453,-9.8
105.63765667610453,-9.8,95.83765667610453,-19.6
95.83765667610453,-19.6,76.23765667610454,-29.400000000000002
76.23765667610454,-29.400000000000002,46.83765667610453,-39.2
46.83765667610453,-39.2,7.637656676104527,-49.0
276.31276527555224,0.0,276.31276527555224,-9.8
276.31276527555224,-9.8,266.5127652755522,-19.6
266.5127652755522,-19.6,246.91276527555223,-29.400000000000002
246.91276527555223,-29.400000000000002,217.51276527555223,-39.2
217.51276527555223,-39.2,178.31276527555224,-49.0
111.25195894562799,0.0,111.25195894562799,-9.8
111.25195894562799,-9.8,101.451958945628,-19.6
101.451958945628,-19.6,81.85195894562798,-29.400000000000002
81.85195894562798,-29.400000000000002,52.45195894562798,-39.2
52.45195894562798,-39.2,13.251958945627976,-49.0
464.9442718181967,0.0,464.9442718181967,-9.8
464.9442718181967,-9.8,455.14427181819667,-19.6
455.14427181819667,-19.6,435.54427181819665,-29.400000000000002
435.54427181819665,-29.400000000000002,406.14427181819667,-39.2
406.14427181819667,-39.2,366.9442718181967,-49.0
264.920479996876,0.0,264.920479996876,-9.8
264.920479996876,-9.8,255.12047999687599,-19.6
255.12047999687599,-19.6,235.520479996876,-29.400000000000002
235.520479996876,-29.400000000000002,206.12047999687599,-39.2
206.12047999687599,-39.2,166.920479996876,-49.0
297.54102933601564,0.0,297.54102933601564,-9.8
297.54102933601564,-9.8,287.74102933601563,-19.6
287.74102933601563,-19.6,268.1410293360156,-29.400000000000002
268.1410293360156,-29.400000000000002,238.7410293360156,-39.2
238.7410293360156,-39.2,199.54102933601558,-49.0
429.80435000147725,0.0,429.80435000147725,-9.8
429.80435000147725,-9.8,420.00435000147723,-19.6
420.00435000147723,-19.6,400.4043500014772,-29.400000000000002
400.4043500014772,-29.400000000000002,371.00435000147723,-39.2
371.00435000147723,-39.2,331.80435000147725,-49.0
440.6916904129083,0.0,440.6916904129083,-9.8
440.6916904129083,-9.8,430.8916904129083,-19.6
430.8916904129083,-19.6,411.2916904129083,-29.400000000000002
411.2916904129083,-29.400000000000002,381.8916904129083,-39.2
381.8916904129083,-39.2,342.6916904129083,-49.0
412.40650813052264,0.0,412.40650813052264,-9.8
412.40650813052264,-9.8,402.6065081305226,-19.6
402.6065081305226,-19.6,383.0065081305226,-29.400000000000002
383.0065081305226,-29.400000000000002,353.6065081305226,-39.2
353.6065081305226,-39.2,314.40650813052264,-49.0
74.40286793061787,0.0,74.40286793061787,-9.8
74.40286793061787,-9.8,64.60286793061788,-19.6
64.60286793061788,-19.6,45.002867930617874,-29.400000000000002
45.002867930617874,-29.400000000000002,15.602867930617872,-39.2
15.602867930617872,-39.2,-23.59713206938213,-49.0
477.7550594986106,0.0,477.7550594986106,-9.8
477.7550594986106,-9.8,467.9550594986106,-19.6
467.9550594986106,-19.6,448.35505949861056,-29.400000000000002
448.35505949861056,-29.400000000000002,418.9550594986106,-39.2
418.9550594986106,-39.2,379.7550594986106,-49.0
68.69127319894692,0.0,68.69127319894692,-9.8
68.69127319894692,-9.8,58.89127319894692,-19.6
58.89127319894692,-19.6,39.29127319894692,-29.400000000000002
39.29127319894692,-29.400000000000002,9.891273198946916,-39.2
9.891273198946916,-39.2,-29.308726801053087,-49.0
112.08156305076255,0.0,112.08156305076255,-9.8
112.08156305076255,-9.8,102.28156305076256,-19.6
102.28156305076256,-19.6,82.68156305076255,-29.400000000000002
82.68156305076255,-29.400000000000002,53.28156305076254,-39.2
53.28156305076254,-39.2,14.08156305076254,-49.0
230.8921919810226,0.0,230.8921919810226,-9.8
230.8921919810226,-9.8,221.09219198102258,-19.6
221.09219198102258,-19.6,201.4921919810226,-29.400000000000002
201.4921919810226,-29.400000000000002,172.09219198102258,-39.2
172.09219198102258,-39.2,132.89219198102256,-49.0
90.06073760636883,0.0,90.06073760636883,-9.8
90.06073760636883,-9.8,80.26073760636883,-19.6
80.26073760636883,-19.6,60.66073760636883,-29.400000000000002
60.66073760636883,-29.400000000000002,31.26073760636883,-39.2
31.26073760636883,-39.2,-7.9392623936311715,-49.0
419.5234090825915,0.0,419.5234090825915,-9.8
419.5234090825915,-9.8,409.7234090825915,-19.6
409.7234090825915,-19.6,390.1234090825915,-29.400000000000002
390.1234090825915,-29.400000000000002,360.7234090825915,-39.2
360.7234090825915,-39.2,321.5234090825915,-49.0
436.99468779472176,0.0,436.99468779472176,-9.8
436.99468779472176,-9.8,427.19468779472174,-19.6
427.19468779472174,-19.6,407.5946877947217,-29.400000000000002
407.5946877947217,-29.400000000000002,378.19468779472174,-39.2
378.19468779472174,-39.2,338.99468779472176,-49.0
328.7458105524123,0.0,328.7458105524123,-9.8
328.7458105524123,-9.8,318.9458105524123,-19.6
318.9458105524123,-19.6,299.3458105524123,-29.400000000000002
299.3458105524123,-29.400000000000002,269.9458105524123,-39.2
269.9458105524123,-39.2,230.7458105524123,-49.0
492.2379148893104,0.0,492.2379148893104,-9.8
492.2379148893104,-9.8,482.4379148893104,-19.6
482.4379148893104,-19.6,462.83791488931035,-29.400000000000002
462.83791488931035,-29.400000000000002,433.4379148893104,-39.2
433.4379148893104,-39.2,394.2379148893104,-49.0
172.82697032973823,0.0,172.82697032973823,-9.8
172.82697032973823,-9.8,163.02697032973822,-19.6
163.02697032973822,-19.6,143.42697032973823,-29.400000000000002
143.42697032973823,-29.400000000000002,114.02697032973822,-39.2
114.02697032973822,-39.2,74.82697032973822,-49.0
424.46729984695384,0.0,424.46729984695384,-9.8
424.46729984695384,-9.8,414.6672998469538,-19.6
414.6672998469538,-19.6,395.0672998469538,-29.400000000000002
395.0672998469538,-29.400000000000002,365.6672998469538,-39.2
365.6672998469538,-39.2,326.46729984695384,-49.0
100.11906215159988,0.0,100.11906215159988,-9.8
100.11906215159988,-9.8,90.31906215159988,-19.6
90.31906215159988,-19.6,70.71906215159987,-29.400000000000002
70.71906215159987,-29.400000000000002,41.319062151599866,-39.2
41.319062151599866,-39.2,2.119062151599863,-49.0
73.87439109581432,0.0,73.87439109581432,-9.8
73.87439109581432,-9.8,64.07439109581432,-19.6
64.07439109581432,-19.6,44.47439109581432,-29.400000000000002
44.47439109581432,-29.400000000000002,15.074391095814317,-39.2
15.074391095814317,-39.2,-24.125608904185686,-49.0
154.94042872045907,0.0,154.94042872045907,-9.8
154.94042872045907,-9.8,145.14042872045906,-19.6
145.14042872045906,-19.6,125.54042872045906,-29.400000000000002
125.54042872045906,-29.400000000000002,96.14042872045906,-39.2
96.14042872045906,-39.2,56.94042872045905,-49.0
214.52365273329525,0.0,214.52365273329525,-9.8
214.52365273329525,-9.8,204.72365273329524,-19.6
204.72365273329524,-19.6,185.12365273329524,-29.400000000000002
185.12365273329524,-29.400000000000002,155.72365273329524,-39.2
155.72365273329524,-39.2,116.52365273329524,-49.0
442.9631743640228,0.0,442.9631743640228,-9.8
442.9631743640228,-9.8,433.1631743640228,-19.6
433.1631743640228,-19.6,413.56317436402276,-29.400000000000002
413.56317436402276,-29.400000000000002,384.1631743640228,-39.2
384.1631743640228,-39.2,344.9631743640228,-49.0
260.1884654478489,0.0,260.1884654478489,-9.8
260.1884654478489,-9.8,250.3884654478489,-19.6
250.3884654478489,-19.6,230.7884654478489,-29.400000000000002
230.7884654478489,-29.400000000000002,201.3884654478489,-39.2
201.3884654478489,-39.2,162.1884654478489,-49.0
268.215949105316,0.0,268.215949105316,-9.8
268.215949105316,-9.8,258.415949105316,-19.6
258.415949105316,-19.6,238.81594910531598,-29.400000000000002
238.81594910531598,-29.400000000000002,209.41594910531597,-39.2
209.41594910531597,-39.2,170.21594910531599,-49.0
257.3078073914301,0.0,257.3078073914301,-9.8
257.3078073914301,-9.8,247.5078073914301,-19.6
247.5078073914301,-19.6,227.9078073914301,-29.400000000000002
227.9078073914301,-29.400000000000002,198.5078073914301,-39.2
198.5078073914301,-39.2,159.30780739143012,-49.0
311.2386324429694,0.0,311.2386324429694,-9.8
311.2386324429694,-9.8,301.4386324429694,-19.6
301.4386324429694,-19.6,281.83863244296936,-29.400000000000002
281.83863244296936,-29.400000000000002,252.43863244296935,-39.2
252.43863244296935,-39.2,213.23863244296933,-49.0
413.4539607653387,0.0,413.4539607653387,-9.8
413.4539607653387,-9.8,403.6539607653387,-19.6
403.6539607653387,-19.6,384.0539607653387,-29.400000000000002
384.0539607653387,-29.400000000000002,354.6539607653387,-39.2
354.6539607653387,-39.2,315.4539607653387,-49.0
133.44536308807648,0.0,133.44536308807648,-9.8
133.44536308807648,-9.8,123.64536308807648,-19.6
123.64536308807648,-19.6,104.04536308807647,-29.400000000000002
104.04536308807647,-29.400000000000002,74.64536308807646,-39.2
74.64536308807646,-39.2,35.44536308807646,-49.0
152.61282160214182,0.0,152.61282160214182,-9.8
152.61282160214182,-9.8,142.8128216021418,-19.6
142.8128216021418,-19.6,123.21282160214182,-29.400000000000002
123.21282160214182,-29.400000000000002,93.81282160214181,-39.2
93.81282160214181,-39.2,54.61282160214181,-49.0
420.4936322031543,0.0,420.4936322031543,-9.8
420.4936322031543,-9.8,410.69363220315427,-19.6
410.69363220315427,-19.6,391.09363220315424,-29.400000000000002
391.09363220315424,-29.400000000000002,361.69363220315427,-39.2
361.69363220315427,-39.2,322.4936322031543,-49.0
289.623608760037,0.0,289.623608760037,-9.8
289.623608760037,-9.8,279.82360876003696,-19.6
279.82360876003696,-19.6,260.22360876003694,-29.400000000000002
260.22360876003694,-29.400000000000002,230.82360876003693,-39.2
230.82360876003693,-39.2,191.62360876003692,-49.0
176.05957469765391,0.0,176.05957469765391,-9.8
176.05957469765391,-9.8,166.2595746976539,-19.6
166.2595746976539,-19.6,146.6595746976539,-29.400000000000002
146.6595746976539,-29.400000000000002,117.2595746976539,-39.2
117.2595746976539,-39.2,78.0595746976539,-49.0
127.08179689840544,0.0,127.08179689840544,-9.8
127.08179689840544,-9.8,117.28179689840545,-19.6
117.28179689840545,-19.6,97.68179689840545,-29.400000000000002
97.68179689840545,-29.400000000000002,68.28179689840545,-39.2
68.28179689840545,-39.2,29.081796898405443,-49.0
314.2680638006454,0.0,314.2680638006454,-9.8
314.2680638006454,-9.8,304.4680638006454,-19.6
304.4680638006454,-19.6,284.86806380064536,-29.400000000000002
284.86806380064536,-29.400000000000002,255.46806380064535,-39.2
255.46806380064535,-39.2,216.26806380064534,-49.0
74.39794896889713,0.0,74.39794896889713,-9.8
74.39794896889713,-9.8,64.59794896889713,-19.6
64.59794896889713,-19.6,44.99794896889713,-29.400000000000002
44.99794896889713,-29.400000000000002,15.597948968897125,-39.2
15.597948968897125,-39.2,-23.602051031102878,-49.0
419.1859679715793,0.0,419.1859679715793,-9.8
419.1859679715793,-9.8,409.3859679715793,-19.6
409.3859679715793,-19.6,389.7859679715793,-29.400000000000002
389.7859679715793,-29.400000000000002,360.3859679715793,-39.2
360.3859679715793,-39.2,321.1859679715793,-49.0
352.39669992656604,0.0,352.39669992656604,-9.8
352.39669992656604,-9.8,342.59669992656603,-19.6
342.59669992656603,-19.6,322.996699926566,-29.400000000000002
322.996699926566,-29.400000000000002,293.59669992656603,-39.2
293.59669992656603,-39.2,254.39669992656604,-49.0
365.8859047967259,0.0,365.8859047967259,-9.8
365.8859047967259,-9.8,356.0859047967259,-19.6
356.0859047967259,-19.6,336.4859047967259,-29.400000000000002
336.4859047967259,-29.400000000000002,307.0859047967259,-39.2
307.0859047967259,-39.2,267.8859047967259,-49.0
383.9281901053454,0.0,383.9281901053454,-9.8
383.9281901053454,-9.8,374.12819010534537,-19.6
374.12819010534537,-19.6,354.52819010534535,-29.400000000000002
354.52819010534535,-29.400000000000002,325.12819010534537,-39.2
325.12819010534537,-39.2,285.9281901053454,-49.0
329.97864391488497,0.0,329.97864391488497,-9.8
329.97864391488497,-9.8,320.17864391488496,-19.6
320.17864391488496,-19.6,300.57864391488494,-29.400000000000002
300.57864391488494,-29.400000000000002,271.17864391488496,-39.2
271.17864391488496,-39.2,231.97864391488497,-49.0
143.57695781215955,0.0,143.57695781215955,-9.8
143.57695781215955,-9.8,133.77695781215954,-19.6
133.77695781215954,-19.6,114.17695781215954,-29.400000000000002
114.17695781215954,-29.400000000000002,84.77695781215954,-39.2
84.77695781215954,-39.2,45.576957812159534,-49.0
471.3719755230832,0.0,471.3719755230832,-9.8
471.3719755230832,-9.8,461.5719755230832,-19.6
461.5719755230832,-19.6,441.9719755230832,-29.400000000000002
441.9719755230832,-29.400000000000002,412.5719755230832,-39.2
412.5719755230832,-39.2,373.3719755230832,-49.0
251.07994988917068,0.0,251.07994988917068,-9.8
251.07994988917068,-9.8,241.27994988917067,-19.6
241.27994988917067,-19.6,221.67994988917067,-29.400000000000002
221.67994988917067,-29.400000000000002,192.27994988917067,-39.2
192.27994988917067,-39.2,153.07994988917068,-49.0
193.56128138027373,0.0,193.56128138027373,-9.8
193.56128138027373,-9.8,183.76128138027372,-19.6
183.76128138027372,-19.6,164.16128138027372,-29.400000000000002
164.16128138027372,-29.400000000000002,134.76128138027372,-39.2
134.76128138027372,-39.2,95.56128138027371,-49.0
68.69360313293225,0.0,68.69360313293225,-9.8
68.69360313293225,-9.8,58.893603132932256,-19.6
58.893603132932256,-19.6,39.293603132932255,-29.400000000000002
39.293603132932255,-29.400000000000002,9.893603132932252,-39.2
9.893603132932252,-39.2,-29.30639686706775,-49.0
467.5809111853844,0.0,467.5809111853844,-9.8
467.5809111853844,-9.8,457.7809111853844,-19.6
457.7809111853844,-19.6,438.1809111853844,-29.400000000000002
438.1809111853844,-29.400000000000002,408.7809111853844,-39.2
408.7809111853844,-39.2,369.5809111853844,-49.0
290.3706296776021,0.0,290.3706296776021,-9.8
290.3706296776021,-9.8,280.5706296776021,-19.6
280.5706296776021,-19.6,260.97062967760206,-29.400000000000002
260.97062967760206,-29.400000000000002,231.57062967760206,-39.2
231.57062967760206,-39.2,192.37062967760204,-49.0
459.12995065998723,0.0,459.12995065998723,-9.8
459.12995065998723,-9.8,449.3299506599872,-19.6
449.3299506599872,-19.6,429.7299506599872,-29.400000000000002
429.7299506599872,-29.400000000000002,400.3299506599872,-39.2
400.3299506599872,-39.2,361.12995065998723,-49.0
397.6217458917352,0.0,397.6217458917352,-9.8
397.6217458917352,-9.8,387.8217458917352,-19.6
387.8217458917352,-19.6,368.22174589173517,-29.400000000000002
368.22174589173517,-29.400000000000002,338.8217458917352,-39.2
338.8217458917352,-39.2,299.6217458917352,-49.0
469.36040975331036,0.0,469.36040975331036,-9.8
469.36040975331036,-9.8,459.56040975331035,-19.6
459.56040975331035,-19.6,439.96040975331033,-29.400000000000002
439.96040975331033,-29.400000000000002,410.56040975331035,-39.2
410.56040975331035,-39.2,371.36040975331036,-49.0
498.6684615304827,0.0,498.6684615304827,-9.8
498.6684615304827,-9.8,488.8684615304827,-19.6
488.8684615304827,-19.6,469.2684615304827,-29.400000000000002
469.2684615304827,-29.400000000000002,439.8684615304827,-39.2
439.8684615304827,-39.2,400.6684615304827,-49.0
193.3546817824539,0.0,193.3546817824539,-9.8
193.3546817824539,-9.8,183.55468178245388,-19.6
183.55468178245388,-19.6,163.9546817824539,-29.400000000000002
163.9546817824539,-29.400000000000002,134.55468178245388,-39.2
134.55468178245388,-39.2,95.35468178245388,-49.0
240.54746606074605,0.0,240.54746606074605,-9.8
240.54746606074605,-9.8,230.74746606074604,-19.6
230.74746606074604,-19.6,211.14746606074604,-29.400000000000002
211.14746606074604,-29.400000000000002,181.74746606074604,-39.2
181.74746606074604,-39.2,142.54746606074605,-49.0
315.6349738352242,0.0,315.6349738352242,-9.8
315.6349738352242,-9.8,305.83497383522416,-19.6
305.83497383522416,-19.6,286.23497383522414,-29.400000000000002
286.23497383522414,-29.400000000000002,256.83497383522416,-39.2
256.83497383522416,-39.2,217.63497383522417,-49.0
387.6101962314841,0.0,387.6101962314841,-9.8
387.6101962314841,-9.8,377.8101962314841,-19.6
377.8101962314841,-19.6,358.2101962314841,-29.400000000000002
358.2101962314841,-29.400000000000002,328.8101962314841,-39.2
328.8101962314841,-39.2,289.6101962314841,-49.0
214.72281280022716,0.0,214.72281280022716,-9.8
214.72281280022716,-9.8,204.92281280022715,-19.6
204.92281280022715,-19.6,185.32281280022715,-29.400000000000002
185.32281280022715,-29.400000000000002,155.92281280022715,-39.2
155.92281280022715,-39.2,116.72281280022715,-49.0
78.47355006363148,0.0,78.47355006363148,-9.8
78.47355006363148,-9.8,68.67355006363148,-19.6
68.67355006363148,-19.6,49.07355006363148,-29.400000000000002
49.07355006363148,-29.400000000000002,19.673550063631478,-39.2
19.673550063631478,-39.2,-19.526449936368525,-49.0
288.28460569066965,0.0,288.28460569066965,-9.8
288.28460569066965,-9.8,278.48460569066964,-19.6
278.48460569066964,-19.6,258.8846056906696,-29.400000000000002
258.8846056906696,-29.400000000000002,229.4846056906696,-39.2
229.4846056906696,-39.2,190.2846056906696,-49.0
442.55822064988456,0.0,442.55822064988456,-9.8
442.55822064988456,-9.8,432.75822064988455,-19.6
432.75822064988455,-19.6,413.1582206498845,-29.400000000000002
413.1582206498845,-29.400000000000002,383.75822064988455,-39.2
383.75822064988455,-39.2,344.55822064988456,-49.0
201.57083627638056,0.0,201.57083627638056,-9.8
201.57083627638056,-9.8,191.77083627638055,-19.6
191.77083627638055,-19.6,172.17083627638056,-29.400000000000002
172.17083627638056,-29.400000000000002,142.77083627638055,-39.2
142.77083627638055,-39.2,103.57083627638055,-49.0
260.97176590349324,0.0,260.97176590349324,-9.8
260.97176590349324,-9.8,251.17176590349322,-19.6
251.17176590349322,-19.6,231.57176590349323,-29.400000000000002
231.57176590349323,-29.400000000000002,202.17176590349322,-39.2
202.17176590349322,-39.2,162.97176590349324,-49.0
98.6761282645186,0.0,98.6761282645186,-9.8
98.6761282645186,-9.8,88.8761282645186,-19.6
88.8761282645186,-19.6,69.2761282645186,-29.400000000000002
69.2761282645186,-29.400000000000002,39.8761282645186,-39.2
39.8761282645186,-39.2,0.6761282645185958,-49.0
290.1832434415651,0.0,290.1832434415651,-9.8
290.1832434415651,-9.8,280.38324344156507,-19.6
280.38324344156507,-19.6,260.78324344156505,-29.400000000000002
260.78324344156505,-29.400000000000002,231.38324344156504,-39.2
231.38324344156504,-39.2,192.18324344156503,-49.0
453.91199748941585,0.0,453.91199748941585,-9.8
453.91199748941585,-9.8,444.11199748941584,-19.6
444.11199748941584,-19.6,424.5119974894158,-29.400000000000002
424.5119974894158,-29.400000000000002,395.11199748941584,-39.2
395.11199748941584,-39.2,355.91199748941585,-49.0
290.3619125895895,0.0,290.3619125895895,-9.8
290.3619125895895,-9.8,280.5619125895895,-19.6
280.5619125895895,-19.6,260.9619125895895,-29.400000000000002
260.9619125895895,-29.400000000000002,231.56191258958947,-39.2
231.56191258958947,-39.2,192.36191258958945,-49.0
141.34972171219994,0.0,141.34972171219994,-9.8
141.34972171219994,-9.8,131.54972171219993,-19.6
131.54972171219993,-19.6,111.94972171219993,-29.400000000000002
111.94972171219993,-29.400000000000002,82.54972171219993,-39.2
82.54972171219993,-39.2,43.34972171219992,-49.0
94.14299777542949,0.0,94.14299777542949,-9.8
94.14299777542949,-9.8,84.3429977754295,-19.6
84.3429977754295,-19.6,64.7429977754295,-29.400000000000002
64.7429977754295,-29.400000000000002,35.342997775429495,-39.2
35.342997775429495,-39.2,-3.8570022245705076,-49.0
53.38865466843133,0.0,53.38865466843133,-9.8
53.38865466843133,-9.8,43.58865466843133,-19.6
43.58865466843133,-19.6,23.98865466843133,-29.400000000000002
23.98865466843133,-29.400000000000002,-5.411345331568672,-39.2
106.82344324480286,0.0,106.82344324480286,-9.8
106.82344324480286,-9.8,97.02344324480286,-19.6
97.02344324480286,-19.6,77.42344324480285,-29.400000000000002
77.42344324480285,-29.400000000000002,48.02344324480285,-39.2
48.02344324480285,-39.2,8.823443244802846,-49.0
177.8040079266613,0.0,177.8040079266613,-9.8
177.8040079266613,-9.8,168.0040079266613,-19.6
168.0040079266613,-19.6,148.4040079266613,-29.400000000000002
148.4040079266613,-29.400000000000002,119.0040079266613,-39.2
119.0040079266613,-39.2,79.8040079266613,-49.0
85.93732511855464,0.0,85.93732511855464,-9.8
85.93732511855464,-9.8,76.13732511855464,-19.6
76.13732511855464,-19.6,56.53732511855464,-29.400000000000002
56.53732511855464,-29.400000000000002,27.13732511855464,-39.2
27.13732511855464,-39.2,-12.062674881445364,-49.0
185.8594399229819,0.0,185.8594399229819,-9.8
185.8594399229819,-9.8,176.05943992298188,-19.6
176.05943992298188,-19.6,156.4594399229819,-29.400000000000002
156.4594399229819,-29.400000000000002,127.05943992298188,-39.2
127.05943992298188,-39.2,87.85943992298188,-49.0
476.31981071112745,0.0,476.31981071112745,-9.8
476.31981071112745,-9.8,466.51981071112743,-19.6
466.51981071112743,-19.6,446.9198107111274,-29.400000000000002
446.9198107111274,-29.400000000000002,417.51981071112743,-39.2
417.51981071112743,-39.2,378.31981071112745,-49.0
126.16002280751246,0.0,126.16002280751246,-9.8
126.16002280751246,-9.8,116.36002280751246,-19.6
116.36002280751246,-19.6,96.76002280751246,-29.400000000000002
96.76002280751246,-29.400000000000002,67.36002280751245,-39.2
67.36002280751245,-39.2,28.160022807512448,-49.0
319.47643848927396,0.0,319.47643848927396,-9.8
319.47643848927396,-9.8,309.67643848927395,-19.6
309.67643848927395,-19.6,290.0764384892739,-29.400000000000002
290.0764384892739,-29.400000000000002,260.67643848927395,-39.2
260.67643848927395,-39.2,221.47643848927396,-49.0
373.03969530930095,0.0,373.03969530930095,-9.8
373.03969530930095,-9.8,363.23969530930094,-19.6
363.23969530930094,-19.6,343.6396953093009,-29.400000000000002
343.6396953093009,-29.400000000000002,314.23969530930094,-39.2
314.23969530930094,-39.2,275.03969530930095,-49.0
326.8972016138999,0.0,326.8972016138999,-9.8
326.8972016138999,-9.8,317.09720161389987,-19.6
317.09720161389987,-19.6,297.49720161389985,-29.400000000000002
297.49720161389985,-29.400000000000002,268.09720161389987,-39.2
268.09720161389987,-39.2,228.89720161389988,-49.0
66.0538112199734,0.0,66.0538112199734,-9.8
66.0538112199734,-9.8,56.2538112199734,-19.6
56.2538112199734,-19.6,36.6538112199734,-29.400000000000002
36.6538112199734,-29.400000000000002,7.253811219973397,-39.2
7.253811219973397,-39.2,-31.946188780026606,-49.0
216.79527176229175,0.0,216.79527176229175,-9.8
216.79527176229175,-9.8,206.99527176229174,-19.6
206.99527176229174,-19.6,187.39527176229174,-29.400000000000002
187.39527176229174,-29.400000000000002,157.99527176229174,-39.2
157.99527176229174,-39.2,118.79527176229173,-49.0
69.15729431084534,0.0,69.15729431084534,-9.8
69.15729431084534,-9.8,59.35729431084535,-19.6
59.35729431084535,-19.6,39.757294310845346,-29.400000000000002
39.757294310845346,-29.400000000000002,10.357294310845344,-39.2
10.357294310845344,-39.2,-28.84270568915466,-49.0
235.79151370725276,0.0,235.79151370725276,-9.8
235.79151370725276,-9.8,225.99151370725275,-19.6
225.99151370725275,-19.6,206.39151370725276,-29.400000000000002
206.39151370725276,-29.400000000000002,176.99151370725275,-39.2
176.99151370725275,-39.2,137.79151370725276,-49.0
99.84175152773588,0.0,99.84175152773588,-9.8
99.84175152773588,-9.8,90.04175152773588,-19.6
90.04175152773588,-19.6,70.44175152773587,-29.400000000000002
70.44175152773587,-29.400000000000002,41.04175152773587,-39.2
41.04175152773587,-39.2,1.841751527735866,-49.0
137.76907950175413,0.0,137.76907950175413,-9.8
137.76907950175413,-9.8,127.96907950175414,-19.6
127.96907950175414,-19.6,108.36907950175413,-29.400000000000002
108.36907950175413,-29.400000000000002,78.96907950175412,-39.2
78.96907950175412,-39.2,39.76907950175412,-49.0
225.58467662500334,0.0,225.58467662500334,-9.8
225.58467662500334,-9.8,215.78467662500333,-19.6
215.78467662500333,-19.6,196.18467662500333,-29.400000000000002
196.18467662500333,-29.400000000000002,166.78467662500333,-39.2
166.78467662500333,-39.2,127.58467662500333,-49.0
331.9177027966334,0.0,331.9177027966334,-9.8
331.9177027966334,-9.8,322.1177027966334,-19.6
322.1177027966334,-19.6,302.5177027966334,-29.400000000000002
302.5177027966334,-29.400000000000002,273.1177027966334,-39.2
273.1177027966334,-39.2,233.91770279663342,-49.0
447.5535809636067,0.0,447.5535809636067,-9.8
447.5535809636067,-9.8,437.7535809636067,-19.6
437.7535809636067,-19.6,418.15358096360666,-29.400000000000002
418.15358096360666,-29.400000000000002,388.7535809636067,-39.2
388.7535809636067,-39.2,349.5535809636067,-49.0
462.72616546417976,0.0,462.72616546417976,-9.8
462.72616546417976,-9.8,452.92616546417975,-19.6
452.92616546417975,-19.6,433.3261654641797,-29.400000000000002
433.3261654641797,-29.400000000000002,403.92616546417975,-39.2
403.92616546417975,-39.2,364.72616546417976,-49.0
176.71425588910057,0.0,176.71425588910057,-9.8
176.71425588910057,-9.8,166.91425588910056,-19.6
166.91425588910056,-19.6,147.31425588910056,-29.400000000000002
147.31425588910056,-29.400000000000002,117.91425588910056,-39.2
117.91425588910056,-39.2,78.71425588910056,-49.0
343.8661633529419,0.0,343.8661633529419,-9.8
343.8661633529419,-9.8,334.0661633529419,-19.6
334.0661633529419,-19.6,314.46616335294186,-29.400000000000002
314.46616335294186,-29.400000000000002,285.0661633529419,-39.2
285.0661633529419,-39.2,245.8661633529419,-49.0
368.3799868960209,0.0,368.3799868960209,-9.8
368.3799868960209,-9.8,358.5799868960209,-19.6
358.5799868960209,-19.6,338.9799868960209,-29.400000000000002
338.9799868960209,-29.400000000000002,309.5799868960209,-39.2
309.5799868960209,-39.2,270.3799868960209,-49.0
71.91232912553134,0.0,71.91232912553134,-9.8
71.91232912553134,-9.8,62.112329125531346,-19.6
62.112329125531346,-19.6,42.512329125531345,-29.400000000000002
42.512329125531345,-29.400000000000002,13.112329125531343,-39.2
13.112329125531343,-39.2,-26.08767087446866,-49.0
289.68177733596207,0.0,289.68177733596207,-9.8
289.68177733596207,-9.8,279.88177733596206,-19.6
279.88177733596206,-19.6,260.28177733596203,-29.400000000000002
260.28177733596203,-29.400000000000002,230.88177733596203,-39.2
230.88177733596203,-39.2,191.681777335962,-49.0
462.66664435633413,0.0,462.66664435633413,-9.8
462.66664435633413,-9.8,452.8666443563341,-19.6
452.8666443563341,-19.6,433.2666443563341,-29.400000000000002
433.2666443563341,-29.400000000000002,403.8666443563341,-39.2
403.8666443563341,-39.2,364.66664435633413,-49.0
323.84401380899317,0.0,323.84401380899317,-9.8
323.84401380899317,-9.8,314.04401380899316,-19.6
314.04401380899316,-19.6,294.44401380899313,-29.400000000000002
294.44401380899313,-29.400000000000002,265.04401380899316,-39.2
265.04401380899316,-39.2,225.84401380899317,-49.0
103.69738146206275,0.0,103.69738146206275,-9.8
103.69738146206275,-9.8,93.89738146206275,-19.6
93.89738146206275,-19.6,74.29738146206276,-29.400000000000002
74.29738146206276,-29.400000000000002,44.897381462062754,-39.2
44.897381462062754,-39.2,5.697381462062751,-49.0
174.43792355883102,0.0,174.43792355883102,-9.8
174.43792355883102,-9.8,164.637923558831,-19.6
164.637923558831,-19.6,145.037923558831,-29.400000000000002
145.037923558831,-29.400000000000002,115.637923558831,-39.2
115.637923558831,-39.2,76.437923558831,-49.0
67.74353972906383,0.0,67.74353972906383,-9.8
67.74353972906383,-9.8,57.94353972906383,-19.6
57.94353972906383,-19.6,38.34353972906383,-29.400000000000002
38.34353972906383,-29.400000000000002,8.943539729063826,-39.2
8.943539729063826,-39.2,-30.256460270936177,-49.0
164.5433528118798,0.0,164.5433528118798,-9.8
164.5433528118798,-9.8,154.7433528118798,-19.6
154.7433528118798,-19.6,135.1433528118798,-29.400000000000002
135.1433528118798,-29.400000000000002,105.74335281187979,-39.2
105.74335281187979,-39.2,66.54335281187979,-49.0
227.3915407609019,0.0,227.3915407609019,-9.8
227.3915407609019,-9.8,217.5915407609019,-19.6
217.5915407609019,-19.6,197.9915407609019,-29.400000000000002
197.9915407609019,-29.400000000000002,168.5915407609019,-39.2
168.5915407609019,-39.2,129.39154076090188,-49.0
421.6695635270759,0.0,421.6695635270759,-9.8
421.6695635270759,-9.8,411.8695635270759,-19.6
411.8695635270759,-19.6,392.2695635270759,-29.400000000000002
392.2695635270759,-29.400000000000002,362.8695635270759,-39.2
362.8695635270759,-39.2,323.6695635270759,-49.0
131.61814221031483,0.0,131.61814221031483,-9.8
131.61814221031483,-9.8,121.81814221031483,-19.6
121.81814221031483,-19.6,102.21814221031482,-29.400000000000002
102.21814221031482,-29.400000000000002,72.81814221031482,-39.2
72.81814221031482,-39.2,33.618142210314815,-49.0
71.11975851393953,0.0,71.11975851393953,-9.8
71.11975851393953,-9.8,61.31975851393953,-19.6
61.31975851393953,-19.6,41.71975851393953,-29.400000000000002
41.71975851393953,-29.400000000000002,12.31975851393953,-39.2
12.31975851393953,-39.2,-26.880241486060473,-49.0
405.41309294914635,0.0,405.41309294914635,-9.8
405.41309294914635,-9.8,395.61309294914633,-19.6
395.61309294914633,-19.6,376.0130929491463,-29.400000000000002
376.0130929491463,-29.400000000000002,346.61309294914633,-39.2
346.61309294914633,-39.2,307.41309294914635,-49.0
152.5059024927678,0.0,152.5059024927678,-9.8
152.5059024927678,-9.8,142.7059024927678,-19.6
142.7059024927678,-19.6,123.1059024927678,-29.400000000000002
123.1059024927678,-29.400000000000002,93.70590249276779,-39.2
93.70590249276779,-39.2,54.50590249276779,-49.0
224.8541128072562,0.0,224.8541128072562,-9.8
224.8541128072562,-9.8,215.0541128072562,-19.6
215.0541128072562,-19.6,195.4541128072562,-29.400000000000002
195.4541128072562,-29.400000000000002,166.0541128072562,-39.2
166.0541128072562,-39.2,126.85411280725619,-49.0
75.31793866705712,0.0,75.31793866705712,-9.8
75.31793866705712,-9.8,65.51793866705712,-19.6
65.51793866705712,-19.6,45.91793866705712,-29.400000000000002
45.91793866705712,-29.400000000000002,16.51793866705712,-39.2
16.51793866705712,-39.2,-22.682061332942883,-49.0
139.7357514878223,0.0,139.7357514878223,-9.8
139.7357514878223,-9.8,129.9357514878223,-19.6
129.9357514878223,-19.6,110.33575148782231,-29.400000000000002
110.33575148782231,-29.400000000000002,80.9357514878223,-39.2
80.9357514878223,-39.2,41.7357514878223,-49.0
234.56744957668295,0.0,234.56744957668295,-9.8
234.56744957668295,-9.8,224.76744957668294,-19.6
224.76744957668294,-19.6,205.16744957668294,-29.400000000000002
205.16744957668294,-29.400000000000002,175.76744957668294,-39.2
175.76744957668294,-39.2,136.56744957668292,-49.0
409.1537720737975,0.0,409.1537720737975,-9.8
409.1537720737975,-9.8,399.3537720737975,-19.6
399.3537720737975,-19.6,379.75377207379745,-29.400000000000002
379.75377207379745,-29.400000000000002,350.3537720737975,-39.2
350.3537720737975,-39.2,311.1537720737975,-49.0
190.50568171335098,0.0,190.50568171335098,-9.8
190.50568171335098,-9.8,180.70568171335097,-19.6
180.70568171335097,-19.6,161.10568171335098,-29.400000000000002
161.10568171335098,-29.400000000000002,131.70568171335097,-39.2
131.70568171335097,-39.2,92.50568171335097,-49.0
309.66739953579656,0.0,309.66739953579656,-9.8
309.66739953579656,-9.8,299.86739953579655,-19.6
299.86739953579655,-19.6,280.2673995357965,-29.400000000000002
280.2673995357965,-29.400000000000002,250.86739953579652,-39.2
250.86739953579652,-39.2,211.6673995357965,-49.0
468.8525299508209,0.0,468.8525299508209,-9.8
468.8525299508209,-9.8,459.0525299508209,-19.6
459.0525299508209,-19.6,439.45252995082086,-29.400000000000002
439.45252995082086,-29.400000000000002,410.0525299508209,-39.2
410.0525299508209,-39.2,370.8525299508209,-49.0
205.414302429444,0.0,205.414302429444,-9.8
205.414302429444,-9.8,195.614302429444,-19.6
195.614302429444,-19.6,176.014302429444,-29.400000000000002
176.014302429444,-29.400000000000002,146.614302429444,-39.2
146.614302429444,-39.2,107.41430242944399,-49.0
334.99384578757997,0.0,334.99384578757997,-9.8
334.99384578757997,-9.8,325.19384578757996,-19.6
325.19384578757996,-19.6,305.59384578757994,-29.400000000000002
305.59384578757994,-29.400000000000002,276.19384578757996,-39.2
276.19384578757996,-39.2,236.99384578757997,-49.0
423.17756464451054,0.0,423.17756464451054,-9.8
423.17756464451054,-9.8,413.3775646445105,-19.6
413.3775646445105,-19.6,393.7775646445105,-29.400000000000002
393.7775646445105,-29.400000000000002,364.3775646445105,-39.2
364.3775646445105,-39.2,325.17756464451054,-49.0
293.64188379771474,0.0,293.64188379771474,-9.8
293.64188379771474,-9.8,283.84188379771473,-19.6
283.84188379771473,-19.6,264.2418837977147,-29.400000000000002
264.2418837977147,-29.400000000000002,234.8418837977147,-39.2
234.8418837977147,-39.2,195.64188379771468,-49.0
388.45883623920105,0.0,388.45883623920105,-9.8
388.45883623920105,-9.8,378.65883623920104,-19.6
378.65883623920104,-19.6,359.058836239201,-29.400000000000002
359.058836239201,-29.400000000000002,329.65883623920104,-39.2
329.65883623920104,-39.2,290.45883623920105,-49.0
369.5470464917741,0.0,369.5470464917741,-9.8
369.5470464917741,-9.8,359.7470464917741,-19.6
359.7470464917741,-19.6,340.14704649177406,-29.400000000000002
340.14704649177406,-29.400000000000002,310.7470464917741,-39.2
310.7470464917741,-39.2,271.5470464917741,-49.0
141.0897768416893,0.0,141.0897768416893,-9.8
141.0897768416893,-9.8,131.28977684168927,-19.6
131.28977684168927,-19.6,111.68977684168928,-29.400000000000002
111.68977684168928,-29.400000000000002,82.28977684168927,-39.2
82.28977684168927,-39.2,43.08977684168927,-49.0
259.7563467221136,0.0,259.7563467221136,-9.8
259.7563467221136,-9.8,249.9563467221136,-19.6
249.9563467221136,-19.6,230.3563467221136,-29.400000000000002
230.3563467221136,-29.400000000000002,200.9563467221136,-39.2
200.9563467221136,-39.2,161.75634672211362,-49.0
371.55044872682424,0.0,371.55044872682424,-9.8
371.55044872682424,-9.8,361.75044872682423,-19.6
361.75044872682423,-19.6,342.1504487268242,-29.400000000000002
342.1504487268242,-29.400000000000002,312.75044872682423,-39.2
312.75044872682423,-39.2,273.55044872682424,-49.0
428.67386039429607,0.0,428.67386039429607,-9.8
428.67386039429607,-9.8,418.87386039429606,-19.6
418.87386039429606,-19.6,399.27386039429604,-29.400000000000002
399.27386039429604,-29.400000000000002,369.87386039429606,-39.2
369.87386039429606,-39.2,330.67386039429607,-49.0
244.4821480817729,0.0,244.4821480817729,-9.8
244.4821480817729,-9.8,234.68214808177288,-19.6
234.68214808177288,-19.6,215.08214808177289,-29.400000000000002
215.08214808177289,-29.400000000000002,185.68214808177288,-39.2
185.68214808177288,-39.2,146.4821480817729,-49.0
409.0555279789692,0.0,409.0555279789692,-9.8
409.0555279789692,-9.8,399.2555279789692,-19.6
399.2555279789692,-19.6,379.6555279789692,-29.400000000000002
379.6555279789692,-29.400000000000002,350.2555279789692,-39.2
350.2555279789692,-39.2,311.0555279789692,-49.0
189.3846619060272,0.0,189.3846619060272,-9.8
189.3846619060272,-9.8,179.58466190602718,-19.6
179.58466190602718,-19.6,159.98466190602718,-29.400000000000002
159.98466190602718,-29.400000000000002,130.58466190602718,-39.2
130.58466190602718,-39.2,91.38466190602718,-49.0
127.82977119671882,0.0,127.82977119671882,-9.8
127.82977119671882,-9.8,118.02977119671883,-19.6
118.02977119671883,-19.6,98.42977119671883,-29.400000000000002
98.42977119671883,-29.400000000000002,69.02977119671883,-39.2
69.02977119671883,-39.2,29.829771196718823,-49.0
468.21927973588123,0.0,468.21927973588123,-9.8
468.21927973588123,-9.8,458.4192797358812,-19.6
458.4192797358812,-19.6,438.8192797358812,-29.400000000000002
438.8192797358812,-29.400000000000002,409.4192797358812,-39.2
409.4192797358812,-39.2,370.21927973588123,-49.0
53.29661245900567,0.0,53.29661245900567,-9.8
53.29661245900567,-9.8,43.496612459005675,-19.6
43.496612459005675,-19.6,23.896612459005674,-29.400000000000002
23.896612459005674,-29.400000000000002,-5.5033875409943285,-39.2
280.61578646717123,0.0,280.61578646717123,-9.8
280.61578646717123,-9.8,270.8157864671712,-19.6
270.8157864671712,-19.6,251.21578646717123,-29.400000000000002
251.21578646717123,-29.400000000000002,221.81578646717122,-39.2
221.81578646717122,-39.2,182.61578646717123,-49.0
478.63267548762445,0.0,478.63267548762445,-9.8
478.63267548762445,-9.8,468.83267548762444,-19.6
468.83267548762444,-19.6,449.2326754876244,-29.400000000000002
449.2326754876244,-29.400000000000002,419.83267548762444,-39.2
419.83267548762444,-39.2,380.63267548762445,-49.0
361.051225522574,0.0,361.051225522574,-9.8
361.051225522574,-9.8,351.251225522574,-19.6
351.251225522574,-19.6,331.65122552257395,-29.400000000000002
331.65122552257395,-29.400000000000002,302.251225522574,-39.2
302.251225522574,-39.2,263.051225522574,-49.0
318.168099693245,0.0,318.168099693245,-9.8
318.168099693245,-9.8,308.368099693245,-19.6
308.368099693245,-19.6,288.76809969324495,-29.400000000000002
288.76809969324495,-29.400000000000002,259.368099693245,-39.2
259.368099693245,-39.2,220.16809969324498,-49.0
175.50707827521254,0.0,175.50707827521254,-9.8
175.50707827521254,-9.8,165.70707827521252,-19.6
165.70707827521252,-19.6,146.10707827521253,-29.400000000000002
146.10707827521253,-29.400000000000002,116.70707827521252,-39.2
116.70707827521252,-39.2,77.50707827521252,-49.0
140.8703499493188,0.0,140.8703499493188,-9.8
140.8703499493188,-9.8,131.0703499493188,-19.6
131.0703499493188,-19.6,111.4703499493188,-29.400000000000002
111.4703499493188,-29.400000000000002,82.0703499493188,-39.2
82.0703499493188,-39.2,42.87034994931879,-49.0
261.57961708738753,0.0,261.57961708738753,-9.8
261.57961708738753,-9.8,251.77961708738752,-19.6
251.77961708738752,-19.6,232.17961708738753,-29.400000000000002
232.17961708738753,-29.400000000000002,202.77961708738752,-39.2
202.77961708738752,-39.2,163.57961708738753,-49.0
251.09572284455248,0.0,251.09572284455248,-9.8
251.09572284455248,-9.8,241.29572284455247,-19.6
241.29572284455247,-19.6,221.69572284455248,-29.400000000000002
221.69572284455248,-29.400000000000002,192.29572284455247,-39.2
192.29572284455247,-39.2,153.09572284455248,-49.0
79.87448977454359,0.0,79.87448977454359,-9.8
79.87448977454359,-9.8,70.0744897745436,-19.6
70.0744897745436,-19.6,50.47448977454359,-29.400000000000002
50.47448977454359,-29.400000000000002,21.07448977454359,-39.2
21.07448977454359,-39.2,-18.125510225456413,-49.0
462.65887768415234,0.0,462.65887768415234,-9.8
462.65887768415234,-9.8,452.85887768415233,-19.6
452.85887768415233,-19.6,433.2588776841523,-29.400000000000002
433.2588776841523,-29.400000000000002,403.85887768415233,-39.2
403.85887768415233,-39.2,364.65887768415234,-49.0
486.97877000635,0.0,486.97877000635,-9.8
486.97877000635,-9.8,477.17877000634996,-19.6
477.17877000634996,-19.6,457.57877000634994,-29.400000000000002
457.57877000634994,-29.400000000000002,428.17877000634996,-39.2
428.17877000634996,-39.2,388.97877000635,-49.0
135.01529974206946,0.0,135.01529974206946,-9.8
135.01529974206946,-9.8,125.21529974206946,-19.6
125.21529974206946,-19.6,105.61529974206945,-29.400000000000002
105.61529974206945,-29.400000000000002,76.21529974206945,-39.2
76.21529974206945,-39.2,37.015299742069445,-49.0
191.39080835279262,0.0,191.39080835279262,-9.8
191.39080835279262,-9.8,181.5908083527926,-19.6
181.5908083527926,-19.6,161.9908083527926,-29.400000000000002
161.9908083527926,-29.400000000000002,132.5908083527926,-39.2
132.5908083527926,-39.2,93.3908083527926,-49.0
195.80294963440056,0.0,195.80294963440056,-9.8
195.80294963440056,-9.8,186.00294963440055,-19.6
186.00294963440055,-19.6,166.40294963440056,-29.400000000000002
166.40294963440056,-29.400000000000002,137.00294963440055,-39.2
137.00294963440055,-39.2,97.80294963440055,-49.0
187.6112237953726,0.0,187.6112237953726,-9.8
187.6112237953726,-9.8,177.8112237953726,-19.6
177.8112237953726,-19.6,158.2112237953726,-29.400000000000002
158.2112237953726,-29.400000000000002,128.8112237953726,-39.2
128.8112237953726,-39.2,89.6112237953726,-49.0
167.09893306685427,0.0,167.09893306685427,-9.8
167.09893306685427,-9.8,157.29893306685426,-19.6
157.29893306685426,-19.6,137.69893306685427,-29.400000000000002
137.69893306685427,-29.400000000000002,108.29893306685426,-39.2
108.29893306685426,-39.2,69.09893306685426,-49.0
376.8971355873243,0.0,376.8971355873243,-9.8
376.8971355873243,-9.8,367.0971355873243,-19.6
367.0971355873243,-19.6,347.4971355873243,-29.400000000000002
347.4971355873243,-29.400000000000002,318.0971355873243,-39.2
318.0971355873243,-39.2,278.8971355873243,-49.0
487.63675014557526,0.0,487.63675014557526,-9.8
487.63675014557526,-9.8,477.83675014557525,-19.6
477.83675014557525,-19.6,458.23675014557523,-29.400000000000002
458.23675014557523,-29.400000000000002,428.83675014557525,-39.2
428.83675014557525,-39.2,389.63675014557526,-49.0
95.35473361828024,0.0,95.35473361828024,-9.8
95.35473361828024,-9.8,85.55473361828024,-19.6
85.55473361828024,-19.6,65.95473361828024,-29.400000000000002
65.95473361828024,-29.400000000000002,36.55473361828024,-39.2
36.55473361828024,-39.2,-2.6452663817197646,-49.0
150.16587539229613,0.0,150.16587539229613,-9.8
150.16587539229613,-9.8,140.36587539229612,-19.6
140.36587539229612,-19.6,120.76587539229612,-29.400000000000002
120.76587539229612,-29.400000000000002,91.36587539229612,-39.2
91.36587539229612,-39.2,52.165875392296115,-49.0
80.95495314182871,0.0,80.95495314182871,-9.8
80.95495314182871,-9.8,71.15495314182871,-19.6
71.15495314182871,-19.6,51.55495314182871,-29.400000000000002
51.55495314182871,-29.400000000000002,22.15495314182871,-39.2
22.15495314182871,-39.2,-17.045046858171293,-49.0
428.08803455959105,0.0,428.08803455959105,-9.8
428.08803455959105,-9.8,418.28803455959104,-19.6
418.28803455959104,-19.6,398.688034559591,-29.400000000000002
398.688034559591,-29.400000000000002,369.28803455959104,-39.2
369.28803455959104,-39.2,330.08803455959105,-49.0
161.58189136351768,0.0,161.58189136351768,-9.8
161.58189136351768,-9.8,151.78189136351767,-19.6
151.78189136351767,-19.6,132.18189136351768,-29.400000000000002
132.18189136351768,-29.400000000000002,102.78189136351767,-39.2
102.78189136351767,-39.2,63.58189136351767,-49.0
53.98424754867383,0.0,53.98424754867383,-9.8
53.98424754867383,-9.8,44.184247548673824,-19.6
44.184247548673824,-19.6,24.584247548673822,-29.400000000000002
24.584247548673822,-29.400000000000002,-4.81575245132618,-39.2
199.72753098479222,0.0,199.72753098479222,-9.8
199.72753098479222,-9.8,189.9275309847922,-19.6
189.9275309847922,-19.6,170.32753098479222,-29.400000000000002
170.32753098479222,-29.400000000000002,140.9275309847922,-39.2
140.9275309847922,-39.2,101.72753098479221,-49.0
299.2300425729421,0.0,299.2300425729421,-9.8
299.2300425729421,-9.8,289.4300425729421,-19.6
289.4300425729421,-19.6,269.8300425729421,-29.400000000000002
269.8300425729421,-29.400000000000002,240.43004257294209,-39.2
240.43004257294209,-39.2,201.23004257294207,-49.0
499.6762724621807,0.0,499.6762724621807,-9.8
499.6762724621807,-9.8,489.8762724621807,-19.6
489.8762724621807,-19.6,470.27627246218066,-29.400000000000002
470.27627246218066,-29.400000000000002,440.8762724621807,-39.2
440.8762724621807,-39.2,401.6762724621807,-49.0
171.11340929989558,0.0,171.11340929989558,-9.8
171.11340929989558,-9.8,161.31340929989557,-19.6
161.31340929989557,-19.6,141.71340929989557,-29.400000000000002
141.71340929989557,-29.400000000000002,112.31340929989557,-39.2
112.31340929989557,-39.2,73.11340929989557,-49.0
149.73875229806703,0.0,149.73875229806703,-9.8
149.73875229806703,-9.8,139.93875229806702,-19.6
139.93875229806702,-19.6,120.33875229806702,-29.400000000000002
120.33875229806702,-29.400000000000002,90.93875229806702,-39.2
90.93875229806702,-39.2,51.73875229806701,-49.0
100.39370552704739,0.0,100.39370552704739,-9.8
100.39370552704739,-9.8,90.59370552704739,-19.6
90.59370552704739,-19.6,70.99370552704738,-29.400000000000002
70.99370552704738,-29.400000000000002,41.593705527047376,-39.2
41.593705527047376,-39.2,2.3937055270473735,-49.0
228.77185044146594,0.0,228.77185044146594,-9.8
228.77185044146594,-9.8,218.97185044146593,-19.6
218.97185044146593,-19.6,199.37185044146594,-29.400000000000002
199.37185044146594,-29.400000000000002,169.97185044146593,-39.2
169.97185044146593,-39.2,130.77185044146592,-49.0
119.64326071418076,0.0,119.64326071418076,-9.8
119.64326071418076,-9.8,109.84326071418076,-19.6
109.84326071418076,-19.6,90.24326071418076,-29.400000000000002
90.24326071418076,-29.400000000000002,60.84326071418076,-39.2
60.84326071418076,-39.2,21.643260714180755,-49.0
257.02092533238374,0.0,257.02092533238374,-9.8
257.02092533238374,-9.8,247.22092533238373,-19.6
247.22092533238373,-19.6,227.62092533238373,-29.400000000000002
227.62092533238373,-29.400000000000002,198.22092533238373,-39.2
198.22092533238373,-39.2,159.02092533238374,-49.0
347.5670502268836,0.0,347.5670502268836,-9.8
347.5670502268836,-9.8,337.7670502268836,-19.6
337.7670502268836,-19.6,318.1670502268836,-29.400000000000002
318.1670502268836,-29.400000000000002,288.7670502268836,-39.2
288.7670502268836,-39.2,249.56705022688362,-49.0
230.09972738639047,0.0,230.09972738639047,-9.8
230.09972738639047,-9.8,220.29972738639046,-19.6
220.29972738639046,-19.6,200.69972738639046,-29.400000000000002
200.69972738639046,-29.400000000000002,171.29972738639046,-39.2
171.29972738639046,-39.2,132.09972738639044,-49.0
485.7401830029381,0.0,485.7401830029381,-9.8
485.7401830029381,-9.8,475.9401830029381,-19.6
475.9401830029381,-19.6,456.3401830029381,-29.400000000000002
456.3401830029381,-29.400000000000002,426.9401830029381,-39.2
426.9401830029381,-39.2,387.7401830029381,-49.0
328.0509967722384,0.0,328.0509967722384,-9.8
328.0509967722384,-9.8,318.2509967722384,-19.6
318.2509967722384,-19.6,298.6509967722384,-29.400000000000002
298.6509967722384,-29.400000000000002,269.2509967722384,-39.2
269.2509967722384,-39.2,230.05099677223842,-49.0
383.33827804729304,0.0,383.33827804729304,-9.8
383.33827804729304,-9.8,373.53827804729303,-19.6
373.53827804729303,-19.6,353.938278047293,-29.400000000000002
353.938278047293,-29.400000000000002,324.53827804729303,-39.2
324.53827804729303,-39.2,285.33827804729304,-49.0
283.9162629027984,0.0,283.9162629027984,-9.8
283.9162629027984,-9.8,274.1162629027984,-19.6
274.1162629027984,-19.6,254.5162629027984,-29.400000000000002
254.5162629027984,-29.400000000000002,225.11626290279838,-39.2
225.11626290279838,-39.2,185.9162629027984,-49.0
469.3039836437889,0.0,469.3039836437889,-9.8
469.3039836437889,-9.8,459.5039836437889,-19.6
459.5039836437889,-19.6,439.9039836437889,-29.400000000000002
439.9039836437889,-29.400000000000002,410.5039836437889,-39.2
410.5039836437889,-39.2,371.3039836437889,-49.0
88.02035658889584,0.0,88.02035658889584,-9.8
88.02035658889584,-9.8,78.22035658889584,-19.6
78.22035658889584,-19.6,58.62035658889584,-29.400000000000002
58.62035658889584,-29.400000000000002,29.220356588895836,-39.2
29.220356588895836,-39.2,-9.979643411104167,-49.0
229.41121796476165,0.0,229.41121796476165,-9.8
229.41121796476165,-9.8,219.61121796476164,-19.6
219.61121796476164,-19.6,200.01121796476164,-29.400000000000002
200.01121796476164,-29.400000000000002,170.61121796476164,-39.2
170.61121796476164,-39.2,131.41121796476165,-49.0
441.53432520216666,0.0,441.53432520216666,-9.8
441.53432520216666,-9.8,431.73432520216664,-19.6
431.73432520216664,-19.6,412.1343252021666,-29.400000000000002
412.1343252021666,-29.400000000000002,382.73432520216664,-39.2
382.73432520216664,-39.2,343.53432520216666,-49.0
425.1287905842474,0.0,425.1287905842474,-9.8
425.1287905842474,-9.8,415.3287905842474,-19.6
415.3287905842474,-19.6,395.72879058424735,-29.400000000000002
395.72879058424735,-29.400000000000002,366.3287905842474,-39.2
366.3287905842474,-39.2,327.1287905842474,-49.0
165.19407780944482,0.0,165.19407780944482,-9.8
165.19407780944482,-9.8,155.3940778094448,-19.6
155.3940778094448,-19.6,135.79407780944481,-29.400000000000002
135.79407780944481,-29.400000000000002,106.39407780944481,-39.2
106.39407780944481,-39.2,67.1940778094448,-49.0
307.0476278262643,0.0,307.0476278262643,-9.8
307.0476278262643,-9.8,297.2476278262643,-19.6
297.2476278262643,-19.6,277.6476278262643,-29.400000000000002
277.6476278262643,-29.400000000000002,248.24762782626428,-39.2
248.24762782626428,-39.2,209.04762782626426,-49.0
258.99354868247696,0.0,258.99354868247696,-9.8
258.99354868247696,-9.8,249.19354868247694,-19.6
249.19354868247694,-19.6,229.59354868247695,-29.400000000000002
229.59354868247695,-29.400000000000002,200.19354868247694,-39.2
200.19354868247694,-39.2,160.99354868247696,-49.0
386.401403549033,0.0,386.401403549033,-9.8
386.401403549033,-9.8,376.60140354903297,-19.6
376.60140354903297,-19.6,357.00140354903294,-29.400000000000002
357.00140354903294,-29.400000000000002,327.60140354903297,-39.2
327.60140354903297,-39.2,288.401403549033,-49.0
298.0474010674252,0.0,298.0474010674252,-9.8
298.0474010674252,-9.8,288.2474010674252,-19.6
288.2474010674252,-19.6,268.64740106742516,-29.400000000000002
268.64740106742516,-29.400000000000002,239.24740106742516,-39.2
239.24740106742516,-39.2,200.04740106742514,-49.0
299.7359974784241,0.0,299.7359974784241,-9.8
299.7359974784241,-9.8,289.9359974784241,-19.6
289.9359974784241,-19.6,270.3359974784241,-29.400000000000002
270.3359974784241,-29.400000000000002,240.93599747842407,-39.2
240.93599747842407,-39.2,201.73599747842405,-49.0
177.7693196634749,0.0,177.7693196634749,-9.8
177.7693196634749,-9.8,167.9693196634749,-19.6
167.9693196634749,-19.6,148.3693196634749,-29.400000000000002
148.3693196634749,-29.400000000000002,118.96931966347489,-39.2
118.96931966347489,-39.2,79.76931966347489,-49.0
490.97667915612396,0.0,490.97667915612396,-9.8
490.97667915612396,-9.8,481.17667915612395,-19.6
481.17667915612395,-19.6,461.57667915612393,-29.400000000000002
461.57667915612393,-29.400000000000002,432.17667915612395,-39.2
432.17667915612395,-39.2,392.97667915612396,-49.0
325.0672302581839,0.0,325.0672302581839,-9.8
325.0672302581839,-9.8,315.2672302581839,-19.6
315.2672302581839,-19.6,295.66723025818385,-29.400000000000002
295.66723025818385,-29.400000000000002,266.2672302581839,-39.2
266.2672302581839,-39.2,227.06723025818388,-49.0
172.1848006726944,0.0,172.1848006726944,-9.8
172.1848006726944,-9.8,162.38480067269438,-19.6
162.38480067269438,-19.6,142.7848006726944,-29.400000000000002
142.7848006726944,-29.400000000000002,113.38480067269438,-39.2
113.38480067269438,-39.2,74.18480067269438,-49.0
226.22599352876082,0.0,226.22599352876082,-9.8
226.22599352876082,-9.8,216.4259935287608,-19.6
216.4259935287608,-19.6,196.82599352876082,-29.400000000000002
196.82599352876082,-29.400000000000002,167.4259935287608,-39.2
167.4259935287608,-39.2,128.2259935287608,-49.0
150.29759792582945,0.0,150.29759792582945,-9.8
150.29759792582945,-9.8,140.49759792582944,-19.6
140.49759792582944,-19.6,120.89759792582944,-29.400000000000002
120.89759792582944,-29.400000000000002,91.49759792582944,-39.2
91.49759792582944,-39.2,52.297597925829436,-49.0
296.60340517486486,0.0,296.60340517486486,-9.8
296.60340517486486,-9.8,286.80340517486485,-19.6
286.80340517486485,-19.6,267.2034051748648,-29.400000000000002
267.2034051748648,-29.400000000000002,237.80340517486482,-39.2
237.80340517486482,-39.2,198.6034051748648,-49.0
100.60049479705913,0.0,100.60049479705913,-9.8
100.60049479705913,-9.8,90.80049479705913,-19.6
90.80049479705913,-19.6,71.20049479705912,-29.400000000000002
71.20049479705912,-29.400000000000002,41.800494797059116,-39.2
41.800494797059116,-39.2,2.6004947970591132,-49.0
289.7166130240517,0.0,289.7166130240517,-9.8
289.7166130240517,-9.8,279.9166130240517,-19.6
279.9166130240517,-19.6,260.31661302405166,-29.400000000000002
260.31661302405166,-29.400000000000002,230.91661302405166,-39.2
230.91661302405166,-39.2,191.71661302405164,-49.0
275.38276912360925,0.0,275.38276912360925,-9.8
275.38276912360925,-9.8,265.58276912360924,-19.6
265.58276912360924,-19.6,245.98276912360924,-29.400000000000002
245.98276912360924,-29.400000000000002,216.58276912360924,-39.2
216.58276912360924,-39.2,177.38276912360925,-49.0
82.7756337085882,0.0,82.7756337085882,-9.8
82.7756337085882,-9.8,72.9756337085882,-19.6
72.9756337085882,-19.6,53.375633708588204,-29.400000000000002
53.375633708588204,-29.400000000000002,23.9756337085882,-39.2
23.9756337085882,-39.2,-15.224366291411801,-49.0
259.7204249946862,0.0,259.7204249946862,-9.8
259.7204249946862,-9.8,249.9204249946862,-19.6
249.9204249946862,-19.6,230.3204249946862,-29.400000000000002
230.3204249946862,-29.400000000000002,200.9204249946862,-39.2
200.9204249946862,-39.2,161.7204249946862,-49.0
174.03578114818671,0.0,174.03578114818671,-9.8
174.03578114818671,-9.8,164.2357811481867,-19.6
164.2357811481867,-19.6,144.6357811481867,-29.400000000000002
144.6357811481867,-29.400000000000002,115.2357811481867,-39.2
115.2357811481867,-39.2,76.0357811481867,-49.0
379.9239008344481,0.0,379.9239008344481,-9.8
379.9239008344481,-9.8,370.1239008344481,-19.6
370.1239008344481,-19.6,350.52390083444806,-29.400000000000002
350.52390083444806,-29.400000000000002,321.1239008344481,-39.2
321.1239008344481,-39.2,281.9239008344481,-49.0
321.1630801200721,0.0,321.1630801200721,-9.8
321.1630801200721,-9.8,311.3630801200721,-19.6
311.3630801200721,-19.6,291.76308012007206,-29.400000000000002
291.76308012007206,-29.400000000000002,262.3630801200721,-39.2
262.3630801200721,-39.2,223.1630801200721,-49.0
316.5075844783081,0.0,316.5075844783081,-9.8
316.5075844783081,-9.8,306.7075844783081,-19.6
306.7075844783081,-19.6,287.10758447830807,-29.400000000000002
287.10758447830807,-29.400000000000002,257.7075844783081,-39.2
257.7075844783081,-39.2,218.5075844783081,-49.0
422.38147713023665,0.0,422.38147713023665,-9.8
422.38147713023665,-9.8,412.58147713023664,-19.6
412.58147713023664,-19.6,392.9814771302366,-29.400000000000002
392.9814771302366,-29.400000000000002,363.58147713023664,-39.2
363.58147713023664,-39.2,324.38147713023665,-49.0
355.41476813736944,0.0,355.41476813736944,-9.8
355.41476813736944,-9.8,345.6147681373694,-19.6
345.6147681373694,-19.6,326.0147681373694,-29.400000000000002
326.0147681373694,-29.400000000000002,296.6147681373694,-39.2
296.6147681373694,-39.2,257.41476813736944,-49.0
141.71175982091097,0.0,141.71175982091097,-9.8
141.71175982091097,-9.8,131.91175982091096,-19.6
131.91175982091096,-19.6,112.31175982091096,-29.400000000000002
112.31175982091096,-29.400000000000002,82.91175982091096,-39.2
82.91175982091096,-39.2,43.711759820910956,-49.0
129.86317870069524,0.0,129.86317870069524,-9.8
129.86317870069524,-9.8,120.06317870069525,-19.6
120.06317870069525,-19.6,100.46317870069524,-29.400000000000002
100.46317870069524,-29.400000000000002,71.06317870069523,-39.2
71.06317870069523,-39.2,31.86317870069523,-49.0
90.68200753427408,0.0,90.68200753427408,-9.8
90.68200753427408,-9.8,80.88200753427408,-19.6
80.88200753427408,-19.6,61.28200753427408,-29.400000000000002
61.28200753427408,-29.400000000000002,31.882007534274077,-39.2
31.882007534274077,-39.2,-7.317992465725926,-49.0
427.90702845450005,0.0,427.90702845450005,-9.8
427.90702845450005,-9.8,418.10702845450004,-19.6
418.10702845450004,-19.6,398.5070284545,-29.400000000000002
398.5070284545,-29.400000000000002,369.10702845450004,-39.2
369.10702845450004,-39.2,329.90702845450005,-49.0
405.0585265730811,0.0,405.0585265730811,-9.8
405.0585265730811,-9.8,395.2585265730811,-19.6
395.2585265730811,-19.6,375.6585265730811,-29.400000000000002
375.6585265730811,-29.400000000000002,346.2585265730811,-39.2
346.2585265730811,-39.2,307.0585265730811,-49.0
179.54381175493376,0.0,179.54381175493376,-9.8
179.54381175493376,-9.8,169.74381175493374,-19.6
169.74381175493374,-19.6,150.14381175493375,-29.400000000000002
150.14381175493375,-29.400000000000002,120.74381175493374,-39.2
120.74381175493374,-39.2,81.54381175493374,-49.0
300.01730451257345,0.0,300.01730451257345,-9.8
300.01730451257345,-9.8,290.21730451257343,-19.6
290.21730451257343,-19.6,270.6173045125734,-29.400000000000002
270.6173045125734,-29.400000000000002,241.2173045125734,-39.2
241.2173045125734,-39.2,202.0173045125734,-49.0
444.7456353287882,0.0,444.7456353287882,-9.8
444.7456353287882,-9.8,434.94563532878817,-19.6
434.94563532878817,-19.6,415.34563532878815,-29.400000000000002
415.34563532878815,-29.400000000000002,385.94563532878817,-39.2
385.94563532878817,-39.2,346.7456353287882,-49.0
59.318624114722745,0.0,59.318624114722745,-9.8
59.318624114722745,-9.8,49.51862411472274,-19.6
49.51862411472274,-19.6,29.91862411472274,-29.400000000000002
29.91862411472274,-29.400000000000002,0.5186241147227371,-39.2
0.5186241147227371,-39.2,-38.68137588527726,-49.0
272.93823416934697,0.0,272.93823416934697,-9.8
272.93823416934697,-9.8,263.13823416934696,-19.6
263.13823416934696,-19.6,243.53823416934696,-29.400000000000002
243.53823416934696,-29.400000000000002,214.13823416934696,-39.2
214.13823416934696,-39.2,174.93823416934697,-49.0
397.5902816858818,0.0,397.5902816858818,-9.8
397.5902816858818,-9.8,387.7902816858818,-19.6
387.7902816858818,-19.6,368.19028168588176,-29.400000000000002
368.19028168588176,-29.400000000000002,338.7902816858818,-39.2
338.7902816858818,-39.2,299.5902816858818,-49.0
88.25333154717991,0.0,88.25333154717991,-9.8
88.25333154717991,-9.8,78.45333154717991,-19.6
78.45333154717991,-19.6,58.85333154717991,-29.400000000000002
58.85333154717991,-29.400000000000002,29.45333154717991,-39.2
29.45333154717991,-39.2,-9.746668452820092,-49.0
397.5949624686485,0.0,397.5949624686485,-9.8
397.5949624686485,-9.8,387.79496246864846,-19.6
387.79496246864846,-19.6,368.19496246864844,-29.400000000000002
368.19496246864844,-29.400000000000002,338.79496246864846,-39.2
338.79496246864846,-39.2,299.5949624686485,-49.0
284.097156026913,0.0,284.097156026913,-9.8
284.097156026913,-9.8,274.297156026913,-19.6
274.297156026913,-19.6,254.697156026913,-29.400000000000002
254.697156026913,-29.400000000000002,225.297156026913,-39.2
225.297156026913,-39.2,186.097156026913,-49.0
256.446726179002,0.0,256.446726179002,-9.8
256.446726179002,-9.8,246.64672617900197,-19.6
246.64672617900197,-19.6,227.04672617900198,-29.400000000000002
227.04672617900198,-29.400000000000002,197.64672617900197,-39.2
197.64672617900197,-39.2,158.44672617900198,-49.0
284.1636812430529,0.0,284.1636812430529,-9.8
284.1636812430529,-9.8,274.3636812430529,-19.6
274.3636812430529,-19.6,254.7636812430529,-29.400000000000002
254.7636812430529,-29.400000000000002,225.3636812430529,-39.2
225.3636812430529,-39.2,186.1636812430529,-49.0
414.2036686730065,0.0,414.2036686730065,-9.8
414.2036686730065,-9.8,404.4036686730065,-19.6
404.4036686730065,-19.6,384.8036686730065,-29.400000000000002
384.8036686730065,-29.400000000000002,355.4036686730065,-39.2
355.4036686730065,-39.2,316.2036686730065,-49.0
484.56786661505106,0.0,484.56786661505106,-9.8
484.56786661505106,-9.8,474.76786661505105,-19.6
474.76786661505105,-19.6,455.167866615051,-29.400000000000002
455.167866615051,-29.400000000000002,425.76786661505105,-39.2
425.76786661505105,-39.2,386.56786661505106,-49.0
439.1636493149789,0.0,439.1636493149789,-9.8
439.1636493149789,-9.8,429.3636493149789,-19.6
429.3636493149789,-19.6,409.76364931497886,-29.400000000000002
409.76364931497886,-29.400000000000002,380.3636493149789,-39.2
380.3636493149789,-39.2,341.1636493149789,-49.0
135.62659094899476,0.0,135.62659094899476,-9.8
135.62659094899476,-9.8,125.82659094899476,-19.6
125.82659094899476,-19.6,106.22659094899475,-29.400000000000002
106.22659094899475,-29.400000000000002,76.82659094899475,-39.2
76.82659094899475,-39.2,37.626590948994746,-49.0
131.73938121012398,0.0,131.73938121012398,-9.8
131.73938121012398,-9.8,121.93938121012398,-19.6
121.93938121012398,-19.6,102.33938121012397,-29.400000000000002
102.33938121012397,-29.400000000000002,72.93938121012397,-39.2
72.93938121012397,-39.2,33.739381210123966,-49.0
491.14373327785063,0.0,491.14373327785063,-9.8
491.14373327785063,-9.8,481.3437332778506,-19.6
481.3437332778506,-19.6,461.7437332778506,-29.400000000000002
461.7437332778506,-29.400000000000002,432.3437332778506,-39.2
432.3437332778506,-39.2,393.14373327785063,-49.0
68.81347051242722,0.0,68.81347051242722,-9.8
68.81347051242722,-9.8,59.01347051242722,-19.6
59.01347051242722,-19.6,39.41347051242722,-29.400000000000002
39.41347051242722,-29.400000000000002,10.013470512427215,-39.2
10.013470512427215,-39.2,-29.186529487572788,-49.0
177.56558614016666,0.0,177.56558614016666,-9.8
177.56558614016666,-9.8,167.76558614016665,-19.6
167.76558614016665,-19.6,148.16558614016665,-29.400000000000002
148.16558614016665,-29.400000000000002,118.76558614016665,-39.2
118.76558614016665,-39.2,79.56558614016664,-49.0
404.5071254117469,0.0,404.5071254117469,-9.8
404.5071254117469,-9.8,394.7071254117469,-19.6
394.7071254117469,-19.6,375.1071254117469,-29.400000000000002
375.1071254117469,-29.400000000000002,345.7071254117469,-39.2
345.7071254117469,-39.2,306.5071254117469,-49.0
382.5142148693023,0.0,382.5142148693023,-9.8
382.5142148693023,-9.8,372.7142148693023,-19.6
372.7142148693023,-19.6,353.11421486930226,-29.400000000000002
353.11421486930226,-29.400000000000002,323.7142148693023,-39.2
323.7142148693023,-39.2,284.5142148693023,-49.0
210.45628812750113,0.0,210.45628812750113,-9.8
210.45628812750113,-9.8,200.6562881275011,-19.6
200.6562881275011,-19.6,181.05628812750112,-29.400000000000002
181.05628812750112,-29.400000000000002,151.6562881275011,-39.2
151.6562881275011,-39.2,112.45628812750111,-49.0
85.78307287742425,0.0,85.78307287742425,-9.8
85.78307287742425,-9.8,75.98307287742425,-19.6
75.98307287742425,-19.6,56.38307287742425,-29.400000000000002
56.38307287742425,-29.400000000000002,26.983072877424245,-39.2
26.983072877424245,-39.2,-12.216927122575758,-49.0
214.4708617029815,0.0,214.4708617029815,-9.8
214.4708617029815,-9.8,204.67086170298148,-19.6
204.67086170298148,-19.6,185.0708617029815,-29.400000000000002
185.0708617029815,-29.400000000000002,155.67086170298148,-39.2
155.67086170298148,-39.2,116.47086170298148,-49.0
170.42141002937498,0.0,170.42141002937498,-9.8
170.42141002937498,-9.8,160.62141002937497,-19.6
160.62141002937497,-19.6,141.02141002937498,-29.400000000000002
141.02141002937498,-29.400000000000002,111.62141002937497,-39.2
111.62141002937497,-39.2,72.42141002937497,-49.0
342.38037132876224,0.0,342.38037132876224,-9.8
342.38037132876224,-9.8,332.5803713287622,-19.6
332.5803713287622,-19.6,312.9803713287622,-29.400000000000002
312.9803713287622,-29.400000000000002,283.5803713287622,-39.2
283.5803713287622,-39.2,244.38037132876224,-49.0
408.942970393593,0.0,408.942970393593,-9.8
408.942970393593,-9.8,399.142970393593,-19.6
399.142970393593,-19.6,379.54297039359295,-29.400000000000002
379.54297039359295,-29.400000000000002,350.142970393593,-39.2
350.142970393593,-39.2,310.942970393593,-49.0
360.2225725317842,0.0,360.2225725317842,-9.8
360.2225725317842,-9.8,350.42257253178417,-19.6
350.42257253178417,-19.6,330.82257253178415,-29.400000000000002
330.82257253178415,-29.400000000000002,301.42257253178417,-39.2
301.42257253178417,-39.2,262.2225725317842,-49.0
249.27954601174372,0.0,249.27954601174372,-9.8
249.27954601174372,-9.8,239.4795460117437,-19.6
239.4795460117437,-19.6,219.8795460117437,-29.400000000000002
219.8795460117437,-29.400000000000002,190.4795460117437,-39.2
190.4795460117437,-39.2,151.27954601174372,-49.0
181.84765409732955,0.0,181.84765409732955,-9.8
181.84765409732955,-9.8,172.04765409732954,-19.6
172.04765409732954,-19.6,152.44765409732955,-29.400000000000002
152.44765409732955,-29.400000000000002,123.04765409732954,-39.2
123.04765409732954,-39.2,83.84765409732954,-49.0
67.5615397308614,0.0,67.5615397308614,-9.8
67.5615397308614,-9.8,57.7615397308614,-19.6
57.7615397308614,-19.6,38.1615397308614,-29.400000000000002
38.1615397308614,-29.400000000000002,8.761539730861397,-39.2
8.761539730861397,-39.2,-30.438460269138606,-49.0
297.53216537502374,0.0,297.53216537502374,-9.8
297.53216537502374,-9.8,287.7321653750237,-19.6
287.7321653750237,-19.6,268.1321653750237,-29.400000000000002
268.1321653750237,-29.400000000000002,238.7321653750237,-39.2
238.7321653750237,-39.2,199.53216537502368,-49.0
125.41459949349264,0.0,125.41459949349264,-9.8
125.41459949349264,-9.8,115.61459949349265,-19.6
115.61459949349265,-19.6,96.01459949349265,-29.400000000000002
96.01459949349265,-29.400000000000002,66.61459949349265,-39.2
66.61459949349265,-39.2,27.414599493492645,-49.0
315.3241036282568,0.0,315.3241036282568,-9.8
315.3241036282568,-9.8,305.5241036282568,-19.6
305.5241036282568,-19.6,285.9241036282568,-29.400000000000002
285.9241036282568,-29.400000000000002,256.5241036282568,-39.2
256.5241036282568,-39.2,217.3241036282568,-49.0
339.7328394625415,0.0,339.7328394625415,-9.8
339.7328394625415,-9.8,329.9328394625415,-19.6
329.9328394625415,-19.6,310.3328394625415,-29.400000000000002
310.3328394625415,-29.400000000000002,280.9328394625415,-39.2
280.9328394625415,-39.2,241.7328394625415,-49.0
459.97926629239174,0.0,459.97926629239174,-9.8
459.97926629239174,-9.8,450.17926629239173,-19.6
450.17926629239173,-19.6,430.5792662923917,-29.400000000000002
430.5792662923917,-29.400000000000002,401.17926629239173,-39.2
401.17926629239173,-39.2,361.97926629239174,-49.0
388.06647202731847,0.0,388.06647202731847,-9.8
388.06647202731847,-9.8,378.26647202731846,-19.6
378.26647202731846,-19.6,358.66647202731843,-29.400000000000002
358.66647202731843,-29.400000000000002,329.26647202731846,-39.2
329.26647202731846,-39.2,290.06647202731847,-49.0
87.46162754417728,0.0,87.46162754417728,-9.8
87.46162754417728,-9.8,77.66162754417728,-19.6
77.66162754417728,-19.6,58.06162754417728,-29.400000000000002
58.06162754417728,-29.400000000000002,28.661627544177275,-39.2
28.661627544177275,-39.2,-10.538372455822728,-49.0
441.0701268983601,0.0,441.0701268983601,-9.8
441.0701268983601,-9.8,431.2701268983601,-19.6
431.2701268983601,-19.6,411.6701268983601,-29.400000000000002
411.6701268983601,-29.400000000000002,382.2701268983601,-39.2
382.2701268983601,-39.2,343.0701268983601,-49.0
203.19658783406615,0.0,203.19658783406615,-9.8
203.19658783406615,-9.8,193.39658783406614,-19.6
193.39658783406614,-19.6,173.79658783406614,-29.400000000000002
173.79658783406614,-29.400000000000002,144.39658783406614,-39.2
144.39658783406614,-39.2,105.19658783406614,-49.0
476.0929658191934,0.0,476.0929658191934,-9.8
476.0929658191934,-9.8,466.2929658191934,-19.6
466.2929658191934,-19.6,446.6929658191934,-29.400000000000002
446.6929658191934,-29.400000000000002,417.2929658191934,-39.2
417.2929658191934,-39.2,378.0929658191934,-49.0
117.63905573777141,0.0,117.63905573777141,-9.8
117.63905573777141,-9.8,107.83905573777142,-19.6
107.83905573777142,-19.6,88.23905573777142,-29.400000000000002
88.23905573777142,-29.400000000000002,58.83905573777142,-39.2
58.83905573777142,-39.2,19.639055737771415,-49.0
108.48084766977675,0.0,108.48084766977675,-9.8
108.48084766977675,-9.8,98.68084766977675,-19.6
98.68084766977675,-19.6,79.08084766977674,-29.400000000000002
79.08084766977674,-29.400000000000002,49.68084766977674,-39.2
49.68084766977674,-39.2,10.480847669776736,-49.0
193.2327289135073,0.0,193.2327289135073,-9.8
193.2327289135073,-9.8,183.43272891350728,-19.6
183.43272891350728,-19.6,163.83272891350728,-29.400000000000002
163.83272891350728,-29.400000000000002,134.43272891350728,-39.2
134.43272891350728,-39.2,95.23272891350727,-49.0
199.2523683234003,0.0,199.2523683234003,-9.8
199.2523683234003,-9.8,189.4523683234003,-19.6
189.4523683234003,-19.6,169.8523683234003,-29.400000000000002
169.8523683234003,-29.400000000000002,140.4523683234003,-39.2
140.4523683234003,-39.2,101.25236832340029,-49.0
348.0168391312418,0.0,348.0168391312418,-9.8
348.0168391312418,-9.8,338.2168391312418,-19.6
338.2168391312418,-19.6,318.61683913124176,-29.400000000000002
318.61683913124176,-29.400000000000002,289.2168391312418,-39.2
289.2168391312418,-39.2,250.0168391312418,-49.0
198.65162742917258,0.0,198.65162742917258,-9.8
198.65162742917258,-9.8,188.85162742917257,-19.6
188.85162742917257,-19.6,169.25162742917257,-29.400000000000002
169.25162742917257,-29.400000000000002,139.85162742917257,-39.2
139.85162742917257,-39.2,100.65162742917256,-49.0
477.62876070922323,0.0,477.62876070922323,-9.8
477.62876070922323,-9.8,467.8287607092232,-19.6
467.8287607092232,-19.6,448.2287607092232,-29.400000000000002
448.2287607092232,-29.400000000000002,418.8287607092232,-39.2
418.8287607092232,-39.2,379.62876070922323,-49.0
212.69271285488531,0.0,212.69271285488531,-9.8
212.69271285488531,-9.8,202.8927128548853,-19.6
202.8927128548853,-19.6,183.2927128548853,-29.400000000000002
183.2927128548853,-29.400000000000002,153.8927128548853,-39.2
153.8927128548853,-39.2,114.6927128548853,-49.0
106.17744101308118,0.0,106.17744101308118,-9.8
106.17744101308118,-9.8,96.37744101308118,-19.6
96.37744101308118,-19.6,76.77744101308119,-29.400000000000002
76.77744101308119,-29.400000000000002,47.37744101308118,-39.2
47.37744101308118,-39.2,8.177441013081179,-49.0
187.59230902390183,0.0,187.59230902390183,-9.8
187.59230902390183,-9.8,177.79230902390182,-19.6
177.79230902390182,-19.6,158.19230902390183,-29.400000000000002
158.19230902390183,-29.400000000000002,128.79230902390182,-39.2
128.79230902390182,-39.2,89.59230902390182,-49.0
161.76106002263012,0.0,161.76106002263012,-9.8
161.76106002263012,-9.8,151.9610600226301,-19.6
151.9610600226301,-19.6,132.3610600226301,-29.400000000000002
132.3610600226301,-29.400000000000002,102.96106002263011,-39.2
102.96106002263011,-39.2,63.761060022630105,-49.0
418.0056321902224,0.0,418.0056321902224,-9.8
418.0056321902224,-9.8,408.2056321902224,-19.6
408.2056321902224,-19.6,388.60563219022237,-29.400000000000002
388.60563219022237,-29.400000000000002,359.2056321902224,-39.2
359.2056321902224,-39.2,320.0056321902224,-49.0
156.32045423885836,0.0,156.32045423885836,-9.8
156.32045423885836,-9.8,146.52045423885835,-19.6
146.52045423885835,-19.6,126.92045423885835,-29.400000000000002
126.92045423885835,-29.400000000000002,97.52045423885835,-39.2
97.52045423885835,-39.2,58.320454238858346,-49.0
424.6222694723828,0.0,424.6222694723828,-9.8
424.6222694723828,-9.8,414.8222694723828,-19.6
414.8222694723828,-19.6,395.2222694723828,-29.400000000000002
395.2222694723828,-29.400000000000002,365.8222694723828,-39.2
365.8222694723828,-39.2,326.6222694723828,-49.0
442.1275256266142,0.0,442.1275256266142,-9.8
442.1275256266142,-9.8,432.3275256266142,-19.6
432.3275256266142,-19.6,412.7275256266142,-29.400000000000002
412.7275256266142,-29.400000000000002,383.3275256266142,-39.2
383.3275256266142,-39.2,344.1275256266142,-49.0
313.5930711013024,0.0,313.5930711013024,-9.8
313.5930711013024,-9.8,303.7930711013024,-19.6
303.7930711013024,-19.6,284.1930711013024,-29.400000000000002
284.1930711013024,-29.400000000000002,254.7930711013024,-39.2
254.7930711013024,-39.2,215.59307110130237,-49.0
259.4363265327354,0.0,259.4363265327354,-9.8
259.4363265327354,-9.8,249.63632653273538,-19.6
249.63632653273538,-19.6,230.0363265327354,-29.400000000000002
230.0363265327354,-29.400000000000002,200.63632653273538,-39.2
200.63632653273538,-39.2,161.4363265327354,-49.0
354.0464763898915,0.0,354.0464763898915,-9.8
354.0464763898915,-9.8,344.2464763898915,-19.6
344.2464763898915,-19.6,324.64647638989146,-29.400000000000002
324.64647638989146,-29.400000000000002,295.2464763898915,-39.2
295.2464763898915,-39.2,256.0464763898915,-49.0
460.3970451388703,0.0,460.3970451388703,-9.8
460.3970451388703,-9.8,450.59704513887027,-19.6
450.59704513887027,-19.6,430.99704513887025,-29.400000000000002
430.99704513887025,-29.400000000000002,401.59704513887027,-39.2
401.59704513887027,-39.2,362.3970451388703,-49.0
214.73865078369977,0.0,214.73865078369977,-9.8
214.73865078369977,-9.8,204.93865078369976,-19.6
204.93865078369976,-19.6,185.33865078369976,-29.400000000000002
185.33865078369976,-29.400000000000002,155.93865078369976,-39.2
155.93865078369976,-39.2,116.73865078369975,-49.0
428.65394886954266,0.0,428.65394886954266,-9.8
428.65394886954266,-9.8,418.85394886954265,-19.6
418.85394886954265,-19.6,399.2539488695426,-29.400000000000002
399.2539488695426,-29.400000000000002,369.85394886954265,-39.2
369.85394886954265,-39.2,330.65394886954266,-49.0
425.0839222295749,0.0,425.0839222295749,-9.8
425.0839222295749,-9.8,415.2839222295749,-19.6
415.2839222295749,-19.6,395.6839222295749,-29.400000000000002
395.6839222295749,-29.400000000000002,366.2839222295749,-39.2
366.2839222295749,-39.2,327.0839222295749,-49.0
195.6173696808061,0.0,195.6173696808061,-9.8
195.6173696808061,-9.8,185.81736968080608,-19.6
185.81736968080608,-19.6,166.2173696808061,-29.400000000000002
166.2173696808061,-29.400000000000002,136.81736968080608,-39.2
136.81736968080608,-39.2,97.61736968080608,-49.0
108.26985364960844,0.0,108.26985364960844,-9.8
108.26985364960844,-9.8,98.46985364960844,-19.6
98.46985364960844,-19.6,78.86985364960844,-29.400000000000002
78.86985364960844,-29.400000000000002,49.46985364960844,-39.2
49.46985364960844,-39.2,10.269853649608436,-49.0
438.8941176303192,0.0,438.8941176303192,-9.8
438.8941176303192,-9.8,429.0941176303192,-19.6
429.0941176303192,-19.6,409.4941176303192,-29.400000000000002
409.4941176303192,-29.400000000000002,380.0941176303192,-39.2
380.0941176303192,-39.2,340.8941176303192,-49.0
231.93905914195676,0.0,231.93905914195676,-9.8
231.93905914195676,-9.8,222.13905914195675,-19.6
222.13905914195675,-19.6,202.53905914195676,-29.400000000000002
202.53905914195676,-29.400000000000002,173.13905914195675,-39.2
173.13905914195675,-39.2,133.93905914195676,-49.0
226.52974270430346,0.0,226.52974270430346,-9.8
226.52974270430346,-9.8,216.72974270430345,-19.6
216.72974270430345,-19.6,197.12974270430345,-29.400000000000002
197.12974270430345,-29.400000000000002,167.72974270430345,-39.2
167.72974270430345,-39.2,128.52974270430343,-49.0
406.3191704321473,0.0,406.3191704321473,-9.8
406.3191704321473,-9.8,396.5191704321473,-19.6
396.5191704321473,-19.6,376.91917043214727,-29.400000000000002
376.91917043214727,-29.400000000000002,347.5191704321473,-39.2
347.5191704321473,-39.2,308.3191704321473,-49.0
314.45995147601985,0.0,314.45995147601985,-9.8
314.45995147601985,-9.8,304.65995147601984,-19.6
304.65995147601984,-19.6,285.0599514760198,-29.400000000000002
285.0599514760198,-29.400000000000002,255.6599514760198,-39.2
255.6599514760198,-39.2,216.4599514760198,-49.0
473.67043733905473,0.0,473.67043733905473,-9.8
473.67043733905473,-9.8,463.8704373390547,-19.6
463.8704373390547,-19.6,444.2704373390547,-29.400000000000002
444.2704373390547,-29.400000000000002,414.8704373390547,-39.2
414.8704373390547,-39.2,375.67043733905473,-49.0
252.66841769948422,0.0,252.66841769948422,-9.8
252.66841769948422,-9.8,242.8684176994842,-19.6
242.8684176994842,-19.6,223.26841769948422,-29.400000000000002
223.26841769948422,-29.400000000000002,193.8684176994842,-39.2
193.8684176994842,-39.2,154.66841769948422,-49.0
326.60402880521156,0.0,326.60402880521156,-9.8
326.60402880521156,-9.8,316.80402880521154,-19.6
316.80402880521154,-19.6,297.2040288052115,-29.400000000000002
297.2040288052115,-29.400000000000002,267.80402880521154,-39.2
267.80402880521154,-39.2,228.60402880521156,-49.0
480.6035621275658,0.0,480.6035621275658,-9.8
480.6035621275658,-9.8,470.8035621275658,-19.6
470.8035621275658,-19.6,451.20356212756576,-29.400000000000002
451.20356212756576,-29.400000000000002,421.8035621275658,-39.2
421.8035621275658,-39.2,382.6035621275658,-49.0
394.52561603531484,0.0,394.52561603531484,-9.8
394.52561603531484,-9.8,384.72561603531483,-19.6
384.72561603531483,-19.6,365.1256160353148,-29.400000000000002
365.1256160353148,-29.400000000000002,335.72561603531483,-39.2
335.72561603531483,-39.2,296.52561603531484,-49.0
109.04325419613205,0.0,109.04325419613205,-9.8
109.04325419613205,-9.8,99.24325419613206,-19.6
99.24325419613206,-19.6,79.64325419613206,-29.400000000000002
79.64325419613206,-29.400000000000002,50.24325419613206,-39.2
50.24325419613206,-39.2,11.043254196132054,-49.0
81.39255826303672,0.0,81.39255826303672,-9.8
81.39255826303672,-9.8,71.59255826303672,-19.6
71.59255826303672,-19.6,51.99255826303672,-29.400000000000002
51.99255826303672,-29.400000000000002,22.592558263036718,-39.2
22.592558263036718,-39.2,-16.607441736963285,-49.0
354.28238577012934,0.0,354.28238577012934,-9.8
354.28238577012934,-9.8,344.4823857701293,-19.6
344.4823857701293,-19.6,324.8823857701293,-29.400000000000002
324.8823857701293,-29.400000000000002,295.4823857701293,-39.2
295.4823857701293,-39.2,256.28238577012934,-49.0
214.16222039055856,0.0,214.16222039055856,-9.8
214.16222039055856,-9.8,204.36222039055855,-19.6
204.36222039055855,-19.6,184.76222039055855,-29.400000000000002
184.76222039055855,-29.400000000000002,155.36222039055855,-39.2
155.36222039055855,-39.2,116.16222039055855,-49.0
103.66179408919272,0.0,103.66179408919272,-9.8
103.66179408919272,-9.8,93.86179408919273,-19.6
93.86179408919273,-19.6,74.26179408919273,-29.400000000000002
74.26179408919273,-29.400000000000002,44.86179408919273,-39.2
44.86179408919273,-39.2,5.661794089192725,-49.0
402.95830511734226,0.0,402.95830511734226,-9.8
402.95830511734226,-9.8,393.15830511734225,-19.6
393.15830511734225,-19.6,373.55830511734223,-29.400000000000002
373.55830511734223,-29.400000000000002,344.15830511734225,-39.2
344.15830511734225,-39.2,304.95830511734226,-49.0
226.96554069913114,0.0,226.96554069913114,-9.8
226.96554069913114,-9.8,217.16554069913113,-19.6
217.16554069913113,-19.6,197.56554069913113,-29.400000000000002
197.56554069913113,-29.400000000000002,168.16554069913113,-39.2
168.16554069913113,-39.2,128.9655406991311,-49.0
365.4676216413086,0.0,365.4676216413086,-9.8
365.4676216413086,-9.8,355.6676216413086,-19.6
355.6676216413086,-19.6,336.06762164130856,-29.400000000000002
336.06762164130856,-29.400000000000002,306.6676216413086,-39.2
306.6676216413086,-39.2,267.4676216413086,-49.0
462.13669252924666,0.0,462.13669252924666,-9.8
462.13669252924666,-9.8,452.33669252924665,-19.6
452.33669252924665,-19.6,432.7366925292466,-29.400000000000002
432.7366925292466,-29.400000000000002,403.33669252924665,-39.2
403.33669252924665,-39.2,364.13669252924666,-49.0
398.3036472292836,0.0,398.3036472292836,-9.8
398.3036472292836,-9.8,388.5036472292836,-19.6
388.5036472292836,-19.6,368.9036472292836,-29.400000000000002
368.9036472292836,-29.400000000000002,339.5036472292836,-39.2
339.5036472292836,-39.2,300.3036472292836,-49.0
178.18219946006897,0.0,178.18219946006897,-9.8
178.18219946006897,-9.8,168.38219946006896,-19.6
168.38219946006896,-19.6,148.78219946006897,-29.400000000000002
148.78219946006897,-29.400000000000002,119.38219946006896,-39.2
119.38219946006896,-39.2,80.18219946006896,-49.0
440.9408852675484,0.0,440.9408852675484,-9.8
440.9408852675484,-9.8,431.1408852675484,-19.6
431.1408852675484,-19.6,411.5408852675484,-29.400000000000002
411.5408852675484,-29.400000000000002,382.1408852675484,-39.2
382.1408852675484,-39.2,342.9408852675484,-49.0
191.43907902135868,0.0,191.43907902135868,-9.8
191.43907902135868,-9.8,181.63907902135867,-19.6
181.63907902135867,-19.6,162.03907902135867,-29.400000000000002
162.03907902135867,-29.400000000000002,132.63907902135867,-39.2
132.63907902135867,-39.2,93.43907902135867,-49.0
110.12877432014213,0.0,110.12877432014213,-9.8
110.12877432014213,-9.8,100.32877432014213,-19.6
100.32877432014213,-19.6,80.72877432014212,-29.400000000000002
80.72877432014212,-29.400000000000002,51.32877432014212,-39.2
51.32877432014212,-39.2,12.128774320142114,-49.0
102.46725578314047,0.0,102.46725578314047,-9.8
102.46725578314047,-9.8,92.66725578314048,-19.6
92.66725578314048,-19.6,73.06725578314047,-29.400000000000002
73.06725578314047,-29.400000000000002,43.66725578314046,-39.2
43.66725578314046,-39.2,4.467255783140459,-49.0
62.17969134381974,0.0,62.17969134381974,-9.8
62.17969134381974,-9.8,52.379691343819744,-19.6
52.379691343819744,-19.6,32.77969134381974,-29.400000000000002
32.77969134381974,-29.400000000000002,3.37969134381974,-39.2
3.37969134381974,-39.2,-35.82030865618026,-49.0
478.8654284143437,0.0,478.8654284143437,-9.8
478.8654284143437,-9.8,469.06542841434367,-19.6
469.06542841434367,-19.6,449.46542841434365,-29.400000000000002
449.46542841434365,-29.400000000000002,420.06542841434367,-39.2
420.06542841434367,-39.2,380.8654284143437,-49.0
405.4541688292842,0.0,405.4541688292842,-9.8
405.4541688292842,-9.8,395.6541688292842,-19.6
395.6541688292842,-19.6,376.05416882928415,-29.400000000000002
376.05416882928415,-29.400000000000002,346.6541688292842,-39.2
346.6541688292842,-39.2,307.4541688292842,-49.0
288.30970155971795,0.0,288.30970155971795,-9.8
288.30970155971795,-9.8,278.50970155971794,-19.6
278.50970155971794,-19.6,258.9097015597179,-29.400000000000002
258.9097015597179,-29.400000000000002,229.5097015597179,-39.2
229.5097015597179,-39.2,190.3097015597179,-49.0
332.03594565160734,0.0,332.03594565160734,-9.8
332.03594565160734,-9.8,322.2359456516073,-19.6
322.2359456516073,-19.6,302.6359456516073,-29.400000000000002
302.6359456516073,-29.400000000000002,273.2359456516073,-39.2
273.2359456516073,-39.2,234.03594565160734,-49.0
240.4388532786831,0.0,240.4388532786831,-9.8
240.4388532786831,-9.8,230.6388532786831,-19.6
230.6388532786831,-19.6,211.0388532786831,-29.400000000000002
211.0388532786831,-29.400000000000002,181.6388532786831,-39.2
181.6388532786831,-39.2,142.4388532786831,-49.0
263.69842645473904,0.0,263.69842645473904,-9.8
263.69842645473904,-9.8,253.89842645473902,-19.6
253.89842645473902,-19.6,234.29842645473903,-29.400000000000002
234.29842645473903,-29.400000000000002,204.89842645473902,-39.2
204.89842645473902,-39.2,165.69842645473904,-49.0
140.63132438172102,0.0,140.63132438172102,-9.8
140.63132438172102,-9.8,130.831324381721,-19.6
130.831324381721,-19.6,111.23132438172101,-29.400000000000002
111.23132438172101,-29.400000000000002,81.831324381721,-39.2
81.831324381721,-39.2,42.631324381721,-49.0
112.05984579890585,0.0,112.05984579890585,-9.8
112.05984579890585,-9.8,102.25984579890586,-19.6
102.25984579890586,-19.6,82.65984579890585,-29.400000000000002
82.65984579890585,-29.400000000000002,53.25984579890584,-39.2
53.25984579890584,-39.2,14.05984579890584,-49.0
117.4520067114239,0.0,117.4520067114239,-9.8
117.4520067114239,-9.8,107.65200671142391,-19.6
107.65200671142391,-19.6,88.0520067114239,-29.400000000000002
88.0520067114239,-29.400000000000002,58.652006711423894,-39.2
58.652006711423894,-39.2,19.45200671142389,-49.0
56.79604896651725,0.0,56.79604896651725,-9.8
56.79604896651725,-9.8,46.99604896651725,-19.6
46.99604896651725,-19.6,27.39604896651725,-29.400000000000002
27.39604896651725,-29.400000000000002,-2.0039510334827533,-39.2
184.3380352173161,0.0,184.3380352173161,-9.8
184.3380352173161,-9.8,174.5380352173161,-19.6
174.5380352173161,-19.6,154.9380352173161,-29.400000000000002
154.9380352173161,-29.400000000000002,125.5380352173161,-39.2
125.5380352173161,-39.2,86.33803521731609,-49.0
262.5079797094902,0.0,262.5079797094902,-9.8
262.5079797094902,-9.8,252.7079797094902,-19.6
252.7079797094902,-19.6,233.1079797094902,-29.400000000000002
233.1079797094902,-29.400000000000002,203.7079797094902,-39.2
203.7079797094902,-39.2,164.5079797094902,-49.0
420.64454221100823,0.0,420.64454221100823,-9.8
420.64454221100823,-9.8,410.8445422110082,-19.6
410.8445422110082,-19.6,391.2445422110082,-29.400000000000002
391.2445422110082,-29.400000000000002,361.8445422110082,-39.2
361.8445422110082,-39.2,322.64454221100823,-49.0
268.2053392998973,0.0,268.2053392998973,-9.8
268.2053392998973,-9.8,258.40533929989726,-19.6
258.40533929989726,-19.6,238.80533929989727,-29.400000000000002
238.80533929989727,-29.400000000000002,209.40533929989726,-39.2
209.40533929989726,-39.2,170.20533929989728,-49.0
444.9619310632868,0.0,444.9619310632868,-9.8
444.9619310632868,-9.8,435.1619310632868,-19.6
435.1619310632868,-19.6,415.56193106328675,-29.400000000000002
415.56193106328675,-29.400000000000002,386.1619310632868,-39.2
386.1619310632868,-39.2,346.9619310632868,-49.0
462.0281646137985,0.0,462.0281646137985,-9.8
462.0281646137985,-9.8,452.22816461379847,-19.6
452.22816461379847,-19.6,432.62816461379845,-29.400000000000002
432.62816461379845,-29.400000000000002,403.22816461379847,-39.2
403.22816461379847,-39.2,364.0281646137985,-49.0
452.60242130928543,0.0,452.60242130928543,-9.8
452.60242130928543,-9.8,442.8024213092854,-19.6
442.8024213092854,-19.6,423.2024213092854,-29.400000000000002
423.2024213092854,-29.400000000000002,393.8024213092854,-39.2
393.8024213092854,-39.2,354.60242130928543,-49.0
52.48475957824424,0.0,52.48475957824424,-9.8
52.48475957824424,-9.8,42.68475957824424,-19.6
42.68475957824424,-19.6,23.08475957824424,-29.400000000000002
23.08475957824424,-29.400000000000002,-6.315240421755764,-39.2
277.8538437000336,0.0,277.8538437000336,-9.8
277.8538437000336,-9.8,268.0538437000336,-19.6
268.0538437000336,-19.6,248.45384370003362,-29.400000000000002
248.45384370003362,-29.400000000000002,219.0538437000336,-39.2
219.0538437000336,-39.2,179.85384370003362,-49.0
267.8297097052533,0.0,267.8297097052533,-9.8
267.8297097052533,-9.8,258.0297097052533,-19.6
258.0297097052533,-19.6,238.42970970525332,-29.400000000000002
238.42970970525332,-29.400000000000002,209.0297097052533,-39.2
209.0297097052533,-39.2,169.82970970525332,-49.0
366.2939843499174,0.0,366.2939843499174,-9.8
366.2939843499174,-9.8,356.4939843499174,-19.6
356.4939843499174,-19.6,336.8939843499174,-29.400000000000002
336.8939843499174,-29.400000000000002,307.4939843499174,-39.2
307.4939843499174,-39.2,268.2939843499174,-49.0
69.42634510349714,0.0,69.42634510349714,-9.8
69.42634510349714,-9.8,59.626345103497144,-19.6
59.626345103497144,-19.6,40.02634510349714,-29.400000000000002
40.02634510349714,-29.400000000000002,10.62634510349714,-39.2
10.62634510349714,-39.2,-28.573654896502862,-49.0
240.7973724066304,0.0,240.7973724066304,-9.8
240.7973724066304,-9.8,230.99737240663038,-19.6
230.99737240663038,-19.6,211.39737240663038,-29.400000000000002
211.39737240663038,-29.400000000000002,181.99737240663038,-39.2
181.99737240663038,-39.2,142.79737240663036,-49.0
118.34680213709365,0.0,118.34680213709365,-9.8
118.34680213709365,-9.8,108.54680213709365,-19.6
108.54680213709365,-19.6,88.94680213709364,-29.400000000000002
88.94680213709364,-29.400000000000002,59.546802137093636,-39.2
59.546802137093636,-39.2,20.346802137093633,-49.0
102.90119970432701,0.0,102.90119970432701,-9.8
102.90119970432701,-9.8,93.10119970432702,-19.6
93.10119970432702,-19.6,73.50119970432701,-29.400000000000002
73.50119970432701,-29.400000000000002,44.101199704327,-39.2
44.101199704327,-39.2,4.901199704326999,-49.0
384.9845220466546,0.0,384.9845220466546,-9.8
384.9845220466546,-9.8,375.1845220466546,-19.6
375.1845220466546,-19.6,355.58452204665457,-29.400000000000002
355.58452204665457,-29.400000000000002,326.1845220466546,-39.2
326.1845220466546,-39.2,286.9845220466546,-49.0
495.4209494018995,0.0,495.4209494018995,-9.8
495.4209494018995,-9.8,485.6209494018995,-19.6
485.6209494018995,-19.6,466.0209494018995,-29.400000000000002
466.0209494018995,-29.400000000000002,436.6209494018995,-39.2
436.6209494018995,-39.2,397.4209494018995,-49.0
268.84618011473526,0.0,268.84618011473526,-9.8
268.84618011473526,-9.8,259.04618011473525,-19.6
259.04618011473525,-19.6,239.44618011473526,-29.400000000000002
239.44618011473526,-29.400000000000002,210.04618011473525,-39.2
210.04618011473525,-39.2,170.84618011473526,-49.0
462.2447737635309,0.0,462.2447737635309,-9.8
462.2447737635309,-9.8,452.44477376353086,-19.6
452.44477376353086,-19.6,432.84477376353084,-29.400000000000002
432.84477376353084,-29.400000000000002,403.44477376353086,-39.2
403.44477376353086,-39.2,364.2447737635309,-49.0
372.658859478433,0.0,372.658859478433,-9.8
372.658859478433,-9.8,362.858859478433,-19.6
362.858859478433,-19.6,343.25885947843295,-29.400000000000002
343.25885947843295,-29.400000000000002,313.858859478433,-39.2
313.858859478433,-39.2,274.658859478433,-49.0
437.2099609273065,0.0,437.2099609273065,-9.8
437.2099609273065,-9.8,427.4099609273065,-19.6
427.4099609273065,-19.6,407.80996092730646,-29.400000000000002
407.80996092730646,-29.400000000000002,378.4099609273065,-39.2
378.4099609273065,-39.2,339.2099609273065,-49.0
282.7434459271732,0.0,282.7434459271732,-9.8
282.7434459271732,-9.8,272.9434459271732,-19.6
272.9434459271732,-19.6,253.34344592717318,-29.400000000000002
253.34344592717318,-29.400000000000002,223.94344592717317,-39.2
223.94344592717317,-39.2,184.74344592717318,-49.0
489.3475104311226,0.0,489.3475104311226,-9.8
489.3475104311226,-9.8,479.5475104311226,-19.6
479.5475104311226,-19.6,459.94751043112257,-29.400000000000002
459.94751043112257,-29.400000000000002,430.5475104311226,-39.2
430.5475104311226,-39.2,391.3475104311226,-49.0
76.36615173794183,0.0,76.36615173794183,-9.8
76.36615173794183,-9.8,66.56615173794184,-19.6
66.56615173794184,-19.6,46.966151737941836,-29.400000000000002
46.966151737941836,-29.400000000000002,17.566151737941833,-39.2
17.566151737941833,-39.2,-21.63384826205817,-49.0
177.29779525791514,0.0,177.29779525791514,-9.8
177.29779525791514,-9.8,167.49779525791513,-19.6
167.49779525791513,-19.6,147.89779525791513,-29.400000000000002
147.89779525791513,-29.400000000000002,118.49779525791513,-39.2
118.49779525791513,-39.2,79.29779525791513,-49.0
113.27438228087027,0.0,113.27438228087027,-9.8
113.27438228087027,-9.8,103.47438228087027,-19.6
103.47438228087027,-19.6,83.87438228087026,-29.400000000000002
83.87438228087026,-29.400000000000002,54.47438228087026,-39.2
54.47438228087026,-39.2,15.274382280870256,-49.0
374.4609172985638,0.0,374.4609172985638,-9.8
374.4609172985638,-9.8,364.6609172985638,-19.6
364.6609172985638,-19.6,345.06091729856377,-29.400000000000002
345.06091729856377,-29.400000000000002,315.6609172985638,-39.2
315.6609172985638,-39.2,276.4609172985638,-49.0
426.90603799259316,0.0,426.90603799259316,-9.8
426.90603799259316,-9.8,417.10603799259314,-19.6
417.10603799259314,-19.6,397.5060379925931,-29.400000000000002
397.5060379925931,-29.400000000000002,368.10603799259314,-39.2
368.10603799259314,-39.2,328.90603799259316,-49.0
316.85106671443185,0.0,316.85106671443185,-9.8
316.85106671443185,-9.8,307.05106671443184,-19.6
307.05106671443184,-19.6,287.4510667144318,-29.400000000000002
287.4510667144318,-29.400000000000002,258.05106671443184,-39.2
258.05106671443184,-39.2,218.85106671443185,-49.0
326.2983954155867,0.0,326.2983954155867,-9.8
326.2983954155867,-9.8,316.4983954155867,-19.6
316.4983954155867,-19.6,296.89839541558666,-29.400000000000002
296.89839541558666,-29.400000000000002,267.4983954155867,-39.2
267.4983954155867,-39.2,228.2983954155867,-49.0
396.96133245413387,0.0,396.96133245413387,-9.8
396.96133245413387,-9.8,387.16133245413386,-19.6
387.16133245413386,-19.6,367.56133245413383,-29.400000000000002
367.56133245413383,-29.400000000000002,338.16133245413386,-39.2
338.16133245413386,-39.2,298.96133245413387,-49.0
302.3307252907639,0.0,302.3307252907639,-9.8
302.3307252907639,-9.8,292.5307252907639,-19.6
292.5307252907639,-19.6,272.93072529076386,-29.400000000000002
272.93072529076386,-29.400000000000002,243.53072529076385,-39.2
243.53072529076385,-39.2,204.33072529076384,-49.0
242.65698470449507,0.0,242.65698470449507,-9.8
242.65698470449507,-9.8,232.85698470449506,-19.6
232.85698470449506,-19.6,213.25698470449507,-29.400000000000002
213.25698470449507,-29.400000000000002,183.85698470449506,-39.2
183.85698470449506,-39.2,144.65698470449507,-49.0
247.32986853064332,0.0,247.32986853064332,-9.8
247.32986853064332,-9.8,237.5298685306433,-19.6
237.5298685306433,-19.6,217.92986853064332,-29.400000000000002
217.92986853064332,-29.400000000000002,188.5298685306433,-39.2
188.5298685306433,-39.2,149.3298685306433,-49.0
290.33875211162143,0.0,290.33875211162143,-9.8
290.33875211162143,-9.8,280.5387521116214,-19.6
280.5387521116214,-19.6,260.9387521116214,-29.400000000000002
260.9387521116214,-29.400000000000002,231.5387521116214,-39.2
231.5387521116214,-39.2,192.33875211162137,-49.0
212.18667989240265,0.0,212.18667989240265,-9.8
212.18667989240265,-9.8,202.38667989240264,-19.6
202.38667989240264,-19.6,182.78667989240265,-29.400000000000002
182.78667989240265,-29.400000000000002,153.38667989240264,-39.2
153.38667989240264,-39.2,114.18667989240264,-49.0
201.97044884447706,0.0,201.97044884447706,-9.8
201.97044884447706,-9.8,192.17044884447705,-19.6
192.17044884447705,-19.6,172.57044884447706,-29.400000000000002
172.57044884447706,-29.400000000000002,143.17044884447705,-39.2
143.17044884447705,-39.2,103.97044884447705,-49.0
396.82158882529365,0.0,396.82158882529365,-9.8
396.82158882529365,-9.8,387.02158882529363,-19.6
387.02158882529363,-19.6,367.4215888252936,-29.400000000000002
367.4215888252936,-29.400000000000002,338.02158882529363,-39.2
338.02158882529363,-39.2,298.82158882529365,-49.0
408.12696495051955,0.0,408.12696495051955,-9.8
408.12696495051955,-9.8,398.32696495051954,-19.6
398.32696495051954,-19.6,378.7269649505195,-29.400000000000002
378.7269649505195,-29.400000000000002,349.32696495051954,-39.2
349.32696495051954,-39.2,310.12696495051955,-49.0
75.55891495908031,0.0,75.55891495908031,-9.8
75.55891495908031,-9.8,65.75891495908031,-19.6
65.75891495908031,-19.6,46.15891495908031,-29.400000000000002
46.15891495908031,-29.400000000000002,16.75891495908031,-39.2
16.75891495908031,-39.2,-22.441085040919692,-49.0
424.9034115291774,0.0,424.9034115291774,-9.8
424.9034115291774,-9.8,415.1034115291774,-19.6
415.1034115291774,-19.6,395.50341152917736,-29.400000000000002
395.50341152917736,-29.400000000000002,366.1034115291774,-39.2
366.1034115291774,-39.2,326.9034115291774,-49.0
420.5160909296513,0.0,420.5160909296513,-9.8
420.5160909296513,-9.8,410.7160909296513,-19.6
410.7160909296513,-19.6,391.11609092965125,-29.400000000000002
391.11609092965125,-29.400000000000002,361.7160909296513,-39.2
361.7160909296513,-39.2,322.5160909296513,-49.0
479.4830508430916,0.0,479.4830508430916,-9.8
479.4830508430916,-9.8,469.68305084309156,-19.6
469.68305084309156,-19.6,450.08305084309154,-29.400000000000002
450.08305084309154,-29.400000000000002,420.68305084309156,-39.2
420.68305084309156,-39.2,381.4830508430916,-49.0
74.50682548869382,0.0,74.50682548869382,-9.8
74.50682548869382,-9.8,64.70682548869382,-19.6
64.70682548869382,-19.6,45.10682548869382,-29.400000000000002
45.10682548869382,-29.400000000000002,15.70682548869382,-39.2
15.70682548869382,-39.2,-23.493174511306183,-49.0
458.1875975646076,0.0,458.1875975646076,-9.8
458.1875975646076,-9.8,448.3875975646076,-19.6
448.3875975646076,-19.6,428.78759756460755,-29.400000000000002
428.78759756460755,-29.400000000000002,399.3875975646076,-39.2
399.3875975646076,-39.2,360.1875975646076,-49.0
285.81680031601684,0.0,285.81680031601684,-9.8
285.81680031601684,-9.8,276.0168003160168,-19.6
276.0168003160168,-19.6,256.4168003160168,-29.400000000000002
256.4168003160168,-29.400000000000002,227.0168003160168,-39.2
227.0168003160168,-39.2,187.81680031601678,-49.0
276.03672612753985,0.0,276.03672612753985,-9.8
276.03672612753985,-9.8,266.23672612753984,-19.6
266.23672612753984,-19.6,246.63672612753984,-29.400000000000002
246.63672612753984,-29.400000000000002,217.23672612753984,-39.2
217.23672612753984,-39.2,178.03672612753985,-49.0
137.91490576247412,0.0,137.91490576247412,-9.8
137.91490576247412,-9.8,128.1149057624741,-19.6
128.1149057624741,-19.6,108.51490576247411,-29.400000000000002
108.51490576247411,-29.400000000000002,79.11490576247411,-39.2
79.11490576247411,-39.2,39.914905762474106,-49.0
498.34030839190854,0.0,498.34030839190854,-9.8
498.34030839190854,-9.8,488.5403083919085,-19.6
488.5403083919085,-19.6,468.9403083919085,-29.400000000000002
468.9403083919085,-29.400000000000002,439.5403083919085,-39.2
439.5403083919085,-39.2,400.34030839190854,-49.0
300.2402889766224,0.0,300.2402889766224,-9.8
300.2402889766224,-9.8,290.4402889766224,-19.6
290.4402889766224,-19.6,270.8402889766224,-29.400000000000002
270.8402889766224,-29.400000000000002,241.44028897662238,-39.2
241.44028897662238,-39.2,202.24028897662237,-49.0
474.9519351686284,0.0,474.9519351686284,-9.8
474.9519351686284,-9.8,465.15193516862837,-19.6
465.15193516862837,-19.6,445.55193516862835,-29.400000000000002
445.55193516862835,-29.400000000000002,416.15193516862837,-39.2
416.15193516862837,-39.2,376.9519351686284,-49.0
309.0877385428265,0.0,309.0877385428265,-9.8
309.0877385428265,-9.8,299.2877385428265,-19.6
299.2877385428265,-19.6,279.6877385428265,-29.400000000000002
279.6877385428265,-29.400000000000002,250.28773854282647,-39.2
250.28773854282647,-39.2,211.08773854282646,-49.0
341.4631719595184,0.0,341.4631719595184,-9.8
341.4631719595184,-9.8,331.66317195951837,-19.6
331.66317195951837,-19.6,312.06317195951834,-29.400000000000002
312.06317195951834,-29.400000000000002,282.66317195951837,-39.2
282.66317195951837,-39.2,243.46317195951838,-49.0
364.9921812751674,0.0,364.9921812751674,-9.8
364.9921812751674,-9.8,355.1921812751674,-19.6
355.1921812751674,-19.6,335.5921812751674,-29.400000000000002
335.5921812751674,-29.400000000000002,306.1921812751674,-39.2
306.1921812751674,-39.2,266.9921812751674,-49.0
480.1528733722853,0.0,480.1528733722853,-9.8
480.1528733722853,-9.8,470.3528733722853,-19.6
470.3528733722853,-19.6,450.75287337228525,-29.400000000000002
450.75287337228525,-29.400000000000002,421.3528733722853,-39.2
421.3528733722853,-39.2,382.1528733722853,-49.0
124.11991728205632,0.0,124.11991728205632,-9.8
124.11991728205632,-9.8,114.31991728205632,-19.6
114.31991728205632,-19.6,94.71991728205631,-29.400000000000002
94.71991728205631,-29.400000000000002,65.31991728205631,-39.2
65.31991728205631,-39.2,26.119917282056306,-49.0
310.02641939527723,0.0,310.02641939527723,-9.8
310.02641939527723,-9.8,300.2264193952772,-19.6
300.2264193952772,-19.6,280.6264193952772,-29.400000000000002
280.6264193952772,-29.400000000000002,251.2264193952772,-39.2
251.2264193952772,-39.2,212.02641939527717,-49.0
103.22411367933032,0.0,103.22411367933032,-9.8
103.22411367933032,-9.8,93.42411367933032,-19.6
93.42411367933032,-19.6,73.82411367933031,-29.400000000000002
73.82411367933031,-29.400000000000002,44.424113679330304,-39.2
44.424113679330304,-39.2,5.224113679330301,-49.0
206.0116626579101,0.0,206.0116626579101,-9.8
206.0116626579101,-9.8,196.2116626579101,-19.6
196.2116626579101,-19.6,176.6116626579101,-29.400000000000002
176.6116626579101,-29.400000000000002,147.2116626579101,-39.2
147.2116626579101,-39.2,108.0116626579101,-49.0
487.5497470822182,0.0,487.5497470822182,-9.8
487.5497470822182,-9.8,477.74974708221816,-19.6
477.74974708221816,-19.6,458.14974708221814,-29.400000000000002
458.14974708221814,-29.400000000000002,428.74974708221816,-39.2
428.74974708221816,-39.2,389.5497470822182,-49.0
83.98979751739728,0.0,83.98979751739728,-9.8
83.98979751739728,-9.8,74.18979751739728,-19.6
74.18979751739728,-19.6,54.58979751739728,-29.400000000000002
54.58979751739728,-29.400000000000002,25.189797517397277,-39.2
25.189797517397277,-39.2,-14.010202482602725,-49.0
114.99348743064851,0.0,114.99348743064851,-9.8
114.99348743064851,-9.8,105.19348743064852,-19.6
105.19348743064852,-19.6,85.59348743064851,-29.400000000000002
85.59348743064851,-29.400000000000002,56.1934874306485,-39.2
56.1934874306485,-39.2,16.9934874306485,-49.0
361.99376171086703,0.0,361.99376171086703,-9.8
361.99376171086703,-9.8,352.193761710867,-19.6
352.193761710867,-19.6,332.593761710867,-29.400000000000002
332.593761710867,-29.400000000000002,303.193761710867,-39.2
303.193761710867,-39.2,263.99376171086703,-49.0
490.39863510739843,0.0,490.39863510739843,-9.8
490.39863510739843,-9.8,480.5986351073984,-19.6
480.5986351073984,-19.6,460.9986351073984,-29.400000000000002
460.9986351073984,-29.400000000000002,431.5986351073984,-39.2
431.5986351073984,-39.2,392.39863510739843,-49.0
439.45980505877617,0.0,439.45980505877617,-9.8
439.45980505877617,-9.8,429.65980505877616,-19.6
429.65980505877616,-19.6,410.05980505877613,-29.400000000000002
410.05980505877613,-29.400000000000002,380.65980505877616,-39.2
380.65980505877616,-39.2,341.45980505877617,-49.0
180.21580619651894,0.0,180.21580619651894,-9.8
180.21580619651894,-9.8,170.41580619651893,-19.6
170.41580619651893,-19.6,150.81580619651893,-29.400000000000002
150.81580619651893,-29.400000000000002,121.41580619651893,-39.2
121.41580619651893,-39.2,82.21580619651893,-49.0
144.43399315632797,0.0,144.43399315632797,-9.8
144.43399315632797,-9.8,134.63399315632796,-19.6
134.63399315632796,-19.6,115.03399315632797,-29.400000000000002
115.03399315632797,-29.400000000000002,85.63399315632796,-39.2
85.63399315632796,-39.2,46.43399315632796,-49.0
159.49169528205135,0.0,159.49169528205135,-9.8
159.49169528205135,-9.8,149.69169528205134,-19.6
149.69169528205134,-19.6,130.09169528205135,-29.400000000000002
130.09169528205135,-29.400000000000002,100.69169528205134,-39.2
100.69169528205134,-39.2,61.49169528205134,-49.0
448.3442586486179,0.0,448.3442586486179,-9.8
448.3442586486179,-9.8,438.54425864861787,-19.6
438.54425864861787,-19.6,418.94425864861785,-29.400000000000002
418.94425864861785,-29.400000000000002,389.54425864861787,-39.2
389.54425864861787,-39.2,350.3442586486179,-49.0
318.4631589869681,0.0,318.4631589869681,-9.8
318.4631589869681,-9.8,308.6631589869681,-19.6
308.6631589869681,-19.6,289.06315898696806,-29.400000000000002
289.06315898696806,-29.400000000000002,259.6631589869681,-39.2
259.6631589869681,-39.2,220.4631589869681,-49.0
238.72014778618046,0.0,238.72014778618046,-9.8
238.72014778618046,-9.8,228.92014778618045,-19.6
228.92014778618045,-19.6,209.32014778618046,-29.400000000000002
209.32014778618046,-29.400000000000002,179.92014778618045,-39.2
179.92014778618045,-39.2,140.72014778618046,-49.0
83.1123609601124,0.0,83.1123609601124,-9.8
83.1123609601124,-9.8,73.3123609601124,-19.6
73.3123609601124,-19.6,53.7123609601124,-29.400000000000002
53.7123609601124,-29.400000000000002,24.312360960112397,-39.2
24.312360960112397,-39.2,-14.887639039887606,-49.0
336.93898736965224,0.0,336.93898736965224,-9.8
336.93898736965224,-9.8,327.1389873696522,-19.6
327.1389873696522,-19.6,307.5389873696522,-29.400000000000002
307.5389873696522,-29.400000000000002,278.1389873696522,-39.2
278.1389873696522,-39.2,238.93898736965224,-49.0
215.90688310223874,0.0,215.90688310223874,-9.8
215.90688310223874,-9.8,206.10688310223873,-19.6
206.10688310223873,-19.6,186.50688310223873,-29.400000000000002
186.50688310223873,-29.400000000000002,157.10688310223873,-39.2
157.10688310223873,-39.2,117.90688310223872,-49.0
387.50315118686177,0.0,387.50315118686177,-9.8
387.50315118686177,-9.8,377.70315118686176,-19.6
377.70315118686176,-19.6,358.10315118686174,-29.400000000000002
358.10315118686174,-29.400000000000002,328.70315118686176,-39.2
328.70315118686176,-39.2,289.50315118686177,-49.0
128.52171509593254,0.0,128.52171509593254,-9.8
128.52171509593254,-9.8,118.72171509593254,-19.6
118.72171509593254,-19.6,99.12171509593253,-29.400000000000002
99.12171509593253,-29.400000000000002,69.72171509593252,-39.2
69.72171509593252,-39.2,30.52171509593252,-49.0
405.1233528938266,0.0,405.1233528938266,-9.8
405.1233528938266,-9.8,395.3233528938266,-19.6
395.3233528938266,-19.6,375.7233528938266,-29.400000000000002
375.7233528938266,-29.400000000000002,346.3233528938266,-39.2
346.3233528938266,-39.2,307.1233528938266,-49.0
398.61188760781977,0.0,398.61188760781977,-9.8
398.61188760781977,-9.8,388.81188760781976,-19.6
388.81188760781976,-19.6,369.21188760781973,-29.400000000000002
369.21188760781973,-29.400000000000002,339.81188760781976,-39.2
339.81188760781976,-39.2,300.61188760781977,-49.0
267.82201483907625,0.0,267.82201483907625,-9.8
267.82201483907625,-9.8,258.02201483907623,-19.6
258.02201483907623,-19.6,238.42201483907624,-29.400000000000002
238.42201483907624,-29.400000000000002,209.02201483907623,-39.2
209.02201483907623,-39.2,169.82201483907625,-49.0
473.6626885245817,0.0,473.6626885245817,-9.8
473.6626885245817,-9.8,463.8626885245817,-19.6
463.8626885245817,-19.6,444.2626885245817,-29.400000000000002
444.2626885245817,-29.400000000000002,414.8626885245817,-39.2
414.8626885245817,-39.2,375.6626885245817,-49.0
52.838235886291606,0.0,52.838235886291606,-9.8
52.838235886291606,-9.8,43.0382358862916,-19.6
43.0382358862916,-19.6,23.4382358862916,-29.400000000000002
23.4382358862916,-29.400000000000002,-5.961764113708401,-39.2
67.77177392233298,0.0,67.77177392233298,-9.8
67.77177392233298,-9.8,57.971773922332986,-19.6
57.971773922332986,-19.6,38.371773922332984,-29.400000000000002
38.371773922332984,-29.400000000000002,8.971773922332982,-39.2
8.971773922332982,-39.2,-30.22822607766702,-49.0
184.336991741358,0.0,184.336991741358,-9.8
184.336991741358,-9.8,174.53699174135798,-19.6
174.53699174135798,-19.6,154.93699174135799,-29.400000000000002
154.93699174135799,-29.400000000000002,125.53699174135798,-39.2
125.53699174135798,-39.2,86.33699174135798,-49.0
103.18653848053776,0.0,103.18653848053776,-9.8
103.18653848053776,-9.8,93.38653848053777,-19.6
93.38653848053777,-19.6,73.78653848053776,-29.400000000000002
73.78653848053776,-29.400000000000002,44.38653848053775,-39.2
44.38653848053775,-39.2,5.186538480537749,-49.0
181.3804993350942,0.0,181.3804993350942,-9.8
181.3804993350942,-9.8,171.5804993350942,-19.6
171.5804993350942,-19.6,151.9804993350942,-29.400000000000002
151.9804993350942,-29.400000000000002,122.5804993350942,-39.2
122.5804993350942,-39.2,83.3804993350942,-49.0
211.25305350445137,0.0,211.25305350445137,-9.8
211.25305350445137,-9.8,201.45305350445136,-19.6
201.45305350445136,-19.6,181.85305350445137,-29.400000000000002
181.85305350445137,-29.400000000000002,152.45305350445136,-39.2
152.45305350445136,-39.2,113.25305350445136,-49.0
104.35695349009796,0.0,104.35695349009796,-9.8
104.35695349009796,-9.8,94.55695349009797,-19.6
94.55695349009797,-19.6,74.95695349009796,-29.400000000000002
74.95695349009796,-29.400000000000002,45.55695349009795,-39.2
45.55695349009795,-39.2,6.3569534900979505,-49.0
439.77456960643093,0.0,439.77456960643093,-9.8
439.77456960643093,-9.8,429.9745696064309,-19.6
429.9745696064309,-19.6,410.3745696064309,-29.400000000000002
410.3745696064309,-29.400000000000002,380.9745696064309,-39.2
380.9745696064309,-39.2,341.77456960643093,-49.0
399.63097926667666,0.0,399.63097926667666,-9.8
399.63097926667666,-9.8,389.83097926667665,-19.6
389.83097926667665,-19.6,370.2309792666766,-29.400000000000002
370.2309792666766,-29.400000000000002,340.83097926667665,-39.2
340.83097926667665,-39.2,301.63097926667666,-49.0
248.35036395735636,0.0,248.35036395735636,-9.8
248.35036395735636,-9.8,238.55036395735635,-19.6
238.55036395735635,-19.6,218.95036395735636,-29.400000000000002
218.95036395735636,-29.400000000000002,189.55036395735635,-39.2
189.55036395735635,-39.2,150.35036395735636,-49.0
208.10734510939434,0.0,208.10734510939434,-9.8
208.10734510939434,-9.8,198.30734510939433,-19.6
198.30734510939433,-19.6,178.70734510939434,-29.400000000000002
178.70734510939434,-29.400000000000002,149.30734510939433,-39.2
149.30734510939433,-39.2,110.10734510939433,-49.0
339.53797220523114,0.0,339.53797220523114,-9.8
339.53797220523114,-9.8,329.73797220523113,-19.6
329.73797220523113,-19.6,310.1379722052311,-29.400000000000002
310.1379722052311,-29.400000000000002,280.73797220523113,-39.2
280.73797220523113,-39.2,241.53797220523114,-49.0
73.07041557734554,0.0,73.07041557734554,-9.8
73.07041557734554,-9.8,63.270415577345545,-19.6
63.270415577345545,-19.6,43.670415577345544,-29.400000000000002
43.670415577345544,-29.400000000000002,14.270415577345542,-39.2
14.270415577345542,-39.2,-24.92958442265446,-49.0
490.1375882124883,0.0,490.1375882124883,-9.8
490.1375882124883,-9.8,480.3375882124883,-19.6
480.3375882124883,-19.6,460.7375882124883,-29.400000000000002
460.7375882124883,-29.400000000000002,431.3375882124883,-39.2
431.3375882124883,-39.2,392.1375882124883,-49.0
205.9025256694301,0.0,205.9025256694301,-9.8
205.9025256694301,-9.8,196.1025256694301,-19.6
196.1025256694301,-19.6,176.5025256694301,-29.400000000000002
176.5025256694301,-29.400000000000002,147.1025256694301,-39.2
147.1025256694301,-39.2,107.90252566943009,-49.0
58.61866341678546,0.0,58.61866341678546,-9.8
58.61866341678546,-9.8,48.818663416785455,-19.6
48.818663416785455,-19.6,29.218663416785454,-29.400000000000002
29.218663416785454,-29.400000000000002,-0.1813365832145486,-39.2
303.8536609741703,0.0,303.8536609741703,-9.8
303.8536609741703,-9.8,294.05366097417027,-19.6
294.05366097417027,-19.6,274.45366097417025,-29.400000000000002
274.45366097417025,-29.400000000000002,245.05366097417024,-39.2
245.05366097417024,-39.2,205.85366097417023,-49.0
301.41945652322534,0.0,301.41945652322534,-9.8
301.41945652322534,-9.8,291.6194565232253,-19.6
291.6194565232253,-19.6,272.0194565232253,-29.400000000000002
272.0194565232253,-29.400000000000002,242.6194565232253,-39.2
242.6194565232253,-39.2,203.41945652322528,-49.0
84.74603301449659,0.0,84.74603301449659,-9.8
84.74603301449659,-9.8,74.94603301449659,-19.6
74.94603301449659,-19.6,55.34603301449659,-29.400000000000002
55.34603301449659,-29.400000000000002,25.94603301449659,-39.2
25.94603301449659,-39.2,-13.253966985503414,-49.0
258.38094094551633,0.0,258.38094094551633,-9.8
258.38094094551633,-9.8,248.58094094551632,-19.6
248.58094094551632,-19.6,228.98094094551632,-29.400000000000002
228.98094094551632,-29.400000000000002,199.58094094551632,-39.2
199.58094094551632,-39.2,160.38094094551633,-49.0
477.11469451553313,0.0,477.11469451553313,-9.8
477.11469451553313,-9.8,467.3146945155331,-19.6
467.3146945155331,-19.6,447.7146945155331,-29.400000000000002
447.7146945155331,-29.400000000000002,418.3146945155331,-39.2
418.3146945155331,-39.2,379.11469451553313,-49.0
151.05192523017712,0.0,151.05192523017712,-9.8
151.05192523017712,-9.8,141.2519252301771,-19.6
141.2519252301771,-19.6,121.65192523017711,-29.400000000000002
121.65192523017711,-29.400000000000002,92.25192523017711,-39.2
92.25192523017711,-39.2,53.051925230177105,-49.0
165.36322525842843,0.0,165.36322525842843,-9.8
165.36322525842843,-9.8,155.56322525842842,-19.6
155.56322525842842,-19.6,135.96322525842842,-29.400000000000002
135.96322525842842,-29.400000000000002,106.56322525842842,-39.2
106.56322525842842,-39.2,67.36322525842841,-49.0
169.41915272889625,0.0,169.41915272889625,-9.8
169.41915272889625,-9.8,159.61915272889624,-19.6
159.61915272889624,-19.6,140.01915272889624,-29.400000000000002
140.01915272889624,-29.400000000000002,110.61915272889624,-39.2
110.61915272889624,-39.2,71.41915272889624,-49.0
62.55002233581683,0.0,62.55002233581683,-9.8
62.55002233581683,-9.8,52.75002233581682,-19.6
52.75002233581682,-19.6,33.15002233581682,-29.400000000000002
33.15002233581682,-29.400000000000002,3.750022335816819,-39.2
3.750022335816819,-39.2,-35.44997766418318,-49.0
450.2488828266704,0.0,450.2488828266704,-9.8
450.2488828266704,-9.8,440.4488828266704,-19.6
440.4488828266704,-19.6,420.8488828266704,-29.400000000000002
420.8488828266704,-29.400000000000002,391.4488828266704,-39.2
391.4488828266704,-39.2,352.2488828266704,-49.0
267.21235020149743,0.0,267.21235020149743,-9.8
267.21235020149743,-9.8,257.4123502014974,-19.6
257.4123502014974,-19.6,237.81235020149742,-29.400000000000002
237.81235020149742,-29.400000000000002,208.41235020149742,-39.2
208.41235020149742,-39.2,169.21235020149743,-49.0
463.6855341692851,0.0,463.6855341692851,-9.8
463.6855341692851,-9.8,453.8855341692851,-19.6
453.8855341692851,-19.6,434.2855341692851,-29.400000000000002
434.2855341692851,-29.400000000000002,404.8855341692851,-39.2
404.8855341692851,-39.2,365.6855341692851,-49.0
170.401656858592,0.0,170.401656858592,-9.8
170.401656858592,-9.8,160.60165685859198,-19.6
160.60165685859198,-19.6,141.00165685859199,-29.400000000000002
141.00165685859199,-29.400000000000002,111.60165685859198,-39.2
111.60165685859198,-39.2,72.40165685859198,-49.0
292.36672617400416,0.0,292.36672617400416,-9.8
292.36672617400416,-9.8,282.56672617400415,-19.6
282.56672617400415,-19.6,262.9667261740041,-29.400000000000002
262.9667261740041,-29.400000000000002,233.56672617400412,-39.2
233.56672617400412,-39.2,194.3667261740041,-49.0
467.3382643898611,0.0,467.3382643898611,-9.8
467.3382643898611,-9.8,457.53826438986107,-19.6
457.53826438986107,-19.6,437.93826438986105,-29.400000000000002
437.93826438986105,-29.400000000000002,408.53826438986107,-39.2
408.53826438986107,-39.2,369.3382643898611,-49.0
252.90581167673176,0.0,252.90581167673176,-9.8
252.90581167673176,-9.8,243.10581167673175,-19.6
243.10581167673175,-19.6,223.50581167673175,-29.400000000000002
223.50581167673175,-29.400000000000002,194.10581167673175,-39.2
194.10581167673175,-39.2,154.90581167673173,-49.0
97.64587169227275,0.0,97.64587169227275,-9.8
97.64587169227275,-9.8,87.84587169227275,-19.6
87.84587169227275,-19.6,68.24587169227274,-29.400000000000002
68.24587169227274,-29.400000000000002,38.84587169227274,-39.2
38.84587169227274,-39.2,-0.3541283077272652,-49.0
258.7282705767649,0.0,258.7282705767649,-9.8
258.7282705767649,-9.8,248.92827057676487,-19.6
248.92827057676487,-19.6,229.32827057676488,-29.400000000000002
229.32827057676488,-29.400000000000002,199.92827057676487,-39.2
199.92827057676487,-39.2,160.72827057676488,-49.0
315.32811790782347,0.0,315.32811790782347,-9.8
315.32811790782347,-9.8,305.52811790782346,-19.6
305.52811790782346,-19.6,285.92811790782343,-29.400000000000002
285.92811790782343,-29.400000000000002,256.52811790782346,-39.2
256.52811790782346,-39.2,217.32811790782347,-49.0
278.6046079656628,0.0,278.6046079656628,-9.8
278.6046079656628,-9.8,268.8046079656628,-19.6
268.8046079656628,-19.6,249.2046079656628,-29.400000000000002
249.2046079656628,-29.400000000000002,219.8046079656628,-39.2
219.8046079656628,-39.2,180.6046079656628,-49.0
236.43041596166847,0.0,236.43041596166847,-9.8
236.43041596166847,-9.8,226.63041596166846,-19.6
226.63041596166846,-19.6,207.03041596166847,-29.400000000000002
207.03041596166847,-29.400000000000002,177.63041596166846,-39.2
177.63041596166846,-39.2,138.43041596166847,-49.0
376.0820251928771,0.0,376.0820251928771,-9.8
376.0820251928771,-9.8,366.2820251928771,-19.6
366.2820251928771,-19.6,346.68202519287706,-29.400000000000002
346.68202519287706,-29.400000000000002,317.2820251928771,-39.2
317.2820251928771,-39.2,278.0820251928771,-49.0
284.33611475239815,0.0,284.33611475239815,-9.8
284.33611475239815,-9.8,274.53611475239813,-19.6
274.53611475239813,-19.6,254.93611475239814,-29.400000000000002
254.93611475239814,-29.400000000000002,225.53611475239813,-39.2
225.53611475239813,-39.2,186.33611475239815,-49.0
237.60517797116722,0.0,237.60517797116722,-9.8
237.60517797116722,-9.8,227.8051779711672,-19.6
227.8051779711672,-19.6,208.20517797116722,-29.400000000000002
208.20517797116722,-29.400000000000002,178.8051779711672,-39.2
178.8051779711672,-39.2,139.60517797116722,-49.0
423.81220015053833,0.0,423.81220015053833,-9.8
423.81220015053833,-9.8,414.0122001505383,-19.6
414.0122001505383,-19.6,394.4122001505383,-29.400000000000002
394.4122001505383,-29.400000000000002,365.0122001505383,-39.2
365.0122001505383,-39.2,325.81220015053833,-49.0
270.37327680205675,0.0,270.37327680205675,-9.8
270.37327680205675,-9.8,260.57327680205674,-19.6
260.57327680205674,-19.6,240.97327680205674,-29.400000000000002
240.97327680205674,-29.400000000000002,211.57327680205674,-39.2
211.57327680205674,-39.2,172.37327680205675,-49.0
410.2353295747545,0.0,410.2353295747545,-9.8
410.2353295747545,-9.8,400.43532957475446,-19.6
400.43532957475446,-19.6,380.83532957475444,-29.400000000000002
380.83532957475444,-29.400000000000002,351.43532957475446,-39.2
351.43532957475446,-39.2,312.2353295747545,-49.0
193.33022313092866,0.0,193.33022313092866,-9.8
193.33022313092866,-9.8,183.53022313092865,-19.6
183.53022313092865,-19.6,163.93022313092865,-29.400000000000002
163.93022313092865,-29.400000000000002,134.53022313092865,-39.2
134.53022313092865,-39.2,95.33022313092864,-49.0
429.1947415118955,0.0,429.1947415118955,-9.8
429.1947415118955,-9.8,419.39474151189546,-19.6
419.39474151189546,-19.6,399.79474151189544,-29.400000000000002
399.79474151189544,-29.400000000000002,370.39474151189546,-39.2
370.39474151189546,-39.2,331.1947415118955,-49.0
150.24119235179052,0.0,150.24119235179052,-9.8
150.24119235179052,-9.8,140.4411923517905,-19.6
140.4411923517905,-19.6,120.84119235179051,-29.400000000000002
120.84119235179051,-29.400000000000002,91.4411923517905,-39.2
91.4411923517905,-39.2,52.2411923517905,-49.0
413.8405515376176,0.0,413.8405515376176,-9.8
413.8405515376176,-9.8,404.0405515376176,-19.6
404.0405515376176,-19.6,384.4405515376176,-29.400000000000002
384.4405515376176,-29.400000000000002,355.0405515376176,-39.2
355.0405515376176,-39.2,315.8405515376176,-49.0
176.5076339280743,0.0,176.5076339280743,-9.8
176.5076339280743,-9.8,166.7076339280743,-19.6
166.7076339280743,-19.6,147.1076339280743,-29.400000000000002
147.1076339280743,-29.400000000000002,117.7076339280743,-39.2
117.7076339280743,-39.2,78.5076339280743,-49.0
181.9857149847209,0.0,181.9857149847209,-9.8
181.9857149847209,-9.8,172.18571498472087,-19.6
172.18571498472087,-19.6,152.58571498472088,-29.400000000000002
152.58571498472088,-29.400000000000002,123.18571498472087,-39.2
123.18571498472087,-39.2,83.98571498472087,-49.0
464.76568870125504,0.0,464.76568870125504,-9.8
464.76568870125504,-9.8,454.96568870125503,-19.6
454.96568870125503,-19.6,435.365688701255,-29.400000000000002
435.365688701255,-29.400000000000002,405.96568870125503,-39.2
405.96568870125503,-39.2,366.76568870125504,-49.0
91.8661396566493,0.0,91.8661396566493,-9.8
91.8661396566493,-9.8,82.0661396566493,-19.6
82.0661396566493,-19.6,62.4661396566493,-29.400000000000002
62.4661396566493,-29.400000000000002,33.0661396566493,-39.2
33.0661396566493,-39.2,-6.133860343350705,-49.0
307.6218614796877,0.0,307.6218614796877,-9.8
307.6218614796877,-9.8,297.8218614796877,-19.6
297.8218614796877,-19.6,278.2218614796877,-29.400000000000002
278.2218614796877,-29.400000000000002,248.82186147968767,-39.2
248.82186147968767,-39.2,209.62186147968765,-49.0
397.388917602132,0.0,397.388917602132,-9.8
397.388917602132,-9.8,387.58891760213197,-19.6
387.58891760213197,-19.6,367.98891760213195,-29.400000000000002
367.98891760213195,-29.400000000000002,338.58891760213197,-39.2
338.58891760213197,-39.2,299.388917602132,-49.0
467.0754766149252,0.0,467.0754766149252,-9.8
467.0754766149252,-9.8,457.2754766149252,-19.6
457.2754766149252,-19.6,437.6754766149252,-29.400000000000002
437.6754766149252,-29.400000000000002,408.2754766149252,-39.2
408.2754766149252,-39.2,369.0754766149252,-49.0
92.96476322107273,0.0,92.96476322107273,-9.8
92.96476322107273,-9.8,83.16476322107273,-19.6
83.16476322107273,-19.6,63.56476322107273,-29.400000000000002
63.56476322107273,-29.400000000000002,34.16476322107273,-39.2
34.16476322107273,-39.2,-5.0352367789272705,-49.0
459.88968595726016,0.0,459.88968595726016,-9.8
459.88968595726016,-9.8,450.08968595726014,-19.6
450.08968595726014,-19.6,430.4896859572601,-29.400000000000002
430.4896859572601,-29.400000000000002,401.08968595726014,-39.2
401.08968595726014,-39.2,361.88968595726016,-49.0
367.7676646169101,0.0,367.7676646169101,-9.8
367.7676646169101,-9.8,357.9676646169101,-19.6
357.9676646169101,-19.6,338.3676646169101,-29.400000000000002
338.3676646169101,-29.400000000000002,308.9676646169101,-39.2
308.9676646169101,-39.2,269.7676646169101,-49.0
112.85038914908773,0.0,112.85038914908773,-9.8
112.85038914908773,-9.8,103.05038914908774,-19.6
103.05038914908774,-19.6,83.45038914908773,-29.400000000000002
83.45038914908773,-29.400000000000002,54.05038914908772,-39.2
54.05038914908772,-39.2,14.850389149087718,-49.0
246.30811815828653,0.0,246.30811815828653,-9.8
246.30811815828653,-9.8,236.50811815828652,-19.6
236.50811815828652,-19.6,216.90811815828653,-29.400000000000002
216.90811815828653,-29.400000000000002,187.50811815828652,-39.2
187.50811815828652,-39.2,148.3081181582865,-49.0
460.8136471553747,0.0,460.8136471553747,-9.8
460.8136471553747,-9.8,451.0136471553747,-19.6
451.0136471553747,-19.6,431.4136471553747,-29.400000000000002
431.4136471553747,-29.400000000000002,402.0136471553747,-39.2
402.0136471553747,-39.2,362.8136471553747,-49.0
149.6920627822299,0.0,149.6920627822299,-9.8
149.6920627822299,-9.8,139.89206278222989,-19.6
139.89206278222989,-19.6,120.29206278222989,-29.400000000000002
120.29206278222989,-29.400000000000002,90.89206278222989,-39.2
90.89206278222989,-39.2,51.69206278222988,-49.0
83.53980137180271,0.0,83.53980137180271,-9.8
83.53980137180271,-9.8,73.73980137180271,-19.6
73.73980137180271,-19.6,54.13980137180271,-29.400000000000002
54.13980137180271,-29.400000000000002,24.73980137180271,-39.2
24.73980137180271,-39.2,-14.460198628197293,-49.0
309.09756528828876,0.0,309.09756528828876,-9.8
309.09756528828876,-9.8,299.29756528828875,-19.6
299.29756528828875,-19.6,279.69756528828873,-29.400000000000002
279.69756528828873,-29.400000000000002,250.29756528828872,-39.2
250.29756528828872,-39.2,211.0975652882887,-49.0
195.97694628867916,0.0,195.97694628867916,-9.8
195.97694628867916,-9.8,186.17694628867915,-19.6
186.17694628867915,-19.6,166.57694628867915,-29.400000000000002
166.57694628867915,-29.400000000000002,137.17694628867915,-39.2
137.17694628867915,-39.2,97.97694628867914,-49.0
211.7258403048625,0.0,211.7258403048625,-9.8
211.7258403048625,-9.8,201.92584030486248,-19.6
201.92584030486248,-19.6,182.32584030486248,-29.400000000000002
182.32584030486248,-29.400000000000002,152.92584030486248,-39.2
152.92584030486248,-39.2,113.72584030486247,-49.0
227.55472181367546,0.0,227.55472181367546,-9.8
227.55472181367546,-9.8,217.75472181367545,-19.6
217.75472181367545,-19.6,198.15472181367545,-29.400000000000002
198.15472181367545,-29.400000000000002,168.75472181367545,-39.2
168.75472181367545,-39.2,129.55472181367543,-49.0
241.76403780425252,0.0,241.76403780425252,-9.8
241.76403780425252,-9.8,231.9640378042525,-19.6
231.9640378042525,-19.6,212.36403780425252,-29.400000000000002
212.36403780425252,-29.400000000000002,182.9640378042525,-39.2
182.9640378042525,-39.2,143.7640378042525,-49.0
98.43222952604391,0.0,98.43222952604391,-9.8
98.43222952604391,-9.8,88.63222952604391,-19.6
88.63222952604391,-19.6,69.03222952604392,-29.400000000000002
69.03222952604392,-29.400000000000002,39.632229526043915,-39.2
39.632229526043915,-39.2,0.43222952604391196,-49.0
476.54505452106866,0.0,476.54505452106866,-9.8
476.54505452106866,-9.8,466.74505452106865,-19.6
466.74505452106865,-19.6,447.14505452106863,-29.400000000000002
447.14505452106863,-29.400000000000002,417.74505452106865,-39.2
417.74505452106865,-39.2,378.54505452106866,-49.0
431.32302480200195,0.0,431.32302480200195,-9.8
431.32302480200195,-9.8,421.52302480200194,-19.6
421.52302480200194,-19.6,401.9230248020019,-29.400000000000002
401.9230248020019,-29.400000000000002,372.52302480200194,-39.2
372.52302480200194,-39.2,333.32302480200195,-49.0
477.16011957689216,0.0,477.16011957689216,-9.8
477.16011957689216,-9.8,467.36011957689215,-19.6
467.36011957689215,-19.6,447.7601195768921,-29.400000000000002
447.7601195768921,-29.400000000000002,418.36011957689215,-39.2
418.36011957689215,-39.2,379.16011957689216,-49.0
496.95854252912847,0.0,496.95854252912847,-9.8
496.95854252912847,-9.8,487.15854252912845,-19.6
487.15854252912845,-19.6,467.55854252912843,-29.400000000000002
467.55854252912843,-29.400000000000002,438.15854252912845,-39.2
438.15854252912845,-39.2,398.95854252912847,-49.0
281.9160802307141,0.0,281.9160802307141,-9.8
281.9160802307141,-9.8,272.1160802307141,-19.6
272.1160802307141,-19.6,252.5160802307141,-29.400000000000002
252.5160802307141,-29.400000000000002,223.1160802307141,-39.2
223.1160802307141,-39.2,183.9160802307141,-49.0
241.8261056214829,0.0,241.8261056214829,-9.8
241.8261056214829,-9.8,232.02610562148288,-19.6
232.02610562148288,-19.6,212.4261056214829,-29.400000000000002
212.4261056214829,-29.400000000000002,183.02610562148288,-39.2
183.02610562148288,-39.2,143.8261056214829,-49.0
92.52749852800505,0.0,92.52749852800505,-9.8
92.52749852800505,-9.8,82.72749852800506,-19.6
82.72749852800506,-19.6,63.127498528005056,-29.400000000000002
63.127498528005056,-29.400000000000002,33.72749852800506,-39.2
33.72749852800506,-39.2,-5.472501471994946,-49.0
56.823550102752186,0.0,56.823550102752186,-9.8
56.823550102752186,-9.8,47.02355010275218,-19.6
47.02355010275218,-19.6,27.42355010275218,-29.400000000000002
27.42355010275218,-29.400000000000002,-1.9764498972478215,-39.2
55.69671734671737,0.0,55.69671734671737,-9.8
55.69671734671737,-9.8,45.89671734671737,-19.6
45.89671734671737,-19.6,26.296717346717365,-29.400000000000002
26.296717346717365,-29.400000000000002,-3.103282653282637,-39.2
407.138956422196,0.0,407.138956422196,-9.8
407.138956422196,-9.8,397.33895642219596,-19.6
397.33895642219596,-19.6,377.73895642219594,-29.400000000000002
377.73895642219594,-29.400000000000002,348.33895642219596,-39.2
348.33895642219596,-39.2,309.138956422196,-49.0
391.438592908747,0.0,391.438592908747,-9.8
391.438592908747,-9.8,381.638592908747,-19.6
381.638592908747,-19.6,362.038592908747,-29.400000000000002
362.038592908747,-29.400000000000002,332.638592908747,-39.2
332.638592908747,-39.2,293.438592908747,-49.0
155.85307593426438,0.0,155.85307593426438,-9.8
155.85307593426438,-9.8,146.05307593426437,-19.6
146.05307593426437,-19.6,126.45307593426438,-29.400000000000002
126.45307593426438,-29.400000000000002,97.05307593426437,-39.2
97.05307593426437,-39.2,57.85307593426437,-49.0
143.22741312266083,0.0,143.22741312266083,-9.8
143.22741312266083,-9.8,133.42741312266082,-19.6
133.42741312266082,-19.6,113.82741312266083,-29.400000000000002
113.82741312266083,-29.400000000000002,84.42741312266082,-39.2
84.42741312266082,-39.2,45.22741312266082,-49.0
349.6408907533311,0.0,349.6408907533311,-9.8
349.6408907533311,-9.8,339.8408907533311,-19.6
339.8408907533311,-19.6,320.2408907533311,-29.400000000000002
320.2408907533311,-29.400000000000002,290.8408907533311,-39.2
290.8408907533311,-39.2,251.64089075333112,-49.0
148.32096969221584,0.0,148.32096969221584,-9.8
148.32096969221584,-9.8,138.52096969221583,-19.6
138.52096969221583,-19.6,118.92096969221583,-29.400000000000002
118.92096969221583,-29.400000000000002,89.52096969221583,-39.2
89.52096969221583,-39.2,50.320969692215826,-49.0
114.89121609778682,0.0,114.89121609778682,-9.8
114.89121609778682,-9.8,105.09121609778683,-19.6
105.09121609778683,-19.6,85.49121609778683,-29.400000000000002
85.49121609778683,-29.400000000000002,56.09121609778683,-39.2
56.09121609778683,-39.2,16.891216097786824,-49.0
64.35608289064032,0.0,64.35608289064032,-9.8
64.35608289064032,-9.8,54.556082890640326,-19.6
54.556082890640326,-19.6,34.956082890640324,-29.400000000000002
34.956082890640324,-29.400000000000002,5.556082890640322,-39.2
5.556082890640322,-39.2,-33.64391710935968,-49.0
439.11841763073636,0.0,439.11841763073636,-9.8
439.11841763073636,-9.8,429.31841763073635,-19.6
429.31841763073635,-19.6,409.7184176307363,-29.400000000000002
409.7184176307363,-29.400000000000002,380.31841763073635,-39.2
380.31841763073635,-39.2,341.11841763073636,-49.0
109.12239467715604,0.0,109.12239467715604,-9.8
109.12239467715604,-9.8,99.32239467715604,-19.6
99.32239467715604,-19.6,79.72239467715605,-29.400000000000002
79.72239467715605,-29.400000000000002,50.32239467715604,-39.2
50.32239467715604,-39.2,11.122394677156038,-49.0
498.28724474655445,0.0,498.28724474655445,-9.8
498.28724474655445,-9.8,488.48724474655444,-19.6
488.48724474655444,-19.6,468.8872447465544,-29.400000000000002
468.8872447465544,-29.400000000000002,439.48724474655444,-39.2
439.48724474655444,-39.2,400.28724474655445,-49.0
437.86944573762685,0.0,437.86944573762685,-9.8
437.86944573762685,-9.8,428.06944573762684,-19.6
428.06944573762684,-19.6,408.4694457376268,-29.400000000000002
408.4694457376268,-29.400000000000002,379.06944573762684,-39.2
379.06944573762684,-39.2,339.86944573762685,-49.0
478.0237593092719,0.0,478.0237593092719,-9.8
478.0237593092719,-9.8,468.2237593092719,-19.6
468.2237593092719,-19.6,448.62375930927186,-29.400000000000002
448.62375930927186,-29.400000000000002,419.2237593092719,-39.2
419.2237593092719,-39.2,380.0237593092719,-49.0
498.17177691448995,0.0,498.17177691448995,-9.8
498.17177691448995,-9.8,488.37177691448994,-19.6
488.37177691448994,-19.6,468.7717769144899,-29.400000000000002
468.7717769144899,-29.400000000000002,439.37177691448994,-39.2
439.37177691448994,-39.2,400.17177691448995,-49.0
410.19964559774,0.0,410.19964559774,-9.8
410.19964559774,-9.8,400.39964559774,-19.6
400.39964559774,-19.6,380.79964559774,-29.400000000000002
380.79964559774,-29.400000000000002,351.39964559774,-39.2
351.39964559774,-39.2,312.19964559774,-49.0
486.8193159871926,0.0,486.8193159871926,-9.8
486.8193159871926,-9.8,477.0193159871926,-19.6
477.0193159871926,-19.6,457.4193159871926,-29.400000000000002
457.4193159871926,-29.400000000000002,428.0193159871926,-39.2
428.0193159871926,-39.2,388.8193159871926,-49.0
393.16944490707124,0.0,393.16944490707124,-9.8
393.16944490707124,-9.8,383.3694449070712,-19.6
383.3694449070712,-19.6,363.7694449070712,-29.400000000000002
363.7694449070712,-29.400000000000002,334.3694449070712,-39.2
334.3694449070712,-39.2,295.16944490707124,-49.0
429.126259395342,0.0,429.126259395342,-9.8
429.126259395342,-9.8,419.326259395342,-19.6
419.326259395342,-19.6,399.72625939534197,-29.400000000000002
399.72625939534197,-29.400000000000002,370.326259395342,-39.2
370.326259395342,-39.2,331.126259395342,-49.0
422.9762471495163,0.0,422.9762471495163,-9.8
422.9762471495163,-9.8,413.1762471495163,-19.6
413.1762471495163,-19.6,393.5762471495163,-29.400000000000002
393.5762471495163,-29.400000000000002,364.1762471495163,-39.2
364.1762471495163,-39.2,324.9762471495163,-49.0
415.310822865257,0.0,415.310822865257,-9.8
415.310822865257,-9.8,405.510822865257,-19.6
405.510822865257,-19.6,385.910822865257,-29.400000000000002
385.910822865257,-29.400000000000002,356.510822865257,-39.2
356.510822865257,-39.2,317.310822865257,-49.0
331.2037325840292,0.0,331.2037325840292,-9.8
331.2037325840292,-9.8,321.40373258402917,-19.6
321.40373258402917,-19.6,301.80373258402915,-29.400000000000002
301.80373258402915,-29.400000000000002,272.40373258402917,-39.2
272.40373258402917,-39.2,233.20373258402918,-49.0
338.69172562857455,0.0,338.69172562857455,-9.8
338.69172562857455,-9.8,328.89172562857453,-19.6
328.89172562857453,-19.6,309.2917256285745,-29.400000000000002
309.2917256285745,-29.400000000000002,279.89172562857453,-39.2
279.89172562857453,-39.2,240.69172562857455,-49.0
352.64196888782897,0.0,352.64196888782897,-9.8
352.64196888782897,-9.8,342.84196888782895,-19.6
342.84196888782895,-19.6,323.24196888782893,-29.400000000000002
323.24196888782893,-29.400000000000002,293.84196888782895,-39.2
293.84196888782895,-39.2,254.64196888782897,-49.0
65.03915019349684,0.0,65.03915019349684,-9.8
65.03915019349684,-9.8,55.23915019349684,-19.6
55.23915019349684,-19.6,35.63915019349684,-29.400000000000002
35.63915019349684,-29.400000000000002,6.239150193496837,-39.2
6.239150193496837,-39.2,-32.96084980650316,-49.0
204.77894049965425,0.0,204.77894049965425,-9.8
204.77894049965425,-9.8,194.97894049965424,-19.6
194.97894049965424,-19.6,175.37894049965425,-29.400000000000002
175.37894049965425,-29.400000000000002,145.97894049965424,-39.2
145.97894049965424,-39.2,106.77894049965424,-49.0
144.0685724267949,0.0,144.0685724267949,-9.8
144.0685724267949,-9.8,134.2685724267949,-19.6
134.2685724267949,-19.6,114.6685724267949,-29.400000000000002
114.6685724267949,-29.400000000000002,85.26857242679489,-39.2
85.26857242679489,-39.2,46.06857242679489,-49.0
83.38368816246603,0.0,83.38368816246603,-9.8
83.38368816246603,-9.8,73.58368816246603,-19.6
73.58368816246603,-19.6,53.98368816246603,-29.400000000000002
53.98368816246603,-29.400000000000002,24.58368816246603,-39.2
24.58368816246603,-39.2,-14.616311837533974,-49.0
437.19679835523965,0.0,437.19679835523965,-9.8
437.19679835523965,-9.8,427.39679835523964,-19.6
427.39679835523964,-19.6,407.7967983552396,-29.400000000000002
407.7967983552396,-29.400000000000002,378.39679835523964,-39.2
378.39679835523964,-39.2,339.19679835523965,-49.0
280.86383666005946,0.0,280.86383666005946,-9.8
280.86383666005946,-9.8,271.06383666005945,-19.6
271.06383666005945,-19.6,251.46383666005946,-29.400000000000002
251.46383666005946,-29.400000000000002,222.06383666005945,-39.2
222.06383666005945,-39.2,182.86383666005946,-49.0
388.91502754916445,0.0,388.91502754916445,-9.8
388.91502754916445,-9.8,379.11502754916444,-19.6
379.11502754916444,-19.6,359.5150275491644,-29.400000000000002
359.5150275491644,-29.400000000000002,330.11502754916444,-39.2
330.11502754916444,-39.2,290.91502754916445,-49.0
218.55631973865954,0.0,218.55631973865954,-9.8
218.55631973865954,-9.8,208.75631973865953,-19.6
208.75631973865953,-19.6,189.15631973865953,-29.400000000000002
189.15631973865953,-29.400000000000002,159.75631973865953,-39.2
159.75631973865953,-39.2,120.55631973865952,-49.0
69.01614691390861,0.0,69.01614691390861,-9.8
69.01614691390861,-9.8,59.21614691390862,-19.6
59.21614691390862,-19.6,39.616146913908615,-29.400000000000002
39.616146913908615,-29.400000000000002,10.216146913908613,-39.2
10.216146913908613,-39.2,-28.98385308609139,-49.0
167.10279116502193,0.0,167.10279116502193,-9.8
167.10279116502193,-9.8,157.30279116502192,-19.6
157.30279116502192,-19.6,137.70279116502192,-29.400000000000002
137.70279116502192,-29.400000000000002,108.30279116502192,-39.2
108.30279116502192,-39.2,69.10279116502191,-49.0
442.58084305428974,0.0,442.58084305428974,-9.8
442.58084305428974,-9.8,432.78084305428973,-19.6
432.78084305428973,-19.6,413.1808430542897,-29.400000000000002
413.1808430542897,-29.400000000000002,383.78084305428973,-39.2
383.78084305428973,-39.2,344.58084305428974,-49.0
394.25078972845284,0.0,394.25078972845284,-9.8
394.25078972845284,-9.8,384.45078972845283,-19.6
384.45078972845283,-19.6,364.8507897284528,-29.400000000000002
364.8507897284528,-29.400000000000002,335.45078972845283,-39.2
335.45078972845283,-39.2,296.25078972845284,-49.0
465.5515637113679,0.0,465.5515637113679,-9.8
465.5515637113679,-9.8,455.7515637113679,-19.6
455.7515637113679,-19.6,436.1515637113679,-29.400000000000002
436.1515637113679,-29.400000000000002,406.7515637113679,-39.2
406.7515637113679,-39.2,367.5515637113679,-49.0
421.73033512615064,0.0,421.73033512615064,-9.8
421.73033512615064,-9.8,411.9303351261506,-19.6
411.9303351261506,-19.6,392.3303351261506,-29.400000000000002
392.3303351261506,-29.400000000000002,362.9303351261506,-39.2
362.9303351261506,-39.2,323.73033512615064,-49.0
120.63237067307038,0.0,120.63237067307038,-9.8
120.63237067307038,-9.8,110.83237067307039,-19.6
110.83237067307039,-19.6,91.23237067307039,-29.400000000000002
91.23237067307039,-29.400000000000002,61.832370673070386,-39.2
61.832370673070386,-39.2,22.632370673070383,-49.0
162.71935483240696,0.0,162.71935483240696,-9.8
162.71935483240696,-9.8,152.91935483240695,-19.6
152.91935483240695,-19.6,133.31935483240696,-29.400000000000002
133.31935483240696,-29.400000000000002,103.91935483240695,-39.2
103.91935483240695,-39.2,64.71935483240695,-49.0
397.0529412511216,0.0,397.0529412511216,-9.8
397.0529412511216,-9.8,387.25294125112157,-19.6
387.25294125112157,-19.6,367.65294125112155,-29.400000000000002
367.65294125112155,-29.400000000000002,338.25294125112157,-39.2
338.25294125112157,-39.2,299.0529412511216,-49.0
264.3812299591068,0.0,264.3812299591068,-9.8
264.3812299591068,-9.8,254.5812299591068,-19.6
254.5812299591068,-19.6,234.9812299591068,-29.400000000000002
234.9812299591068,-29.400000000000002,205.5812299591068,-39.2
205.5812299591068,-39.2,166.3812299591068,-49.0
344.64396059157104,0.0,344.64396059157104,-9.8
344.64396059157104,-9.8,334.84396059157103,-19.6
334.84396059157103,-19.6,315.243960591571,-29.400000000000002
315.243960591571,-29.400000000000002,285.84396059157103,-39.2
285.84396059157103,-39.2,246.64396059157104,-49.0
160.65522881770318,0.0,160.65522881770318,-9.8
160.65522881770318,-9.8,150.85522881770316,-19.6
150.85522881770316,-19.6,131.25522881770317,-29.400000000000002
131.25522881770317,-29.400000000000002,101.85522881770316,-39.2
101.85522881770316,-39.2,62.65522881770316,-49.0
457.1684863390999,0.0,457.1684863390999,-9.8
457.1684863390999,-9.8,447.3684863390999,-19.6
447.3684863390999,-19.6,427.76848633909987,-29.400000000000002
427.76848633909987,-29.400000000000002,398.3684863390999,-39.2
398.3684863390999,-39.2,359.1684863390999,-49.0
243.74701263481464,0.0,243.74701263481464,-9.8
243.74701263481464,-9.8,233.94701263481463,-19.6
233.94701263481463,-19.6,214.34701263481463,-29.400000000000002
214.34701263481463,-29.400000000000002,184.94701263481463,-39.2
184.94701263481463,-39.2,145.7470126348146,-49.0
86.06388837887286,0.0,86.06388837887286,-9.8
86.06388837887286,-9.8,76.26388837887286,-19.6
76.26388837887286,-19.6,56.66388837887286,-29.400000000000002
56.66388837887286,-29.400000000000002,27.26388837887286,-39.2
27.26388837887286,-39.2,-11.936111621127143,-49.0
385.7138026716062,0.0,385.7138026716062,-9.8
385.7138026716062,-9.8,375.91380267160616,-19.6
375.91380267160616,-19.6,356.31380267160614,-29.400000000000002
356.31380267160614,-29.400000000000002,326.91380267160616,-39.2
326.91380267160616,-39.2,287.7138026716062,-49.0
317.21976984336953,0.0,317.21976984336953,-9.8
317.21976984336953,-9.8,307.4197698433695,-19.6
307.4197698433695,-19.6,287.8197698433695,-29.400000000000002
287.8197698433695,-29.400000000000002,258.4197698433695,-39.2
258.4197698433695,-39.2,219.21976984336953,-49.0
80.45229464328592,0.0,80.45229464328592,-9.8
80.45229464328592,-9.8,70.65229464328593,-19.6
70.65229464328593,-19.6,51.052294643285926,-29.400000000000002
51.052294643285926,-29.400000000000002,21.652294643285924,-39.2
21.652294643285924,-39.2,-17.54770535671408,-49.0
312.1318891204947,0.0,312.1318891204947,-9.8
312.1318891204947,-9.8,302.3318891204947,-19.6
302.3318891204947,-19.6,282.73188912049466,-29.400000000000002
282.73188912049466,-29.400000000000002,253.33188912049465,-39.2
253.33188912049465,-39.2,214.13188912049463,-49.0
82.18511336424821,0.0,82.18511336424821,-9.8
82.18511336424821,-9.8,72.38511336424821,-19.6
72.38511336424821,-19.6,52.78511336424821,-29.400000000000002
52.78511336424821,-29.400000000000002,23.38511336424821,-39.2
23.38511336424821,-39.2,-15.814886635751794,-49.0
181.11602527987304,0.0,181.11602527987304,-9.8
181.11602527987304,-9.8,171.31602527987303,-19.6
171.31602527987303,-19.6,151.71602527987304,-29.400000000000002
151.71602527987304,-29.400000000000002,122.31602527987303,-39.2
122.31602527987303,-39.2,83.11602527987303,-49.0
498.5212947262179,0.0,498.5212947262179,-9.8
498.5212947262179,-9.8,488.7212947262179,-19.6
488.7212947262179,-19.6,469.12129472621785,-29.400000000000002
469.12129472621785,-29.400000000000002,439.7212947262179,-39.2
439.7212947262179,-39.2,400.5212947262179,-49.0
473.341909261892,0.0,473.341909261892,-9.8
473.341909261892,-9.8,463.541909261892,-19.6
463.541909261892,-19.6,443.94190926189196,-29.400000000000002
443.94190926189196,-29.400000000000002,414.541909261892,-39.2
414.541909261892,-39.2,375.341909261892,-49.0
459.1324942665762,0.0,459.1324942665762,-9.8
459.1324942665762,-9.8,449.3324942665762,-19.6
449.3324942665762,-19.6,429.73249426657617,-29.400000000000002
429.73249426657617,-29.400000000000002,400.3324942665762,-39.2
400.3324942665762,-39.2,361.1324942665762,-49.0
227.55086484598218,0.0,227.55086484598218,-9.8
227.55086484598218,-9.8,217.75086484598216,-19.6
217.75086484598216,-19.6,198.15086484598217,-29.400000000000002
198.15086484598217,-29.400000000000002,168.75086484598216,-39.2
168.75086484598216,-39.2,129.55086484598218,-49.0
50.31926536394316,0.0,50.31926536394316,-9.8
50.31926536394316,-9.8,40.51926536394316,-19.6
40.51926536394316,-19.6,20.91926536394316,-29.400000000000002
20.91926536394316,-29.400000000000002,-8.480734636056841,-39.2
114.90953803287148,0.0,114.90953803287148,-9.8
114.90953803287148,-9.8,105.10953803287148,-19.6
105.10953803287148,-19.6,85.50953803287149,-29.400000000000002
85.50953803287149,-29.400000000000002,56.109538032871484,-39.2
56.109538032871484,-39.2,16.90953803287148,-49.0
360.21027966829405,0.0,360.21027966829405,-9.8
360.21027966829405,-9.8,350.41027966829404,-19.6
350.41027966829404,-19.6,330.810279668294,-29.400000000000002
330.810279668294,-29.400000000000002,301.41027966829404,-39.2
301.41027966829404,-39.2,262.21027966829405,-49.0
276.3295910390933,0.0,276.3295910390933,-9.8
276.3295910390933,-9.8,266.5295910390933,-19.6
266.5295910390933,-19.6,246.9295910390933,-29.400000000000002
246.9295910390933,-29.400000000000002,217.5295910390933,-39.2
217.5295910390933,-39.2,178.32959103909332,-49.0
374.80640100896875,0.0,374.80640100896875,-9.8
374.80640100896875,-9.8,365.00640100896874,-19.6
365.00640100896874,-19.6,345.4064010089687,-29.400000000000002
345.4064010089687,-29.400000000000002,316.00640100896874,-39.2
316.00640100896874,-39.2,276.80640100896875,-49.0
149.31673063207995,0.0,149.31673063207995,-9.8
149.31673063207995,-9.8,139.51673063207994,-19.6
139.51673063207994,-19.6,119.91673063207995,-29.400000000000002
119.91673063207995,-29.400000000000002,90.51673063207994,-39.2
90.51673063207994,-39.2,51.31673063207994,-49.0
425.9451676334858,0.0,425.9451676334858,-9.8
425.9451676334858,-9.8,416.1451676334858,-19.6
416.1451676334858,-19.6,396.5451676334858,-29.400000000000002
396.5451676334858,-29.400000000000002,367.1451676334858,-39.2
367.1451676334858,-39.2,327.9451676334858,-49.0
429.8862000260581,0.0,429.8862000260581,-9.8
429.8862000260581,-9.8,420.08620002605807,-19.6
420.08620002605807,-19.6,400.48620002605804,-29.400000000000002
400.48620002605804,-29.400000000000002,371.08620002605807,-39.2
371.08620002605807,-39.2,331.8862000260581,-49.0
70.96397280216281,0.0,70.96397280216281,-9.8
70.96397280216281,-9.8,61.16397280216282,-19.6
61.16397280216282,-19.6,41.563972802162816,-29.400000000000002
41.563972802162816,-29.400000000000002,12.163972802162814,-39.2
12.163972802162814,-39.2,-27.03602719783719,-49.0
393.8400344786371,0.0,393.8400344786371,-9.8
393.8400344786371,-9.8,384.0400344786371,-19.6
384.0400344786371,-19.6,364.4400344786371,-29.400000000000002
364.4400344786371,-29.400000000000002,335.0400344786371,-39.2
335.0400344786371,-39.2,295.8400344786371,-49.0
129.28234591868863,0.0,129.28234591868863,-9.8
129.28234591868863,-9.8,119.48234591868864,-19.6
119.48234591868864,-19.6,99.88234591868863,-29.400000000000002
99.88234591868863,-29.400000000000002,70.48234591868862,-39.2
70.48234591868862,-39.2,31.28234591868862,-49.0
214.3632348104708,0.0,214.3632348104708,-9.8
214.3632348104708,-9.8,204.5632348104708,-19.6
204.5632348104708,-19.6,184.9632348104708,-29.400000000000002
184.9632348104708,-29.400000000000002,155.5632348104708,-39.2
155.5632348104708,-39.2,116.36323481047079,-49.0
443.55953519824226,0.0,443.55953519824226,-9.8
443.55953519824226,-9.8,433.75953519824225,-19.6
433.75953519824225,-19.6,414.1595351982422,-29.400000000000002
414.1595351982422,-29.400000000000002,384.75953519824225,-39.2
384.75953519824225,-39.2,345.55953519824226,-49.0
404.04372517275203,0.0,404.04372517275203,-9.8
404.04372517275203,-9.8,394.243725172752,-19.6
394.243725172752,-19.6,374.643725172752,-29.400000000000002
374.643725172752,-29.400000000000002,345.243725172752,-39.2
345.243725172752,-39.2,306.04372517275203,-49.0
480.75217059932055,0.0,480.75217059932055,-9.8
480.75217059932055,-9.8,470.95217059932054,-19.6
470.95217059932054,-19.6,451.3521705993205,-29.400000000000002
451.3521705993205,-29.400000000000002,421.95217059932054,-39.2
421.95217059932054,-39.2,382.75217059932055,-49.0
248.66028209096913,0.0,248.66028209096913,-9.8
248.66028209096913,-9.8,238.86028209096912,-19.6
238.86028209096912,-19.6,219.26028209096913,-29.400000000000002
219.26028209096913,-29.400000000000002,189.86028209096912,-39.2
189.86028209096912,-39.2,150.66028209096913,-49.0
291.1065433584828,0.0,291.1065433584828,-9.8
291.1065433584828,-9.8,281.30654335848277,-19.6
281.30654335848277,-19.6,261.70654335848275,-29.400000000000002
261.70654335848275,-29.400000000000002,232.30654335848274,-39.2
232.30654335848274,-39.2,193.10654335848272,-49.0
125.77982828254594,0.0,125.77982828254594,-9.8
125.77982828254594,-9.8,115.97982828254594,-19.6
115.97982828254594,-19.6,96.37982828254593,-29.400000000000002
96.37982828254593,-29.400000000000002,66.97982828254592,-39.2
66.97982828254592,-39.2,27.77982828254592,-49.0
63.35341254703903,0.0,63.35341254703903,-9.8
63.35341254703903,-9.8,53.55341254703903,-19.6
53.55341254703903,-19.6,33.95341254703903,-29.400000000000002
33.95341254703903,-29.400000000000002,4.553412547039027,-39.2
4.553412547039027,-39.2,-34.64658745296097,-49.0
125.18898049492697,0.0,125.18898049492697,-9.8
125.18898049492697,-9.8,115.38898049492697,-19.6
115.38898049492697,-19.6,95.78898049492696,-29.400000000000002
95.78898049492696,-29.400000000000002,66.38898049492695,-39.2
66.38898049492695,-39.2,27.188980494926952,-49.0
375.589893898806,0.0,375.589893898806,-9.8
375.589893898806,-9.8,365.789893898806,-19.6
365.789893898806,-19.6,346.18989389880596,-29.400000000000002
346.18989389880596,-29.400000000000002,316.789893898806,-39.2
316.789893898806,-39.2,277.589893898806,-49.0
219.91251875971935,0.0,219.91251875971935,-9.8
219.91251875971935,-9.8,210.11251875971934,-19.6
210.11251875971934,-19.6,190.51251875971934,-29.400000000000002
190.51251875971934,-29.400000000000002,161.11251875971934,-39.2
161.11251875971934,-39.2,121.91251875971933,-49.0
158.71000138602105,0.0,158.71000138602105,-9.8
158.71000138602105,-9.8,148.91000138602104,-19.6
148.91000138602104,-19.6,129.31000138602104,-29.400000000000002
129.31000138602104,-29.400000000000002,99.91000138602104,-39.2
99.91000138602104,-39.2,60.710001386021034,-49.0
335.3949858621102,0.0,335.3949858621102,-9.8
335.3949858621102,-9.8,325.5949858621102,-19.6
325.5949858621102,-19.6,305.9949858621102,-29.400000000000002
305.9949858621102,-29.400000000000002,276.5949858621102,-39.2
276.5949858621102,-39.2,237.39498586211022,-49.0
293.78584731485006,0.0,293.78584731485006,-9.8
293.78584731485006,-9.8,283.98584731485005,-19.6
283.98584731485005,-19.6,264.38584731485,-29.400000000000002
264.38584731485,-29.400000000000002,234.98584731485002,-39.2
234.98584731485002,-39.2,195.78584731485,-49.0
199.76590101981273,0.0,199.76590101981273,-9.8
199.76590101981273,-9.8,189.96590101981272,-19.6
189.96590101981272,-19.6,170.36590101981272,-29.400000000000002
170.36590101981272,-29.400000000000002,140.96590101981272,-39.2
140.96590101981272,-39.2,101.76590101981272,-49.0
439.03814451018604,0.0,439.03814451018604,-9.8
439.03814451018604,-9.8,429.23814451018603,-19.6
429.23814451018603,-19.6,409.638144510186,-29.400000000000002
409.638144510186,-29.400000000000002,380.23814451018603,-39.2
380.23814451018603,-39.2,341.03814451018604,-49.0
91.12570171787254,0.0,91.12570171787254,-9.8
91.12570171787254,-9.8,81.32570171787255,-19.6
81.32570171787255,-19.6,61.725701717872546,-29.400000000000002
61.725701717872546,-29.400000000000002,32.32570171787255,-39.2
32.32570171787255,-39.2,-6.874298282127455,-49.0
412.8046275722206,0.0,412.8046275722206,-9.8
412.8046275722206,-9.8,403.0046275722206,-19.6
403.0046275722206,-19.6,383.4046275722206,-29.400000000000002
383.4046275722206,-29.400000000000002,354.0046275722206,-39.2
354.0046275722206,-39.2,314.8046275722206,-49.0
124.0868106252172,0.0,124.0868106252172,-9.8
124.0868106252172,-9.8,114.2868106252172,-19.6
114.2868106252172,-19.6,94.68681062521719,-29.400000000000002
94.68681062521719,-29.400000000000002,65.28681062521719,-39.2
65.28681062521719,-39.2,26.086810625217183,-49.0
117.93586920078985,0.0,117.93586920078985,-9.8
117.93586920078985,-9.8,108.13586920078986,-19.6
108.13586920078986,-19.6,88.53586920078985,-29.400000000000002
88.53586920078985,-29.400000000000002,59.13586920078984,-39.2
59.13586920078984,-39.2,19.93586920078984,-49.0
410.80022231339836,0.0,410.80022231339836,-9.8
410.80022231339836,-9.8,401.00022231339835,-19.6
401.00022231339835,-19.6,381.40022231339833,-29.400000000000002
381.40022231339833,-29.400000000000002,352.00022231339835,-39.2
352.00022231339835,-39.2,312.80022231339836,-49.0
485.37969670345007,0.0,485.37969670345007,-9.8
485.37969670345007,-9.8,475.57969670345005,-19.6
475.57969670345005,-19.6,455.97969670345003,-29.400000000000002
455.97969670345003,-29.400000000000002,426.57969670345005,-39.2
426.57969670345005,-39.2,387.37969670345007,-49.0
175.18965662182467,0.0,175.18965662182467,-9.8
175.18965662182467,-9.8,165.38965662182466,-19.6
165.38965662182466,-19.6,145.78965662182466,-29.400000000000002
145.78965662182466,-29.400000000000002,116.38965662182466,-39.2
116.38965662182466,-39.2,77.18965662182465,-49.0
187.8772803523676,0.0,187.8772803523676,-9.8
187.8772803523676,-9.8,178.07728035236758,-19.6
178.07728035236758,-19.6,158.4772803523676,-29.400000000000002
158.4772803523676,-29.400000000000002,129.07728035236758,-39.2
129.07728035236758,-39.2,89.87728035236758,-49.0
350.48079069671087,0.0,350.48079069671087,-9.8
350.48079069671087,-9.8,340.68079069671086,-19.6
340.68079069671086,-19.6,321.08079069671084,-29.400000000000002
321.08079069671084,-29.400000000000002,291.68079069671086,-39.2
291.68079069671086,-39.2,252.48079069671087,-49.0
355.52514134550336,0.0,355.52514134550336,-9.8
355.52514134550336,-9.8,345.72514134550335,-19.6
345.72514134550335,-19.6,326.1251413455033,-29.400000000000002
326.1251413455033,-29.400000000000002,296.72514134550335,-39.2
296.72514134550335,-39.2,257.52514134550336,-49.0
291.2236409628525,0.0,291.2236409628525,-9.8
291.2236409628525,-9.8,281.4236409628525,-19.6
281.4236409628525,-19.6,261.8236409628525,-29.400000000000002
261.8236409628525,-29.400000000000002,232.4236409628525,-39.2
232.4236409628525,-39.2,193.22364096285247,-49.0
360.7379647104092,0.0,360.7379647104092,-9.8
360.7379647104092,-9.8,350.9379647104092,-19.6
350.9379647104092,-19.6,331.33796471040915,-29.400000000000002
331.33796471040915,-29.400000000000002,301.9379647104092,-39.2
301.9379647104092,-39.2,262.7379647104092,-49.0
241.19609624274364,0.0,241.19609624274364,-9.8
241.19609624274364,-9.8,231.39609624274362,-19.6
231.39609624274362,-19.6,211.79609624274363,-29.400000000000002
211.79609624274363,-29.400000000000002,182.39609624274362,-39.2
182.39609624274362,-39.2,143.19609624274364,-49.0
313.3422155820612,0.0,313.3422155820612,-9.8
313.3422155820612,-9.8,303.5422155820612,-19.6
303.5422155820612,-19.6,283.9422155820612,-29.400000000000002
283.9422155820612,-29.400000000000002,254.54221558206117,-39.2
254.54221558206117,-39.2,215.34221558206116,-49.0
193.33128397580492,0.0,193.33128397580492,-9.8
193.33128397580492,-9.8,183.5312839758049,-19.6
183.5312839758049,-19.6,163.93128397580492,-29.400000000000002
163.93128397580492,-29.400000000000002,134.5312839758049,-39.2
134.5312839758049,-39.2,95.33128397580491,-49.0
214.96455801212048,0.0,214.96455801212048,-9.8
214.96455801212048,-9.8,205.16455801212047,-19.6
205.16455801212047,-19.6,185.56455801212047,-29.400000000000002
185.56455801212047,-29.400000000000002,156.16455801212047,-39.2
156.16455801212047,-39.2,116.96455801212046,-49.0
170.8742403268827,0.0,170.8742403268827,-9.8
170.8742403268827,-9.8,161.0742403268827,-19.6
161.0742403268827,-19.6,141.4742403268827,-29.400000000000002
141.4742403268827,-29.400000000000002,112.07424032688269,-39.2
112.07424032688269,-39.2,72.87424032688268,-49.0
305.49760682588794,0.0,305.49760682588794,-9.8
305.49760682588794,-9.8,295.69760682588793,-19.6
295.69760682588793,-19.6,276.0976068258879,-29.400000000000002
276.0976068258879,-29.400000000000002,246.6976068258879,-39.2
246.6976068258879,-39.2,207.49760682588789,-49.0
144.69118832786398,0.0,144.69118832786398,-9.8
144.69118832786398,-9.8,134.89118832786397,-19.6
134.89118832786397,-19.6,115.29118832786398,-29.400000000000002
115.29118832786398,-29.400000000000002,85.89118832786397,-39.2
85.89118832786397,-39.2,46.69118832786397,-49.0
75.84056027629407,0.0,75.84056027629407,-9.8
75.84056027629407,-9.8,66.04056027629407,-19.6
66.04056027629407,-19.6,46.44056027629407,-29.400000000000002
46.44056027629407,-29.400000000000002,17.04056027629407,-39.2
17.04056027629407,-39.2,-22.159439723705933,-49.0
304.88273432618655,0.0,304.88273432618655,-9.8
304.88273432618655,-9.8,295.08273432618654,-19.6
295.08273432618654,-19.6,275.4827343261865,-29.400000000000002
275.4827343261865,-29.400000000000002,246.0827343261865,-39.2
246.0827343261865,-39.2,206.8827343261865,-49.0
407.72494729340605,0.0,407.72494729340605,-9.8
407.72494729340605,-9.8,397.92494729340603,-19.6
397.92494729340603,-19.6,378.324947293406,-29.400000000000002
378.324947293406,-29.400000000000002,348.92494729340603,-39.2
348.92494729340603,-39.2,309.72494729340605,-49.0
397.5653493211779,0.0,397.5653493211779,-9.8
397.5653493211779,-9.8,387.7653493211779,-19.6
387.7653493211779,-19.6,368.16534932117787,-29.400000000000002
368.16534932117787,-29.400000000000002,338.7653493211779,-39.2
338.7653493211779,-39.2,299.5653493211779,-49.0
287.9455582599653,0.0,287.9455582599653,-9.8
287.9455582599653,-9.8,278.1455582599653,-19.6
278.1455582599653,-19.6,258.5455582599653,-29.400000000000002
258.5455582599653,-29.400000000000002,229.14555825996527,-39.2
229.14555825996527,-39.2,189.94555825996525,-49.0
245.02920582195694,0.0,245.02920582195694,-9.8
245.02920582195694,-9.8,235.22920582195692,-19.6
235.22920582195692,-19.6,215.62920582195693,-29.400000000000002
215.62920582195693,-29.400000000000002,186.22920582195692,-39.2
186.22920582195692,-39.2,147.0292058219569,-49.0
185.14990451557384,0.0,185.14990451557384,-9.8
185.14990451557384,-9.8,175.34990451557383,-19.6
175.34990451557383,-19.6,155.74990451557383,-29.400000000000002
155.74990451557383,-29.400000000000002,126.34990451557383,-39.2
126.34990451557383,-39.2,87.14990451557382,-49.0
74.92955171472326,0.0,74.92955171472326,-9.8
74.92955171472326,-9.8,65.12955171472326,-19.6
65.12955171472326,-19.6,45.52955171472326,-29.400000000000002
45.52955171472326,-29.400000000000002,16.12955171472326,-39.2
16.12955171472326,-39.2,-23.070448285276743,-49.0
435.59605857193293,0.0,435.59605857193293,-9.8
435.59605857193293,-9.8,425.7960585719329,-19.6
425.7960585719329,-19.6,406.1960585719329,-29.400000000000002
406.1960585719329,-29.400000000000002,376.7960585719329,-39.2
376.7960585719329,-39.2,337.59605857193293,-49.0
83.24585270523178,0.0,83.24585270523178,-9.8
83.24585270523178,-9.8,73.44585270523179,-19.6
73.44585270523179,-19.6,53.845852705231785,-29.400000000000002
53.845852705231785,-29.400000000000002,24.445852705231783,-39.2
24.445852705231783,-39.2,-14.75414729476822,-49.0
264.013672316939,0.0,264.013672316939,-9.8
264.013672316939,-9.8,254.21367231693898,-19.6
254.21367231693898,-19.6,234.613672316939,-29.400000000000002
234.613672316939,-29.400000000000002,205.21367231693898,-39.2
205.21367231693898,-39.2,166.013672316939,-49.0
220.13068342656868,0.0,220.13068342656868,-9.8
220.13068342656868,-9.8,210.33068342656867,-19.6
210.33068342656867,-19.6,190.73068342656867,-29.400000000000002
190.73068342656867,-29.400000000000002,161.33068342656867,-39.2
161.33068342656867,-39.2,122.13068342656867,-49.0
275.4603438162919,0.0,275.4603438162919,-9.8
275.4603438162919,-9.8,265.6603438162919,-19.6
265.6603438162919,-19.6,246.06034381629192,-29.400000000000002
246.06034381629192,-29.400000000000002,216.6603438162919,-39.2
216.6603438162919,-39.2,177.46034381629192,-49.0
454.5172901251832,0.0,454.5172901251832,-9.8
454.5172901251832,-9.8,444.7172901251832,-19.6
444.7172901251832,-19.6,425.11729012518316,-29.400000000000002
425.11729012518316,-29.400000000000002,395.7172901251832,-39.2
395.7172901251832,-39.2,356.5172901251832,-49.0
489.6509983180209,0.0,489.6509983180209,-9.8
489.6509983180209,-9.8,479.8509983180209,-19.6
479.8509983180209,-19.6,460.2509983180209,-29.400000000000002
460.2509983180209,-29.400000000000002,430.8509983180209,-39.2
430.8509983180209,-39.2,391.6509983180209,-49.0
53.65662054594395,0.0,53.65662054594395,-9.8
53.65662054594395,-9.8,43.856620545943954,-19.6
43.856620545943954,-19.6,24.256620545943953,-29.400000000000002
24.256620545943953,-29.400000000000002,-5.143379454056049,-39.2
287.01146809271944,0.0,287.01146809271944,-9.8
287.01146809271944,-9.8,277.21146809271943,-19.6
277.21146809271943,-19.6,257.6114680927194,-29.400000000000002
257.6114680927194,-29.400000000000002,228.2114680927194,-39.2
228.2114680927194,-39.2,189.01146809271938,-49.0
179.09858142428874,0.0,179.09858142428874,-9.8
179.09858142428874,-9.8,169.29858142428873,-19.6
169.29858142428873,-19.6,149.69858142428873,-29.400000000000002
149.69858142428873,-29.400000000000002,120.29858142428873,-39.2
120.29858142428873,-39.2,81.09858142428872,-49.0
263.5256027221611,0.0,263.5256027221611,-9.8
263.5256027221611,-9.8,253.7256027221611,-19.6
253.7256027221611,-19.6,234.12560272216112,-29.400000000000002
234.12560272216112,-29.400000000000002,204.7256027221611,-39.2
204.7256027221611,-39.2,165.52560272216112,-49.0
125.88508211356454,0.0,125.88508211356454,-9.8
125.88508211356454,-9.8,116.08508211356454,-19.6
116.08508211356454,-19.6,96.48508211356454,-29.400000000000002
96.48508211356454,-29.400000000000002,67.08508211356454,-39.2
67.08508211356454,-39.2,27.885082113564536,-49.0
242.0583690681898,0.0,242.0583690681898,-9.8
242.0583690681898,-9.8,232.25836906818978,-19.6
232.25836906818978,-19.6,212.65836906818978,-29.400000000000002
212.65836906818978,-29.400000000000002,183.25836906818978,-39.2
183.25836906818978,-39.2,144.0583690681898,-49.0
190.25269427833607,0.0,190.25269427833607,-9.8
190.25269427833607,-9.8,180.45269427833605,-19.6
180.45269427833605,-19.6,160.85269427833606,-29.400000000000002
160.85269427833606,-29.400000000000002,131.45269427833605,-39.2
131.45269427833605,-39.2,92.25269427833605,-49.0
166.57049634362818,0.0,166.57049634362818,-9.8
166.57049634362818,-9.8,156.77049634362817,-19.6
156.77049634362817,-19.6,137.17049634362817,-29.400000000000002
137.17049634362817,-29.400000000000002,107.77049634362817,-39.2
107.77049634362817,-39.2,68.57049634362816,-49.0
396.4750196641826,0.0,396.4750196641826,-9.8
396.4750196641826,-9.8,386.67501966418257,-19.6
386.67501966418257,-19.6,367.07501966418255,-29.400000000000002
367.07501966418255,-29.400000000000002,337.67501966418257,-39.2
337.67501966418257,-39.2,298.4750196641826,-49.0
474.430183849503,0.0,474.430183849503,-9.8
474.430183849503,-9.8,464.630183849503,-19.6
464.630183849503,-19.6,445.030183849503,-29.400000000000002
445.030183849503,-29.400000000000002,415.630183849503,-39.2
415.630183849503,-39.2,376.430183849503,-49.0
401.64012431864955,0.0,401.64012431864955,-9.8
401.64012431864955,-9.8,391.84012431864954,-19.6
391.84012431864954,-19.6,372.2401243186495,-29.400000000000002
372.2401243186495,-29.400000000000002,342.84012431864954,-39.2
342.84012431864954,-39.2,303.64012431864955,-49.0
372.0214937674372,0.0,372.0214937674372,-9.8
372.0214937674372,-9.8,362.2214937674372,-19.6
362.2214937674372,-19.6,342.6214937674372,-29.400000000000002
342.6214937674372,-29.400000000000002,313.2214937674372,-39.2
313.2214937674372,-39.2,274.0214937674372,-49.0
287.7302453241606,0.0,287.7302453241606,-9.8
287.7302453241606,-9.8,277.9302453241606,-19.6
277.9302453241606,-19.6,258.33024532416056,-29.400000000000002
258.33024532416056,-29.400000000000002,228.93024532416055,-39.2
228.93024532416055,-39.2,189.73024532416053,-49.0
132.67503360368488,0.0,132.67503360368488,-9.8
132.67503360368488,-9.8,122.87503360368488,-19.6
122.87503360368488,-19.6,103.27503360368488,-29.400000000000002
103.27503360368488,-29.400000000000002,73.87503360368487,-39.2
73.87503360368487,-39.2,34.67503360368487,-49.0
379.94651905775976,0.0,379.94651905775976,-9.8
379.94651905775976,-9.8,370.14651905775975,-19.6
370.14651905775975,-19.6,350.5465190577597,-29.400000000000002
350.5465190577597,-29.400000000000002,321.14651905775975,-39.2
321.14651905775975,-39.2,281.94651905775976,-49.0
127.82140164950019,0.0,127.82140164950019,-9.8
127.82140164950019,-9.8,118.02140164950019,-19.6
118.02140164950019,-19.6,98.42140164950018,-29.400000000000002
98.42140164950018,-29.400000000000002,69.02140164950018,-39.2
69.02140164950018,-39.2,29.821401649500174,-49.0
177.21727635731776,0.0,177.21727635731776,-9.8
177.21727635731776,-9.8,167.41727635731775,-19.6
167.41727635731775,-19.6,147.81727635731775,-29.400000000000002
147.81727635731775,-29.400000000000002,118.41727635731775,-39.2
118.41727635731775,-39.2,79.21727635731774,-49.0
61.17493986882553,0.0,61.17493986882553,-9.8
61.17493986882553,-9.8,51.374939868825535,-19.6
51.374939868825535,-19.6,31.774939868825534,-29.400000000000002
31.774939868825534,-29.400000000000002,2.374939868825532,-39.2
2.374939868825532,-39.2,-36.82506013117447,-49.0
106.79053318618739,0.0,106.79053318618739,-9.8
106.79053318618739,-9.8,96.99053318618739,-19.6
96.99053318618739,-19.6,77.39053318618738,-29.400000000000002
77.39053318618738,-29.400000000000002,47.99053318618738,-39.2
47.99053318618738,-39.2,8.790533186187375,-49.0
384.34278575922116,0.0,384.34278575922116,-9.8
384.34278575922116,-9.8,374.54278575922115,-19.6
374.54278575922115,-19.6,354.9427857592211,-29.400000000000002
354.9427857592211,-29.400000000000002,325.54278575922115,-39.2
325.54278575922115,-39.2,286.34278575922116,-49.0
124.60742651981667,0.0,124.60742651981667,-9.8
124.60742651981667,-9.8,114.80742651981667,-19.6
114.80742651981667,-19.6,95.20742651981666,-29.400000000000002
95.20742651981666,-29.400000000000002,65.80742651981666,-39.2
65.80742651981666,-39.2,26.607426519816656,-49.0
470.5493257407309,0.0,470.5493257407309,-9.8
470.5493257407309,-9.8,460.7493257407309,-19.6
460.7493257407309,-19.6,441.1493257407309,-29.400000000000002
441.1493257407309,-29.400000000000002,411.7493257407309,-39.2
411.7493257407309,-39.2,372.5493257407309,-49.0
430.1339382321101,0.0,430.1339382321101,-9.8
430.1339382321101,-9.8,420.3339382321101,-19.6
420.3339382321101,-19.6,400.73393823211006,-29.400000000000002
400.73393823211006,-29.400000000000002,371.3339382321101,-39.2
371.3339382321101,-39.2,332.1339382321101,-49.0
313.0909572323257,0.0,313.0909572323257,-9.8
313.0909572323257,-9.8,303.2909572323257,-19.6
303.2909572323257,-19.6,283.6909572323257,-29.400000000000002
283.6909572323257,-29.400000000000002,254.29095723232567,-39.2
254.29095723232567,-39.2,215.09095723232565,-49.0
314.52102874239216,0.0,314.52102874239216,-9.8
314.52102874239216,-9.8,304.72102874239215,-19.6
304.72102874239215,-19.6,285.1210287423921,-29.400000000000002
285.1210287423921,-29.400000000000002,255.72102874239212,-39.2
255.72102874239212,-39.2,216.5210287423921,-49.0
85.85960125184812,0.0,85.85960125184812,-9.8
85.85960125184812,-9.8,76.05960125184812,-19.6
76.05960125184812,-19.6,56.45960125184812,-29.400000000000002
56.45960125184812,-29.400000000000002,27.059601251848118,-39.2
27.059601251848118,-39.2,-12.140398748151885,-49.0
223.017245949006,0.0,223.017245949006,-9.8
223.017245949006,-9.8,213.21724594900599,-19.6
213.21724594900599,-19.6,193.617245949006,-29.400000000000002
193.617245949006,-29.400000000000002,164.21724594900599,-39.2
164.21724594900599,-39.2,125.01724594900598,-49.0
354.87769726054455,0.0,354.87769726054455,-9.8
354.87769726054455,-9.8,345.07769726054454,-19.6
345.07769726054454,-19.6,325.4776972605445,-29.400000000000002
325.4776972605445,-29.400000000000002,296.07769726054454,-39.2
296.07769726054454,-39.2,256.87769726054455,-49.0
381.9014538341118,0.0,381.9014538341118,-9.8
381.9014538341118,-9.8,372.1014538341118,-19.6
372.1014538341118,-19.6,352.50145383411177,-29.400000000000002
352.50145383411177,-29.400000000000002,323.1014538341118,-39.2
323.1014538341118,-39.2,283.9014538341118,-49.0
498.5053254296624,0.0,498.5053254296624,-9.8
498.5053254296624,-9.8,488.70532542966237,-19.6
488.70532542966237,-19.6,469.10532542966234,-29.400000000000002
469.10532542966234,-29.400000000000002,439.70532542966237,-39.2
439.70532542966237,-39.2,400.5053254296624,-49.0
433.10118901805976,0.0,433.10118901805976,-9.8
433.10118901805976,-9.8,423.30118901805974,-19.6
423.30118901805974,-19.6,403.7011890180597,-29.400000000000002
403.7011890180597,-29.400000000000002,374.30118901805974,-39.2
374.30118901805974,-39.2,335.10118901805976,-49.0
487.4860625006513,0.0,487.4860625006513,-9.8
487.4860625006513,-9.8,477.6860625006513,-19.6
477.6860625006513,-19.6,458.0860625006513,-29.400000000000002
458.0860625006513,-29.400000000000002,428.6860625006513,-39.2
428.6860625006513,-39.2,389.4860625006513,-49.0
166.31158486718044,0.0,166.31158486718044,-9.8
166.31158486718044,-9.8,156.51158486718043,-19.6
156.51158486718043,-19.6,136.91158486718044,-29.400000000000002
136.91158486718044,-29.400000000000002,107.51158486718043,-39.2
107.51158486718043,-39.2,68.31158486718043,-49.0
265.33951861047626,0.0,265.33951861047626,-9.8
265.33951861047626,-9.8,255.53951861047625,-19.6
255.53951861047625,-19.6,235.93951861047626,-29.400000000000002
235.93951861047626,-29.400000000000002,206.53951861047625,-39.2
206.53951861047625,-39.2,167.33951861047626,-49.0
220.82557630255133,0.0,220.82557630255133,-9.8
220.82557630255133,-9.8,211.02557630255131,-19.6
211.02557630255131,-19.6,191.42557630255132,-29.400000000000002
191.42557630255132,-29.400000000000002,162.02557630255131,-39.2
162.02557630255131,-39.2,122.82557630255131,-49.0
381.33314652965163,0.0,381.33314652965163,-9.8
381.33314652965163,-9.8,371.5331465296516,-19.6
371.5331465296516,-19.6,351.9331465296516,-29.400000000000002
351.9331465296516,-29.400000000000002,322.5331465296516,-39.2
322.5331465296516,-39.2,283.33314652965163,-49.0
58.2330511515188,0.0,58.2330511515188,-9.8
58.2330511515188,-9.8,48.4330511515188,-19.6
48.4330511515188,-19.6,28.833051151518795,-29.400000000000002
28.833051151518795,-29.400000000000002,-0.5669488484812071,-39.2
331.96667887936854,0.0,331.96667887936854,-9.8
331.96667887936854,-9.8,322.16667887936853,-19.6
322.16667887936853,-19.6,302.5666788793685,-29.400000000000002
302.5666788793685,-29.400000000000002,273.16667887936853,-39.2
273.16667887936853,-39.2,233.96667887936854,-49.0
176.9375904328383,0.0,176.9375904328383,-9.8
176.9375904328383,-9.8,167.1375904328383,-19.6
167.1375904328383,-19.6,147.5375904328383,-29.400000000000002
147.5375904328383,-29.400000000000002,118.1375904328383,-39.2
118.1375904328383,-39.2,78.93759043283829,-49.0
154.4747836100729,0.0,154.4747836100729,-9.8
154.4747836100729,-9.8,144.6747836100729,-19.6
144.6747836100729,-19.6,125.0747836100729,-29.400000000000002
125.0747836100729,-29.400000000000002,95.6747836100729,-39.2
95.6747836100729,-39.2,56.47478361007289,-49.0
60.5457024280642,0.0,60.5457024280642,-9.8
60.5457024280642,-9.8,50.745702428064206,-19.6
50.745702428064206,-19.6,31.145702428064205,-29.400000000000002
31.145702428064205,-29.400000000000002,1.7457024280642024,-39.2
1.7457024280642024,-39.2,-37.4542975719358,-49.0
319.95898277858936,0.0,319.95898277858936,-9.8
319.95898277858936,-9.8,310.15898277858935,-19.6
310.15898277858935,-19.6,290.5589827785893,-29.400000000000002
290.5589827785893,-29.400000000000002,261.15898277858935,-39.2
261.15898277858935,-39.2,221.95898277858936,-49.0
421.65062094640115,0.0,421.65062094640115,-9.8
421.65062094640115,-9.8,411.85062094640114,-19.6
411.85062094640114,-19.6,392.2506209464011,-29.400000000000002
392.2506209464011,-29.400000000000002,362.85062094640114,-39.2
362.85062094640114,-39.2,323.65062094640115,-49.0
317.59681603846434,0.0,317.59681603846434,-9.8
317.59681603846434,-9.8,307.7968160384643,-19.6
307.7968160384643,-19.6,288.1968160384643,-29.400000000000002
288.1968160384643,-29.400000000000002,258.7968160384643,-39.2
258.7968160384643,-39.2,219.59681603846434,-49.0
376.57780501790364,0.0,376.57780501790364,-9.8
376.57780501790364,-9.8,366.77780501790363,-19.6
366.77780501790363,-19.6,347.1778050179036,-29.400000000000002
347.1778050179036,-29.400000000000002,317.77780501790363,-39.2
317.77780501790363,-39.2,278.57780501790364,-49.0
332.48933628713274,0.0,332.48933628713274,-9.8
332.48933628713274,-9.8,322.68933628713273,-19.6
322.68933628713273,-19.6,303.0893362871327,-29.400000000000002
303.0893362871327,-29.400000000000002,273.68933628713273,-39.2
273.68933628713273,-39.2,234.48933628713274,-49.0
101.8138754139843,0.0,101.8138754139843,-9.8
101.8138754139843,-9.8,92.01387541398431,-19.6
92.01387541398431,-19.6,72.4138754139843,-29.400000000000002
72.4138754139843,-29.400000000000002,43.013875413984294,-39.2
43.013875413984294,-39.2,3.8138754139842916,-49.0
393.39178868995634,0.0,393.39178868995634,-9.8
393.39178868995634,-9.8,383.59178868995633,-19.6
383.59178868995633,-19.6,363.9917886899563,-29.400000000000002
363.9917886899563,-29.400000000000002,334.59178868995633,-39.2
334.59178868995633,-39.2,295.39178868995634,-49.0
149.20896448360298,0.0,149.20896448360298,-9.8
149.20896448360298,-9.8,139.40896448360297,-19.6
139.40896448360297,-19.6,119.80896448360298,-29.400000000000002
119.80896448360298,-29.400000000000002,90.40896448360297,-39.2
90.40896448360297,-39.2,51.20896448360297,-49.0
340.2898056578873,0.0,340.2898056578873,-9.8
340.2898056578873,-9.8,330.4898056578873,-19.6
330.4898056578873,-19.6,310.8898056578873,-29.400000000000002
310.8898056578873,-29.400000000000002,281.4898056578873,-39.2
281.4898056578873,-39.2,242.2898056578873,-49.0
443.3978074496997,0.0,443.3978074496997,-9.8
443.3978074496997,-9.8,433.5978074496997,-19.6
433.5978074496997,-19.6,413.9978074496997,-29.400000000000002
413.9978074496997,-29.400000000000002,384.5978074496997,-39.2
384.5978074496997,-39.2,345.3978074496997,-49.0
113.79139934774241,0.0,113.79139934774241,-9.8
113.79139934774241,-9.8,103.99139934774242,-19.6
103.99139934774242,-19.6,84.39139934774241,-29.400000000000002
84.39139934774241,-29.400000000000002,54.9913993477424,-39.2
54.9913993477424,-39.2,15.791399347742399,-49.0
387.96606425169267,0.0,387.96606425169267,-9.8
387.96606425169267,-9.8,378.16606425169266,-19.6
378.16606425169266,-19.6,358.56606425169264,-29.400000000000002
358.56606425169264,-29.400000000000002,329.16606425169266,-39.2
329.16606425169266,-39.2,289.96606425169267,-49.0
284.9293795221056,0.0,284.9293795221056,-9.8
284.9293795221056,-9.8,275.1293795221056,-19.6
275.1293795221056,-19.6,255.5293795221056,-29.400000000000002
255.5293795221056,-29.400000000000002,226.12937952210558,-39.2
226.12937952210558,-39.2,186.9293795221056,-49.0
234.7393896254497,0.0,234.7393896254497,-9.8
234.7393896254497,-9.8,224.93938962544968,-19.6
224.93938962544968,-19.6,205.33938962544968,-29.400000000000002
205.33938962544968,-29.400000000000002,175.93938962544968,-39.2
175.93938962544968,-39.2,136.7393896254497,-49.0
412.41205863588556,0.0,412.41205863588556,-9.8
412.41205863588556,-9.8,402.61205863588555,-19.6
402.61205863588555,-19.6,383.0120586358855,-29.400000000000002
383.0120586358855,-29.400000000000002,353.61205863588555,-39.2
353.61205863588555,-39.2,314.41205863588556,-49.0
261.4483281116417,0.0,261.4483281116417,-9.8
261.4483281116417,-9.8,251.64832811164166,-19.6
251.64832811164166,-19.6,232.04832811164167,-29.400000000000002
232.04832811164167,-29.400000000000002,202.64832811164166,-39.2
202.64832811164166,-39.2,163.44832811164167,-49.0
243.79157315734352,0.0,243.79157315734352,-9.8
243.79157315734352,-9.8,233.9915731573435,-19.6
233.9915731573435,-19.6,214.39157315734352,-29.400000000000002
214.39157315734352,-29.400000000000002,184.9915731573435,-39.2
184.9915731573435,-39.2,145.79157315734352,-49.0
212.92192928739053,0.0,212.92192928739053,-9.8
212.92192928739053,-9.8,203.12192928739051,-19.6
203.12192928739051,-19.6,183.52192928739052,-29.400000000000002
183.52192928739052,-29.400000000000002,154.12192928739051,-39.2
154.12192928739051,-39.2,114.92192928739051,-49.0
220.303921822844,0.0,220.303921822844,-9.8
220.303921822844,-9.8,210.50392182284398,-19.6
210.50392182284398,-19.6,190.90392182284398,-29.400000000000002
190.90392182284398,-29.400000000000002,161.50392182284398,-39.2
161.50392182284398,-39.2,122.30392182284398,-49.0
73.66006600582229,0.0,73.66006600582229,-9.8
73.66006600582229,-9.8,63.86006600582229,-19.6
63.86006600582229,-19.6,44.26006600582229,-29.400000000000002
44.26006600582229,-29.400000000000002,14.860066005822286,-39.2
14.860066005822286,-39.2,-24.339933994177716,-49.0
141.92414365145282,0.0,141.92414365145282,-9.8
141.92414365145282,-9.8,132.1241436514528,-19.6
132.1241436514528,-19.6,112.52414365145282,-29.400000000000002
112.52414365145282,-29.400000000000002,83.12414365145281,-39.2
83.12414365145281,-39.2,43.92414365145281,-49.0
84.26988107694673,0.0,84.26988107694673,-9.8
84.26988107694673,-9.8,74.46988107694673,-19.6
74.46988107694673,-19.6,54.86988107694673,-29.400000000000002
54.86988107694673,-29.400000000000002,25.46988107694673,-39.2
25.46988107694673,-39.2,-13.730118923053272,-49.0
313.66957680519636,0.0,313.66957680519636,-9.8
313.66957680519636,-9.8,303.86957680519635,-19.6
303.86957680519635,-19.6,284.2695768051963,-29.400000000000002
284.2695768051963,-29.400000000000002,254.86957680519632,-39.2
254.86957680519632,-39.2,215.6695768051963,-49.0
424.91791697525,0.0,424.91791697525,-9.8
424.91791697525,-9.8,415.11791697525,-19.6
415.11791697525,-19.6,395.51791697525,-29.400000000000002
395.51791697525,-29.400000000000002,366.11791697525,-39.2
366.11791697525,-39.2,326.91791697525,-49.0
177.39558996618103,0.0,177.39558996618103,-9.8
177.39558996618103,-9.8,167.59558996618102,-19.6
167.59558996618102,-19.6,147.99558996618103,-29.400000000000002
147.99558996618103,-29.400000000000002,118.59558996618102,-39.2
118.59558996618102,-39.2,79.39558996618102,-49.0
422.6709692352159,0.0,422.6709692352159,-9.8
422.6709692352159,-9.8,412.8709692352159,-19.6
412.8709692352159,-19.6,393.2709692352159,-29.400000000000002
393.2709692352159,-29.400000000000002,363.8709692352159,-39.2
363.8709692352159,-39.2,324.6709692352159,-49.0
447.4812939098488,0.0,447.4812939098488,-9.8
447.4812939098488,-9.8,437.68129390984876,-19.6
437.68129390984876,-19.6,418.08129390984874,-29.400000000000002
418.08129390984874,-29.400000000000002,388.68129390984876,-39.2
388.68129390984876,-39.2,349.4812939098488,-49.0
234.49143702787254,0.0,234.49143702787254,-9.8
234.49143702787254,-9.8,224.69143702787252,-19.6
224.69143702787252,-19.6,205.09143702787253,-29.400000000000002
205.09143702787253,-29.400000000000002,175.69143702787252,-39.2
175.69143702787252,-39.2,136.4914370278725,-49.0
135.35062218597838,0.0,135.35062218597838,-9.8
135.35062218597838,-9.8,125.55062218597838,-19.6
125.55062218597838,-19.6,105.95062218597838,-29.400000000000002
105.95062218597838,-29.400000000000002,76.55062218597837,-39.2
76.55062218597837,-39.2,37.35062218597837,-49.0
84.97462158803106,0.0,84.97462158803106,-9.8
84.97462158803106,-9.8,75.17462158803106,-19.6
75.17462158803106,-19.6,55.57462158803106,-29.400000000000002
55.57462158803106,-29.400000000000002,26.174621588031055,-39.2
26.174621588031055,-39.2,-13.025378411968948,-49.0
490.56826414656206,0.0,490.56826414656206,-9.8
490.56826414656206,-9.8,480.76826414656205,-19.6
480.76826414656205,-19.6,461.168264146562,-29.400000000000002
461.168264146562,-29.400000000000002,431.76826414656205,-39.2
431.76826414656205,-39.2,392.56826414656206,-49.0
383.94634593740045,0.0,383.94634593740045,-9.8
383.94634593740045,-9.8,374.14634593740044,-19.6
374.14634593740044,-19.6,354.5463459374004,-29.400000000000002
354.5463459374004,-29.400000000000002,325.14634593740044,-39.2
325.14634593740044,-39.2,285.94634593740045,-49.0
310.2300640745502,0.0,310.2300640745502,-9.8
310.2300640745502,-9.8,300.4300640745502,-19.6
300.4300640745502,-19.6,280.8300640745502,-29.400000000000002
280.8300640745502,-29.400000000000002,251.4300640745502,-39.2
251.4300640745502,-39.2,212.23006407455017,-49.0
63.15106885969892,0.0,63.15106885969892,-9.8
63.15106885969892,-9.8,53.35106885969891,-19.6
53.35106885969891,-19.6,33.75106885969891,-29.400000000000002
33.75106885969891,-29.400000000000002,4.351068859698909,-39.2
4.351068859698909,-39.2,-34.84893114030109,-49.0
409.85270698140266,0.0,409.85270698140266,-9.8
409.85270698140266,-9.8,400.05270698140265,-19.6
400.05270698140265,-19.6,380.4527069814026,-29.400000000000002
380.4527069814026,-29.400000000000002,351.05270698140265,-39.2
351.05270698140265,-39.2,311.85270698140266,-49.0
233.87425918345176,0.0,233.87425918345176,-9.8
233.87425918345176,-9.8,224.07425918345174,-19.6
224.07425918345174,-19.6,204.47425918345175,-29.400000000000002
204.47425918345175,-29.400000000000002,175.07425918345174,-39.2
175.07425918345174,-39.2,135.87425918345173,-49.0
138.24348950079315,0.0,138.24348950079315,-9.8
138.24348950079315,-9.8,128.44348950079313,-19.6
128.44348950079313,-19.6,108.84348950079314,-29.400000000000002
108.84348950079314,-29.400000000000002,79.44348950079313,-39.2
79.44348950079313,-39.2,40.24348950079313,-49.0
407.1115912974097,0.0,407.1115912974097,-9.8
407.1115912974097,-9.8,397.3115912974097,-19.6
397.3115912974097,-19.6,377.71159129740965,-29.400000000000002
377.71159129740965,-29.400000000000002,348.3115912974097,-39.2
348.3115912974097,-39.2,309.1115912974097,-49.0
217.9744484007548,0.0,217.9744484007548,-9.8
217.9744484007548,-9.8,208.17444840075478,-19.6
208.17444840075478,-19.6,188.5744484007548,-29.400000000000002
188.5744484007548,-29.400000000000002,159.17444840075478,-39.2
159.17444840075478,-39.2,119.97444840075478,-49.0
167.28022819332926,0.0,167.28022819332926,-9.8
167.28022819332926,-9.8,157.48022819332925,-19.6
157.48022819332925,-19.6,137.88022819332926,-29.400000000000002
137.88022819332926,-29.400000000000002,108.48022819332925,-39.2
108.48022819332925,-39.2,69.28022819332925,-49.0
126.43250069206913,0.0,126.43250069206913,-9.8
126.43250069206913,-9.8,116.63250069206913,-19.6
116.63250069206913,-19.6,97.03250069206914,-29.400000000000002
97.03250069206914,-29.400000000000002,67.63250069206913,-39.2
67.63250069206913,-39.2,28.432500692069127,-49.0
417.0329007581399,0.0,417.0329007581399,-9.8
417.0329007581399,-9.8,407.23290075813986,-19.6
407.23290075813986,-19.6,387.63290075813984,-29.400000000000002
387.63290075813984,-29.400000000000002,358.23290075813986,-39.2
358.23290075813986,-39.2,319.0329007581399,-49.0
101.74769218940247,0.0,101.74769218940247,-9.8
101.74769218940247,-9.8,91.94769218940247,-19.6
91.94769218940247,-19.6,72.34769218940247,-29.400000000000002
72.34769218940247,-29.400000000000002,42.94769218940246,-39.2
42.94769218940246,-39.2,3.747692189402457,-49.0
283.505804744748,0.0,283.505804744748,-9.8
283.505804744748,-9.8,273.705804744748,-19.6
273.705804744748,-19.6,254.10580474474799,-29.400000000000002
254.10580474474799,-29.400000000000002,224.70580474474798,-39.2
224.70580474474798,-39.2,185.505804744748,-49.0
454.06346550186635,0.0,454.06346550186635,-9.8
454.06346550186635,-9.8,444.26346550186634,-19.6
444.26346550186634,-19.6,424.6634655018663,-29.400000000000002
424.6634655018663,-29.400000000000002,395.26346550186634,-39.2
395.26346550186634,-39.2,356.06346550186635,-49.0
187.3570727790046,0.0,187.3570727790046,-9.8
187.3570727790046,-9.8,177.55707277900459,-19.6
177.55707277900459,-19.6,157.9570727790046,-29.400000000000002
157.9570727790046,-29.400000000000002,128.55707277900459,-39.2
128.55707277900459,-39.2,89.35707277900458,-49.0
221.93892457203557,0.0,221.93892457203557,-9.8
221.93892457203557,-9.8,212.13892457203556,-19.6
212.13892457203556,-19.6,192.53892457203557,-29.400000000000002
192.53892457203557,-29.400000000000002,163.13892457203556,-39.2
163.13892457203556,-39.2,123.93892457203556,-49.0
85.66857407254986,0.0,85.66857407254986,-9.8
85.66857407254986,-9.8,75.86857407254986,-19.6
75.86857407254986,-19.6,56.26857407254986,-29.400000000000002
56.26857407254986,-29.400000000000002,26.86857407254986,-39.2
26.86857407254986,-39.2,-12.331425927450145,-49.0
368.15794420050105,0.0,368.15794420050105,-9.8
368.15794420050105,-9.8,358.35794420050104,-19.6
358.35794420050104,-19.6,338.757944200501,-29.400000000000002
338.757944200501,-29.400000000000002,309.35794420050104,-39.2
309.35794420050104,-39.2,270.15794420050105,-49.0
277.8961488537725,0.0,277.8961488537725,-9.8
277.8961488537725,-9.8,268.0961488537725,-19.6
268.0961488537725,-19.6,248.4961488537725,-29.400000000000002
248.4961488537725,-29.400000000000002,219.0961488537725,-39.2
219.0961488537725,-39.2,179.8961488537725,-49.0
306.5636939998472,0.0,306.5636939998472,-9.8
306.5636939998472,-9.8,296.7636939998472,-19.6
296.7636939998472,-19.6,277.16369399984717,-29.400000000000002
277.16369399984717,-29.400000000000002,247.76369399984716,-39.2
247.76369399984716,-39.2,208.56369399984715,-49.0
305.28271618854416,0.0,305.28271618854416,-9.8
305.28271618854416,-9.8,295.48271618854415,-19.6
295.48271618854415,-19.6,275.8827161885441,-29.400000000000002
275.8827161885441,-29.400000000000002,246.48271618854412,-39.2
246.48271618854412,-39.2,207.2827161885441,-49.0
