y,v,thrust,y_next,v_next
296.8888447633793,14.636376551529146,0.0,306.6252213149085,4.8363765515291455
471.72821462409473,4.3795008462563985,0.0,471.20771547035116,-5.420499153743602
236.5943642357079,-0.27634930860699214,0.0,231.4180149271009,-10.076349308606993
352.5070608614863,10.955731557885269,25.0,371.0627924193716,26.155731557885268
480.51410339537546,6.082394692409075,15.0,489.19649808778456,11.282394692409074
265.3629996345727,7.898898630392882,15.0,275.8618982649656,13.098898630392881
51.91144627577796,1.2212947535053011,25.0,60.73274102928327,16.4212947535053
245.67632839324065,7.4527557776047395,25.0,260.7290841708454,22.65275577760474
359.9078374971616,-1.814433210825122,25.0,365.6934042863365,13.385566789174877
306.71034076498046,-16.980550367192183,25.0,297.3297903977883,-1.780550367192184
477.0002283378471,4.285980356651788,25.0,488.8862086944989,19.485980356651787
426.67360311865536,11.57140166603947,0.0,433.3450047846949,1.7714016660394698
497.33066780797805,-9.273845838806167,0.0,483.1568219691719,-19.073845838806168
368.90779073377513,-9.744687019648065,25.0,366.7631037141271,5.455312980351934
460.00900839536513,-16.123512499600686,25.0,451.4854958957645,-0.9235124996006867
494.35246779488796,-6.072351094365466,15.0,490.88011670052254,-0.8723510943654667
346.4278126167454,18.762437947165715,15.0,367.7902505639112,23.962437947165714
59.23993640719591,-6.793531492931892,15.0,55.04640491426402,-1.5935314929318931
207.91844608912703,17.368736974660223,25.0,232.88718306378726,32.568736974660226
185.72921010379295,-0.8498933813912615,15.0,187.47931672240168,4.350106618608738
135.52005503442848,-11.159024056384252,15.0,126.96103097804422,-5.959024056384253
290.15406282577834,15.280802409588652,15.0,308.034865235367,20.48080240958865
360.37193892637936,-1.747304832253871,15.0,361.2246340941255,3.4526951677461284
94.11918284464025,-16.16159557244643,15.0,80.55758727219381,-10.96159557244643
266.1903934853457,-0.6495965229338871,15.0,268.1407969624118,4.550403477066112
348.79240218349116,2.80362981428938,25.0,359.19603199778055,18.00362981428938
209.6591939235901,10.136581273763802,15.0,222.39577519735388,15.336581273763802
406.1618932001252,8.248736736450848,25.0,422.01062993657604,23.448736736450847
420.8041564680978,-13.34156963822843,25.0,415.0625868298694,1.8584303617715694
492.9271177483811,8.508478257980986,15.0,504.0355960063621,13.708478257980985
122.94756535621606,12.289999555289612,15.0,137.83756491150567,17.48999955528961
235.93773003643298,5.920636913460385,25.0,249.45836694989336,21.120636913460384
50.01476279587356,11.394853817196523,25.0,69.00961661307008,26.594853817196523
63.28282864741277,-15.840761592267425,25.0,55.042067055145345,-0.6407615922674257
291.44509077530415,16.85520618592858,25.0,315.90029696123275,32.05520618592858
228.00755215160757,12.895140232101582,15.0,243.50269238370916,18.09514023210158
283.3025583148258,1.559154246849296,25.0,292.4617125616751,16.759154246849295
346.30882905781885,17.904653312242047,0.0,359.3134823700609,8.104653312242046
130.8724445136289,-1.4178896437711828,25.0,137.0545548698577,13.782110356228817
464.69087944679603,15.50368938887776,0.0,475.29456883567383,5.703689388877759
183.32439857922515,5.629354882495502,25.0,196.55375346172065,20.8293548824955
485.0576924847707,-6.201262072318947,0.0,473.95643041245177,-16.001262072318948
208.97159686075776,11.588861238586823,25.0,228.16045809934457,26.788861238586822
172.1388374306122,-4.741953090517793,15.0,169.9968843400944,0.4580469094822064
188.58759380146864,-5.861522971956457,0.0,177.8260708295122,-15.661522971956458
378.0550222093607,8.52860154967249,0.0,381.6836237590332,-1.27139845032751
479.02675307734285,1.7495748229423214,25.0,488.3763279002852,16.94957482294232
440.41962237976514,3.959308116135478,0.0,439.47893049590067,-5.8406918838645225
211.49793008194305,6.522783066787881,15.0,220.6207131487309,11.72278306678788
167.49815857945742,-2.317512281225845,0.0,160.28064629823157,-12.117512281225846
75.33194867849943,-3.6747114742501097,0.0,66.75723720424932,-13.47471147425011
391.5827644266657,-19.836423852537468,15.0,374.34634057412825,-14.636423852537469
225.3444911516192,6.841768164795123,15.0,234.78625931641432,12.041768164795123
51.83256723615476,-4.9720578523441326,25.0,54.460509383810624,10.227942147655867
220.7266356209783,14.926220204565809,25.0,243.25285582554412,30.126220204565808
92.97808051870803,-0.9775241465035265,25.0,99.6005563722045,14.222475853496473
70.6182052642823,-3.595382054384409,15.0,69.62282320989789,1.6046179456155905
447.16999792902755,7.047082272117692,25.0,461.81708020114525,22.24708227211769
143.30411903915734,17.572570728456903,0.0,155.97668976761423,7.772570728456902
257.2947183948506,6.796056755348797,0.0,259.1907751501994,-3.0039432446512038
320.0579438123232,-14.693317956420241,25.0,312.96462585590297,0.5066820435797581
84.5151090039018,-13.896838103730694,15.0,73.21827090017109,-8.696838103730695
177.71530136742163,2.1443270400474006,25.0,187.459628407469,17.3443270400474
247.35572213765477,19.649687658235848,15.0,269.60540979589064,24.849687658235847
234.39521171907853,0.09897910900547657,0.0,229.594190828084,-9.701020890994524
326.13268177613725,-13.477497048062377,15.0,315.2551847280749,-8.277497048062378
415.49903269396594,-15.341963893428346,15.0,402.75706880053764,-10.141963893428347
472.6363530102309,9.091314261195379,15.0,484.3276672714263,14.291314261195378
410.54589675778357,17.691700269355294,25.0,435.8375970271389,32.8917002693553
475.8414771331341,8.254665803948829,15.0,486.696142937083,13.454665803948828
61.88704730124266,-15.460557664686977,15.0,49.02648963655569,-10.260557664686978
423.3951957933288,5.026568086475855,25.0,436.02176387980467,20.226568086475854
61.443900677625855,-2.364917840826802,25.0,66.67898283679905,12.835082159173197
431.38152960190087,1.2707363005365906,25.0,440.2522659024375,16.47073630053659
113.99169928851396,-10.919101461468145,15.0,105.6725978270458,-5.719101461468146
111.9844169402597,10.826654430242556,0.0,117.91107137050226,1.026654430242555
372.8909187589472,-7.788113134570578,0.0,360.20280562437665,-17.588113134570577
343.89754167348445,2.9130638746951973,15.0,349.41060554817966,8.113063874695197
105.27292420108236,8.173582089911562,0.0,108.54650629099392,-1.6264179100884384
167.1734837483811,-11.70769452247697,25.0,163.06578922590413,3.492305477523029
477.5155771439714,10.819700553997912,0.0,483.43527769796935,1.019700553997911
474.0405733889907,0.8743814809367159,25.0,482.51495486992746,16.074381480936715
201.4401820141114,5.528358155884998,0.0,202.0685401699964,-4.271641844115003
444.76936666112124,-4.679349492310765,25.0,447.69001716881047,10.520650507689234
375.336349337701,-10.200518570853925,25.0,372.7358307668471,4.9994814291460745
424.88949629802767,-5.404063983731721,15.0,422.085432314296,-0.20406398373172152
378.39328649596666,5.465935400047705,25.0,391.4592218960144,20.665935400047704
446.5116423528252,-7.149091415339273,25.0,446.96255093748596,8.050908584660727
184.69567563092977,-12.31247699030121,15.0,174.98319864062856,-7.112476990301211
250.9924645554728,-4.455793730816481,25.0,254.1366708246563,10.744206269183518
100.2272670513467,-14.062670626610858,25.0,93.76459642473584,1.1373293733891412
330.83090187330396,-13.539265068739287,0.0,312.3916368045647,-23.339265068739287
232.76333791725125,17.055934342679322,0.0,244.91927225993058,7.255934342679321
375.3959476270068,-2.584243314061329,15.0,375.4117043129455,2.6157566859386705
420.41849362653585,16.70215827489696,15.0,439.7206519014328,21.90215827489696
422.38427674042094,-2.693135694478581,25.0,427.29114104594237,12.506864305521418
396.42495264322054,8.51915442481696,0.0,400.04410706803753,-1.28084557518304
393.46870725501356,1.544299931927668,0.0,390.1130071869412,-8.255700068072333
168.47801269093534,-3.9898738220143244,25.0,172.08813886892102,11.210126177985675
309.60998448147234,-5.149799993660356,15.0,307.060184487812,0.05020000633964372
253.89584414143442,-14.462562467648784,0.0,234.53328167378564,-24.262562467648785
109.6561308994551,14.919860154231891,0.0,119.675991053687,5.1198601542318904
399.4266034781892,-3.6260445426655465,15.0,398.40055893552363,1.5739554573344527
442.9981864241303,-5.031858940124332,25.0,445.566327484006,10.168141059875667
294.2616437654594,1.7471067245469314,15.0,298.60875049000634,6.947106724546931
87.08262668186993,4.3792740089789675,0.0,86.56190069084889,-5.420725991021033
345.08837827240586,11.148795161661837,0.0,351.3371734340677,1.3487951616618368
306.027527964046,0.41361540611753256,0.0,301.5411433701635,-9.386384593882468
376.0055810837118,-5.790301163407463,0.0,365.3152799203043,-15.590301163407464
142.85286715939242,-15.462136307738273,25.0,134.99073085165415,-0.2621363077382739
409.4023741242202,17.37018855554127,0.0,421.87256267976153,7.570188555541268
56.28605192768846,-11.837416473349474,25.0,52.048635454338985,3.362583526650525
60.02529520011833,11.627465596752891,0.0,66.75276079687121,1.8274655967528908
380.75531620342787,12.791428173366953,0.0,388.64674437679486,2.991428173366952
245.00582858692965,13.137937491275174,15.0,260.7437660782048,18.337937491275174
177.29796620036234,18.796096587472356,15.0,198.6940627878347,23.996096587472355
453.4371969156765,-7.454975489563074,25.0,453.58222142611345,7.7450245104369255
157.07174180307092,10.62659253678462,25.0,175.29833433985553,25.82659253678462
282.70318645619585,8.363736074418341,15.0,293.6669225306142,13.56373607441834
132.3907188881617,18.336551894242575,25.0,158.32727078240427,33.53655189424258
438.7134166174292,16.247459984984893,25.0,462.5608766024141,31.447459984984892
493.71252890778743,19.7287425457895,25.0,521.041271453577,34.928742545789504
163.51311328365955,5.8661664970474945,0.0,164.47927978070703,-3.9338335029525062
272.5722280789587,10.033773285099773,0.0,277.70600136405847,0.23377328509977247
498.19602685278176,4.535156393188366,0.0,497.8311832459701,-5.264843606811635
93.28683568877943,-13.757197656113252,15.0,82.12963803266618,-8.557197656113253
197.13477420695423,-12.614918474930366,15.0,187.11985573202386,-7.414918474930367
145.47919616986596,19.067160080871055,25.0,172.146356250737,34.26716008087105
195.93916062163828,5.21264840753377,0.0,196.25180902917205,-4.587351592466231
210.7251286492408,-14.462450712838596,15.0,198.86267793640218,-9.262450712838596
328.67661352045263,12.001372448657335,25.0,348.27798596911,27.201372448657335
457.2942853235586,-1.375402748232986,0.0,451.0188825753256,-11.175402748232987
158.71485951310012,12.532799420544151,15.0,173.84765893364428,17.73279942054415
320.5522411102497,-10.360219431930457,0.0,305.2920216783193,-20.160219431930457
286.5912830986796,-15.022307111255667,25.0,279.16897598742395,0.17769288874433187
327.7125461375509,17.08534946366897,0.0,339.8978956012199,7.285349463668968
375.5861671968331,-0.38630972669797004,15.0,377.7998574701352,4.813690273302029
219.3942836263249,-14.959102659915015,0.0,199.53518096640988,-24.759102659915015
128.60766070725145,-11.918979894627345,15.0,119.28868081262411,-6.718979894627346
403.48908846067934,-13.173357940417656,25.0,397.9157305202617,2.0266420595823433
291.84759815250834,-13.990160099365108,0.0,272.9574380531433,-23.79016009936511
340.71047939476404,-2.1393413853388026,25.0,346.17113800942525,13.060658614661197
353.8065451261072,-2.6168433878425716,25.0,358.7897017382647,12.583156612157428
398.9816436039623,-0.41185320389369195,15.0,401.1697904000686,4.788146796106307
398.69952926006937,3.695212803444864,25.0,409.99474206351425,18.895212803444863
445.6984994692277,-4.501415698417542,0.0,436.2970837708102,-14.301415698417543
244.17942929973273,-19.758381089187765,25.0,232.02104821054496,-4.558381089187765
75.42437270155426,-3.8732770847041955,25.0,79.15109561685006,11.326722915295804
149.5521113944825,-5.2168797019746584,15.0,146.93523169250784,-0.016879701974659156
127.36857987301661,-19.275741249731073,0.0,103.19283862328554,-29.075741249731074
264.4322363178476,-4.748542852504588,25.0,267.283693465343,10.451457147495411
92.80624818539015,14.197396868072452,25.0,114.6036450534626,29.397396868072452
464.9891884536986,-12.418641644912007,0.0,447.67054680878664,-22.218641644912008
67.52998181671165,11.020511221046817,0.0,73.65049303775847,1.2205112210468165
281.55918025375104,3.154803283392326,25.0,292.3139835371434,18.354803283392325
328.2446538471577,10.04030603119024,25.0,345.88495987834796,25.24030603119024
75.4359156930409,-5.868243704729625,0.0,64.66767198831127,-15.668243704729626
193.2768298388064,-13.353869272196551,15.0,182.52296056660984,-8.153869272196552
360.98033108151344,-15.565094691011247,0.0,340.5152363905022,-25.365094691011247
390.9805951554521,0.01510651972760968,15.0,393.5957016751797,5.215106519727609
195.7662283323865,-5.107309777950917,25.0,198.25891855443558,10.092690222049082
352.35547302375517,11.576438255849169,0.0,359.03191127960434,1.7764382558491683
317.81870745129874,2.976256387844984,0.0,315.89496383914377,-6.823743612155017
194.2688987768922,-18.410102543356093,25.0,183.4587962335361,-3.2101025433560935
131.69725123497233,1.574595926033659,25.0,140.87184716100597,16.77459592603366
397.6234070798605,-5.356324300577132,0.0,387.3670827792834,-15.156324300577133
450.09483959000175,-3.82654096922575,25.0,453.86829862077605,11.37345903077425
136.0459353870952,14.875176516643599,0.0,146.02111190373878,5.075176516643598
341.8540891429581,6.771783614662983,25.0,356.2258727576211,21.971783614662982
366.47689423174756,8.180564839795128,15.0,377.2574590715427,13.380564839795127
178.19054886084075,-19.21226372784286,25.0,166.57828513299788,-4.012263727842861
118.28326459432814,-5.982634727030245,25.0,119.9006298672979,9.217365272969754
295.5378700576062,-11.813700474011712,25.0,291.3241695835945,3.386299525988287
81.1364034283638,10.046349497737332,15.0,93.78275292610113,15.24634949773733
216.31830065308972,4.80701279788444,0.0,216.22531345097414,-4.992987202115561
261.42964248155323,-18.377607060776768,15.0,245.65203542077646,-13.177607060776769
161.2641179986141,6.210843092257768,0.0,162.57496109087185,-3.5891569077422325
400.3900850506458,6.496768668409132,15.0,409.4868537190549,11.696768668409131
91.41398772987516,-4.015433210606613,25.0,94.99855451926854,11.184566789393386
137.39394511250453,12.289983367128599,0.0,144.78392847963312,2.4899833671285982
338.33771628074595,3.7455817306989374,0.0,337.1832980114449,-6.054418269301063
187.3738373891951,-17.70877260366221,15.0,172.26506478553287,-12.508772603662212
259.8286460436399,-3.605100614991727,0.0,251.32354542864815,-13.405100614991728
65.97576878590317,14.238966537982733,15.0,82.8147353238859,19.438966537982733
253.13851964295452,-0.9377940776522493,15.0,254.80072556530226,4.26220592234775
79.42985569158324,-12.053409740650615,0.0,62.476445950932636,-21.853409740650616
335.6878739651446,-9.59462875337576,25.0,333.69324521176884,5.605371246624239
406.88430541699427,6.866596091284723,25.0,421.35090150827904,22.066596091284723
259.5509946727243,-4.29284839782936,0.0,250.35814627489495,-14.09284839782936
197.96407960828247,-7.608051318469279,15.0,192.9560282898132,-2.4080513184692798
424.76250063856304,-2.7699418157674884,0.0,417.0925588227956,-12.56994181576749
370.8246688315469,4.339308559329808,25.0,382.76397739087673,19.539308559329807
476.86335796251046,8.655168745287742,15.0,488.11852670779825,13.855168745287742
174.4558128883575,16.10047209937924,0.0,185.65628498773674,6.300472099379238
241.42840293789203,-2.8220817892717562,0.0,233.70632114862028,-12.622081789271757
378.9516731076163,-12.657386920519267,0.0,361.394286187097,-22.45738692051927
322.67296296540076,-9.245942035341495,15.0,316.0270209300593,-4.045942035341495
308.72156847995626,10.798941732998951,25.0,327.12051021295525,25.99894173299895
311.28226993457986,-12.074565043896857,25.0,306.807704890683,3.125434956103142
76.31591532725847,12.105687740149882,25.0,96.02160306740834,27.30568774014988
494.7662963904372,-6.565988322349515,15.0,490.8003080680877,-1.3659883223495157
313.1835238789626,-0.4278213988047419,15.0,315.3557024801579,4.772178601195257
458.02111479358445,10.371025185501374,15.0,470.99213997908583,15.571025185501373
403.9691788554907,2.543938268403494,25.0,414.11311712389426,17.743938268403493
199.7353061128016,8.804116559222752,0.0,203.63942267202435,-0.9958834407772486
481.94592387221405,14.677412739375633,0.0,491.72333661158973,4.877412739375632
102.77807799767791,-10.000062648525262,0.0,87.87801534915265,-19.800062648525262
236.28127583733132,16.552739580909098,0.0,247.93401541824042,6.752739580909097
316.87487041485315,0.44306482343893094,15.0,319.9179352382921,5.64306482343893
316.1090543310815,10.765002253618611,15.0,329.4740565847001,15.96500225361861
390.57214418503236,2.709582002031116,25.0,400.8817261870635,17.909582002031115
236.29387236385762,18.85976187373467,15.0,257.7536342375923,24.05976187373467
177.30135768827114,-2.43893109040064,25.0,182.4624265978705,12.76106890959936
186.5516227764263,-0.7204793151077418,0.0,180.93114346131856,-10.520479315107742
89.0819756444119,-8.04396790605252,0.0,76.13800773835938,-17.84396790605252
362.0094770072505,5.044254874415053,15.0,369.6537318816656,10.244254874415052
439.39812872720825,2.6867905362252813,15.0,444.6849192634335,7.886790536225281
136.8117613522713,-1.4411092317085519,15.0,137.97065212056273,3.7588907682914474
195.988981128571,-4.913256776856896,15.0,193.6757243517141,0.2867432231431035
141.43019943805228,-15.052568161354785,0.0,121.4776312766975,-24.852568161354785
420.2293102126693,5.635192286227518,25.0,433.4645024988968,20.835192286227517
231.41827690606104,-6.9443482633076705,15.0,227.07392864275337,-1.7443482633076712
229.8819811351966,-13.90236059366083,25.0,223.57962054153577,1.2976394063391687
173.75706326077417,-9.902548179692584,25.0,171.45451508108158,5.2974518203074155
245.69280740462466,-4.974956188100585,25.0,248.31785121652408,10.225043811899415
235.95562359926734,13.302410395760404,25.0,256.85803399502777,28.502410395760403
174.80434230656627,-1.36256866772543,15.0,176.04177363884082,3.8374313322745692
160.18774144544346,-15.691221813166676,15.0,147.0965196322768,-10.491221813166677
410.5376844332369,16.19992863057105,25.0,434.33761306380796,31.39992863057105
163.61993253379302,15.21040666291885,25.0,186.43033919671186,30.41040666291885
97.65421440646323,2.782418512294548,25.0,108.03663291875776,17.982418512294547
237.1995467573501,8.08095950004089,0.0,240.38050625739098,-1.7190404999591102
237.22826763462072,8.757107745129979,15.0,248.5853753797507,13.957107745129978
404.4247745657721,-10.452398681871982,25.0,401.5723758839002,4.747601318128018
110.85910679308753,6.354881156680516,15.0,119.81398794976805,11.554881156680516
387.1860083075887,1.8351028452108586,0.0,384.1211111527996,-7.964897154789142
359.52576200552375,4.926608878252065,15.0,367.05237088377584,10.126608878252064
496.6935814699646,-14.502284722169602,25.0,489.79129674779506,0.6977152778303974
158.78021323610648,-9.571561009130463,15.0,151.80865222697602,-4.371561009130463
63.358649391349076,2.31294486155668,25.0,73.27159425290574,17.51294486155668
182.26175924877322,9.153470859238237,0.0,186.51523010801145,-0.6465291407617642
156.61688059849175,-9.79038939192533,15.0,149.4264912065664,-4.590389391925331
372.2500618184604,-18.31114862501806,15.0,356.53891319344234,-13.11114862501806
264.15608869556536,18.470180731101443,0.0,277.7262694266668,8.670180731101443
453.90048748912045,3.4836608489272223,25.0,464.9841483380477,18.68366084892722
128.57280880069916,-19.188114569042188,0.0,104.48469423165697,-28.98811456904219
366.97654714615527,12.19046372947237,25.0,386.76701087562765,27.39046372947237
176.1636636765917,-11.488337095529552,0.0,159.77532658106216,-21.288337095529553
451.95142041946843,8.503603887029385,0.0,455.55502430649784,-1.2963961129706156
297.7906666136399,-8.981250757596943,15.0,291.409415856043,-3.7812507575969434
389.2979059844449,-14.541035663546982,15.0,377.35687032089794,-9.341035663546982
458.0032856902817,-0.32632376027331134,25.0,465.2769619300084,14.873676239726688
406.093527633292,7.34590332019209,15.0,416.0394309534841,12.545903320192089
327.3712256840704,-7.976055034551415,25.0,326.995170649519,7.2239449654485846
355.544572720218,-4.47334255393133,0.0,346.1712301662867,-14.27334255393133
216.95746259355332,-18.735570198874633,25.0,205.82189239467868,-3.535570198874634
363.8268193770082,17.05798851989718,25.0,388.4848078969054,32.25798851989718
115.44255744019877,-5.287083526722656,15.0,112.75547391347611,-0.0870835267226564
396.3119093619664,14.455965970678484,0.0,405.8678753326449,4.6559659706784835
96.03305971518327,-10.803092499823732,15.0,87.82996721535953,-5.603092499823733
231.23262182374773,-6.002511398896759,25.0,232.83011042485097,9.19748860110324
162.56252810599045,15.884556256875328,0.0,173.54708436286577,6.084556256875327
326.95680806544755,-7.2882843384361,0.0,314.7685237270115,-17.0882843384361
348.1826431672108,17.429352768126584,15.0,368.2119959353374,22.629352768126584
128.73800338098198,9.606168336362707,15.0,140.9441717173447,14.806168336362706
166.53496907775423,-18.14663769280037,15.0,150.98833138495385,-12.946637692800369
204.71596861909117,-7.448346988857235,0.0,192.36762163023394,-17.248346988857236
190.66771785896688,-8.961126126337264,0.0,176.8065917326296,-18.761126126337267
403.17744283236914,-5.9096327790003755,15.0,399.86781005336877,-0.7096327790003762
297.2617391606225,2.448907938971381,0.0,294.8106470995939,-7.35109206102862
256.59542107780317,-3.2867744471834186,25.0,260.9086466306198,11.91322555281658
256.5237021595623,7.320259615948533,15.0,266.44396177551084,12.520259615948532
219.609863254231,3.8278029836953493,0.0,218.53766623792635,-5.972197016304651
447.68214402034727,13.867506178220069,15.0,464.1496501985674,19.067506178220068
229.02173725958093,-10.023173622867368,25.0,226.59856363671355,5.176826377132631
228.1016145090871,17.856264517714983,0.0,241.05787902680208,8.056264517714983
151.87265510137678,-0.8756808781821803,25.0,158.5969742231946,14.324319121817819
410.2452251012522,10.030540540603681,0.0,415.3757656418559,0.23054054060368045
485.83194041069345,0.8262955565625063,0.0,481.758235967256,-8.973704443437494
236.38965314205865,-2.0713230106588476,15.0,236.91833013139978,3.1286769893411517
211.15218434499374,17.43933392986566,0.0,223.6915182748594,7.639333929865661
82.13522787430466,18.042707974125108,15.0,102.77793584842976,23.242707974125107
136.98728599706075,5.8435771618457935,25.0,150.43086315890653,21.043577161845793
81.77066053584257,-2.4307165262151287,25.0,86.93994400962742,12.76928347378487
164.80954271406944,-4.43074297366525,0.0,155.47879974040418,-14.23074297366525
64.55551706040393,5.0556888091923895,25.0,77.21120586959631,20.25568880919239
145.12549543681877,14.86825911889094,15.0,162.5937545557097,20.06825911889094
339.76740339059444,7.052729046073662,25.0,354.4201324366681,22.25272904607366
410.79590887105877,16.86945668236706,0.0,422.76536555342585,7.069456682367058
59.33285826035687,-11.704880922910563,15.0,50.22797733744631,-6.504880922910564
180.76358817577182,8.664435206225672,25.0,197.02802338199749,23.86443520622567
348.1516254278738,-17.2901579097509,0.0,325.9614675181229,-27.0901579097509
453.21270412068253,-7.023092966575476,25.0,453.7896111541071,8.176907033424524
341.2608313701107,15.638884131955791,15.0,359.49971550206646,20.83888413195579
457.41142101683903,-19.571332478219116,15.0,440.44008853861993,-14.371332478219117
344.1745494166516,5.37738850214453,15.0,352.15193791879614,10.57738850214453
462.5241096475693,-15.822662717021982,0.0,441.80144693054734,-25.62266271702198
353.6867187607511,-11.841123092088107,0.0,336.94559566866303,-21.641123092088108
159.112215108106,4.123033249134412,15.0,165.8352483572404,9.323033249134411
272.5959289173869,-4.71232291581147,15.0,270.4836060015755,0.4876770841885296
344.5568927174419,-19.28394766378226,0.0,320.37294505365963,-29.08394766378226
178.4488174751569,-13.63691510249446,0.0,159.9119023726624,-23.43691510249446
361.90881199468316,-11.433214007969092,15.0,353.0755979867141,-6.233214007969092
227.14703854098642,-4.63736711327198,0.0,217.60967142771443,-14.43736711327198
397.4134654905173,8.558837736711862,0.0,401.07230322722916,-1.241162263288139
457.85848706621476,-9.788526676180194,0.0,443.1699603900346,-19.588526676180194
261.1599231381492,-1.0618144757743124,15.0,262.6981086623749,4.138185524225687
412.54521986401625,-1.7829046928765422,0.0,405.8623151711397,-11.582904692876543
476.8823596311701,12.189116358870798,0.0,484.17147599004096,2.3891163588707975
187.63690923951089,-3.018335796209662,0.0,179.7185734433012,-12.818335796209663
491.57234171140925,1.926621177104515,25.0,501.09896288851377,17.126621177104514
146.86588470753748,11.303515435285991,25.0,165.76940014282346,26.50351543528599
449.90019504171823,-16.01629938184015,0.0,428.9838956598781,-25.81629938184015
69.1455148465122,-7.556158021121044,0.0,56.68935682539116,-17.356158021121047
73.89521134022439,10.669562308586258,0.0,79.66477364881064,0.8695623085862572
201.67601982587615,17.82009788557251,15.0,222.09611771144867,23.020097885572508
389.3368421511144,-6.916074923848413,0.0,377.520767227266,-16.716074923848414
494.45613915182355,-13.161472260178009,0.0,476.39466689164556,-22.96147226017801
166.86612617244617,-15.405134843754764,0.0,146.56099132869141,-25.205134843754763
397.18030139261697,15.13581043422704,25.0,419.91611182684403,30.33581043422704
108.75670019857989,13.78943740627031,0.0,117.6461376048502,3.9894374062703086
263.8003078813116,-6.583366900960863,25.0,264.81694098035075,8.616633099039136
255.55241423087298,-14.293296697614304,25.0,248.85911753325868,0.9067033023856954
431.69551700376553,4.335636096853278,25.0,443.6311531006188,19.535636096853278
135.4773423459187,-17.137531653227978,15.0,120.9398106926907,-11.937531653227978
398.4731935676737,-5.758743715350331,15.0,395.31444985232343,-0.5587437153503316
248.38913242029375,-0.6914003723385989,15.0,250.29773204795515,4.5085996276614
192.31539480970935,1.018232036265914,25.0,200.93362684597525,16.218232036265913
359.57285542381516,1.5178717244579971,15.0,363.6907271482732,6.717871724457996
246.96525030773543,-19.26071312231871,25.0,235.3045371854167,-4.06071312231871
356.2461492883691,-10.782708957737128,15.0,348.06344033063203,-5.582708957737129
344.8886781722511,-1.0724478043606247,0.0,338.9162303678905,-10.872447804360625
417.47742904394187,18.902625145043572,15.0,438.9800541889855,24.10262514504357
151.58971052396922,-10.47525937148758,15.0,143.71445115248164,-5.27525937148758
113.90175078076092,14.042889900634805,25.0,135.54464068139572,29.242889900634804
484.7589244654877,-0.816396079163102,25.0,491.54252838632465,14.383603920836897
208.74634032199845,-8.180652467042151,25.0,208.1656878549563,7.019347532957848
130.83253823681827,9.67310238361318,15.0,143.10564062043144,14.87310238361318
471.95110030105934,-15.443005434552983,0.0,451.6080948665064,-25.243005434552984
150.7893575397223,0.2241085440271604,25.0,158.61346608374944,15.42410854402716
87.45175716084307,10.235000943311977,0.0,92.78675810415504,0.4350009433119766
359.0210268233587,-7.0073563532869265,0.0,347.1136704700718,-16.807356353286927
474.0717961646596,-1.8853517256179515,0.0,467.28644443904165,-11.685351725617952
166.83295146059507,-17.3692868242544,15.0,152.06366463634066,-12.1692868242544
432.1561005755537,-1.2716611656378305,0.0,425.98443940991586,-11.071661165637831
374.8217967913761,12.957933148172664,0.0,382.8797299395488,3.1579331481726634
306.83054111994676,-7.583859646571355,0.0,294.34668147337544,-17.383859646571356
342.0634547945016,-6.557234042166309,25.0,343.1062207523353,8.64276595783369
348.8820569352561,13.65260376596305,0.0,357.6346607012192,3.8526037659630497
228.43376187909536,-9.814950269057006,15.0,221.21881161003836,-4.614950269057006
141.1009877287322,18.79579166204281,0.0,154.996779390775,8.995791662042809
303.39958896547313,14.969780916354011,15.0,320.96936988182716,20.16978091635401
128.12690694538446,-13.053412165461854,15.0,117.6734947799226,-7.8534121654618545
398.22443524735854,-7.125682316483033,0.0,386.1987529308755,-16.925682316483034
445.29807273066075,4.431408652941883,25.0,457.3294813836027,19.631408652941882
362.2038643121603,-10.445226350433586,0.0,346.85863796172674,-20.245226350433587
486.80910817101704,2.1103466457686366,15.0,491.5194548167857,7.310346645768636
355.9443891863025,-2.2953919743609177,0.0,348.74899721194157,-12.095391974360918
208.82195785313766,-17.30542819428711,0.0,186.61652965885054,-27.10542819428711
106.03228757139257,-3.32854904321486,15.0,105.3037385281777,1.8714509567851394
145.86057780116255,-11.473393671796007,15.0,136.98718412936654,-6.273393671796008
477.3810060179375,-5.425509030659246,25.0,479.5554969872783,9.774490969340754
400.56627061409495,5.183709689808666,25.0,413.34998030390364,20.383709689808665
121.64557316967426,-3.2603352284579366,0.0,113.48523794121633,-13.060335228457937
411.16721870674104,11.696723630890222,0.0,417.9639423376313,1.8967236308902216
428.6106926230164,12.38228086982231,15.0,443.5929734928387,17.58228086982231
100.64598176912695,-17.908528635128146,0.0,77.83745313399879,-27.708528635128147
103.04602784418555,15.209357822002339,25.0,125.85538566618789,30.409357822002338
66.20305112112057,2.8738103658283443,0.0,64.17686148694891,-6.9261896341716565
79.03025096834713,-1.2732165180211616,25.0,85.35703445032597,13.926783481978838
493.87514663487497,13.465525708135118,0.0,502.4406723430101,3.6655257081351174
88.08667745872339,-16.92370136586456,15.0,73.76297609285882,-11.72370136586456
272.17887192515684,-3.953968425577127,0.0,263.32490349957976,-13.753968425577128
101.38943771016284,-2.9800488261463975,0.0,93.50938888401643,-12.780048826146398
311.8244795212602,-11.802947457092849,25.0,307.62153206416735,3.3970525429071508
65.94005159892968,-2.61262426916419,15.0,65.9274273297655,2.5873757308358094
166.95837222870404,-3.712640011553372,25.0,170.84573221715067,11.487359988446627
305.39780188908105,-19.446923342943727,15.0,288.55087854613737,-14.246923342943727
67.07143415631037,-15.261675155504054,0.0,46.909759000806325,-25.061675155504055
460.2085227291493,0.8086893940696847,25.0,468.617212123219,16.008689394069684
374.9313359558832,-1.612679234459403,15.0,375.9186567214238,3.5873207655405963
159.0224222220607,19.219193320709792,0.0,173.34161554277048,9.419193320709791
313.06411983073394,3.2854689175858454,0.0,311.4495887483198,-6.514531082414155
351.0412085306031,8.631544303177364,25.0,367.2727528337805,23.831544303177363
442.1158971335864,-9.868968057812308,0.0,427.3469290757741,-19.668968057812307
248.88259549378026,-4.674671013661564,25.0,251.8079244801187,10.525328986338435
449.7205048600696,9.966073362328565,0.0,454.7865782223982,0.1660733623285644
348.2759724565543,0.729775468526519,0.0,344.10574792508083,-9.070224531473482
438.0650652715953,5.394761528416531,0.0,438.5598268000119,-4.40523847158347
174.42208113228457,4.159421685362915,0.0,173.6815028176475,-5.640578314637086
188.27014783292142,-12.305660893045939,15.0,178.56448693987548,-7.10566089304594
139.8711341597799,-5.329580140630078,15.0,137.14155401914982,-0.12958014063007894
100.15036147277462,-18.875099998335074,15.0,83.87526147443954,-13.675099998335075
327.47001854232684,18.728565476350767,15.0,348.7985840186776,23.928565476350766
456.2495439986904,-8.577837561688696,0.0,442.77170643700174,-18.377837561688697
346.3235926802326,15.41193999158579,0.0,356.8355326718184,5.611939991585789
164.89508126400415,-5.476526411016756,15.0,162.0185548529874,-0.2765264110167571
434.58243758438164,4.578489696904917,0.0,434.26092728128657,-5.221510303095084
50.767302244900435,-3.3748136569360163,15.0,49.992488587964424,1.825186343063983
360.7139891256058,-16.837197459098086,25.0,351.4767916665077,-1.6371974590980862
380.4704002144298,5.986985382264098,15.0,389.0573855966939,11.186985382264098
159.68930830163492,18.462843091545764,0.0,173.2521513931807,8.662843091545763
363.9953140151725,13.16745223976828,0.0,372.2627662549408,3.36745223976828
126.04132185015104,-0.38173530983998916,0.0,120.75958654031103,-10.18173530983999
484.00237478654753,2.4565658735303764,25.0,494.05894066007795,17.656565873530376
335.25402547327803,-3.3358407179701253,15.0,334.5181847553079,1.864159282029874
173.1020529287594,-4.92587731836255,25.0,175.77617561039685,10.274122681637449
214.14592951619014,-9.893661609501066,0.0,199.35226790668906,-19.693661609501067
79.4595871253994,-14.595896896205565,0.0,59.96369022919384,-24.395896896205564
407.8761675466687,6.22172790648877,0.0,409.19789545315746,-3.578272093511231
141.83751437547136,12.29188864531929,25.0,161.72940302079064,27.49188864531929
447.33617451784085,-7.835856287607941,25.0,447.1003182302329,7.364143712392059
173.62991768348598,4.889199132712633,0.0,173.6191168161986,-4.910800867287367
389.8055662653614,-19.973861702936833,25.0,377.43170456242456,-4.773861702936834
136.87181657975702,-17.44863207449928,15.0,122.02318450525775,-12.24863207449928
387.9212712189403,-5.20840735601972,0.0,377.8128638629206,-15.00840735601972
347.58197481438594,8.145749665348468,15.0,358.32772447973446,13.345749665348468
321.7343457451981,-7.2155128097111785,0.0,309.6188329354869,-17.01551280971118
319.0305958969077,-17.871916891259367,0.0,296.25867900564833,-27.671916891259368
301.6063431121296,5.899609770041515,0.0,302.60595288217115,-3.900390229958486
390.99905620586753,16.596715173363698,15.0,410.19577137923125,21.796715173363697
99.47111352201958,13.625714379213662,0.0,108.19682790123323,3.825714379213661
276.20486601493803,14.172967627345983,25.0,297.97783364228405,29.372967627345982
186.0060315036125,-6.110037630196597,0.0,174.9959938734159,-15.910037630196598
101.87360021314659,1.0659357129812363,0.0,98.03953592612783,-8.734064287018764
469.39356844476316,-2.621832875047584,25.0,474.3717355697156,12.578167124952415
230.06978056314318,-14.802494551962342,0.0,210.36728601118082,-24.602494551962344
287.3070455201514,18.91946575589334,15.0,308.82651127604476,24.11946575589334
135.51493896080768,10.000022202785736,0.0,140.61496116359342,0.20002220278573546
57.07516316962365,17.80823864486851,15.0,77.48340181449215,23.00823864486851
341.7685768728335,-6.9320825176015575,25.0,342.43649435523196,8.267917482398442
485.4039109818964,-18.259444986043544,0.0,462.24446599585286,-28.059444986043545
127.69519110097055,-15.764929857164386,25.0,119.53026124380615,-0.5649298571643868
289.54049399806814,-4.911856070741587,15.0,287.2286379273266,0.28814392925841226
269.91895420331787,1.4859189371521424,15.0,274.00487314047,6.685918937152142
225.93693391011206,10.28030835217632,25.0,243.81724226228837,25.48030835217632
295.13739084212733,8.209030170626011,0.0,298.4464210127534,-1.5909698293739893
458.99477662663196,-19.270464742393187,0.0,434.8243118842388,-29.070464742393188
298.31268980211877,10.939389266790599,25.0,316.8520790689094,26.139389266790598
284.82115690098186,-2.4307402334000017,15.0,284.9904166675819,2.7692597665999976
135.54294053980814,6.585988509665107,25.0,149.72892904947324,21.785988509665106
346.3185643680725,-10.246991062684208,0.0,331.1715733053883,-20.046991062684206
112.15405029717638,-14.842698760963327,15.0,99.91135153621305,-9.642698760963327
121.76278811016229,-12.466093100973573,25.0,116.8966950091887,2.733906899026426
476.093158175856,4.546716215825754,15.0,483.2398743916818,9.746716215825753
269.7554355927616,4.513403692640882,15.0,276.86883928540254,9.713403692640881
64.00260635976825,2.2239841585594355,0.0,61.326590518327684,-7.576015841440565
372.5306624833307,-3.951038429252378,25.0,376.1796240540783,11.248961570747621
442.30078029377273,8.014828347671347,0.0,445.4156086414441,-1.7851716523286534
224.4082675528003,-5.9078416525759145,0.0,213.6004259002244,-15.707841652575915
78.84505704578376,5.134926500693965,15.0,86.57998354647772,10.334926500693964
78.32265990881324,-10.02506283868187,25.0,75.89759707013135,5.1749371613181285
470.23968961481575,-19.635257664705307,15.0,453.20443195011046,-14.435257664705308
52.45678390709259,-12.008373156241552,15.0,43.04841075085104,-6.808373156241553
317.241657709779,3.55659868836209,25.0,328.39825639814114,18.75659868836209
446.9773854759936,-10.859050420457258,15.0,438.71833505553633,-5.659050420457259
142.11255593304082,4.02205058022431,0.0,141.23460651326513,-5.777949419775691
338.5481459804042,17.25039781540518,25.0,363.39854379580936,32.45039781540518
353.1574786351052,10.111774496774693,0.0,358.3692531318799,0.31177449677469227
487.30332614007546,-6.168813283755812,15.0,483.73451285631967,-0.9688132837558125
168.24351088489675,-4.188829543674078,25.0,171.65468134122267,11.011170456325921
404.34900473747916,-14.481788317700502,15.0,392.4672164197787,-9.281788317700503
315.36059847286975,-10.837768908250055,0.0,299.62282956461974,-20.637768908250056
350.64099076666764,-18.300702927882426,0.0,327.44028783878525,-28.100702927882427
226.06952600067555,14.460239975010523,15.0,243.12976597568607,19.660239975010523
279.72252130476505,15.261353759041342,0.0,290.08387506380643,5.461353759041341
396.2066626434195,-19.531932506260297,0.0,371.7747301371592,-29.331932506260298
327.38107476988995,-0.5791867602044753,25.0,334.4018880096855,14.620813239795524
338.26652504470036,-9.810201265625063,15.0,331.05632377907534,-4.610201265625063
202.4373998777005,10.379706299548062,15.0,215.41710617724854,15.57970629954806
465.3822882934668,-11.138599620993958,0.0,449.34368867247287,-20.93859962099396
321.23500387947723,-7.959137696841442,0.0,308.37586618263583,-17.759137696841442
60.724943431437836,7.023774346192514,0.0,62.84871777763035,-2.7762256538074865
266.3190863654104,13.830020055752378,0.0,275.24910642116276,4.030020055752377
270.01409310170055,-18.71550342258514,0.0,246.39858967911542,-28.51550342258514
312.439786687519,14.21480037106673,25.0,334.2545870585858,29.41480037106673
339.0405740991198,-1.0030951650674638,0.0,333.13747893405235,-10.803095165067464
420.1604753859608,-11.46196773677017,15.0,411.29850764919064,-6.2619677367701705
171.25035817850878,-17.983981444310956,15.0,155.86637673419781,-12.783981444310957
313.66091752040165,-15.527305204895491,25.0,305.7336123155062,-0.32730520489549164
467.7580507016195,2.4837240980123987,25.0,477.8417747996319,17.683724098012398
71.50022842156963,3.171651712952574,0.0,69.7718801345222,-6.628348287047427
256.183380675495,4.2405850466379675,25.0,268.023965722133,19.440585046637967
288.0404257153941,6.569160668783319,25.0,302.20958638417744,21.769160668783318
196.91484863898637,-16.464196049775882,25.0,188.05065258921047,-1.264196049775883
246.84388994294008,-8.247549916202384,0.0,233.6963400267377,-18.047549916202385
83.9919858629945,-2.8362830077893335,15.0,83.75570285520516,2.363716992210666
262.5778961126897,-7.260426052125236,25.0,262.9174700605645,7.939573947874763
181.22048541271715,6.713622857733338,0.0,183.03410827045047,-3.086377142266663
159.3892986184087,-1.419216254909358,0.0,153.07008236349932,-11.219216254909359
153.4953318344888,2.5723634826596466,0.0,151.16769531714846,-7.227636517340354
406.7175897282374,-12.238141349910245,0.0,389.5794483783272,-22.038141349910248
424.02144403513864,-19.783968826713863,0.0,399.3374752084248,-29.583968826713864
66.29201909114178,-0.7200667037558688,15.0,68.17195238738591,4.4799332962441305
476.08681977292474,2.1286654858324496,25.0,485.81548525875723,17.32866548583245
128.82546585774554,-3.430037258301283,0.0,120.49542859944425,-13.230037258301284
199.08492337015835,-9.71585414525042,0.0,184.4690692249079,-19.515854145250422
413.4035577701207,5.790557303487848,25.0,426.79411507360857,20.990557303487847
150.02141909496123,-6.403359855865185,25.0,151.21805923909605,8.796640144134814
122.84151010203814,-16.04042249393624,15.0,109.4010876081019,-10.840422493936241
449.51904141274963,18.161284561039174,15.0,470.2803259737888,23.361284561039174
199.8215259648087,2.744586630529863,15.0,205.16611259533855,7.944586630529862
331.89884158402117,-15.93299235376283,25.0,323.5658492302584,-0.73299235376283
314.7002187543073,8.46718108793955,0.0,318.26739984224685,-1.33281891206045
92.78052256906031,9.603615803137021,0.0,97.48413837219732,-0.19638419686297937
326.64167614968096,-7.334509050549158,25.0,326.9071670991318,7.865490949450841
465.34053174484035,-17.658691048244464,25.0,455.2818406965959,-2.4586910482444644
99.6317542212013,9.110292035243795,25.0,116.34204625644509,24.310292035243794
293.48900583051983,17.865669048349467,0.0,306.4546748788693,8.065669048349466
395.7227369247955,-12.017096058109896,25.0,391.3056408666857,3.1829039418901033
264.4221514388481,-17.43752839868067,25.0,254.58462304016743,-2.23752839868067
347.29467800947424,19.12609935180943,15.0,369.0207773612837,24.32609935180943
377.68868003887604,-13.44167273223821,25.0,371.84700730663786,1.7583272677617892
70.05116305797803,-2.263138326569411,15.0,70.38802473140862,2.936861673430588
335.74611576624005,-15.535018114736046,0.0,315.31109765150404,-25.335018114736044
296.74856786704316,11.679232705686346,15.0,311.0278005727295,16.879232705686345
176.80029601004324,-11.53491064762607,25.0,172.86538536241716,3.665089352373929
317.4937717331927,-16.9389995643417,0.0,295.654772168851,-26.7389995643417
241.00934341169773,7.72991543669367,25.0,256.3392588483914,22.92991543669367
74.89332978925421,-15.700413621862799,15.0,61.79291616739141,-10.5004136218628
128.15785732112153,-18.35491642019699,25.0,117.40294090092453,-3.15491642019699
154.87772265285957,10.78449786051694,25.0,173.26222051337652,25.98449786051694
187.27529137585393,6.454573605825541,15.0,196.32986498167946,11.65457360582554
98.15562927712898,-19.425372403793805,15.0,81.33025687333517,-14.225372403793806
208.80183686890095,4.972534717429408,25.0,221.37437158633034,20.172534717429407
311.2017732417872,-5.613203290421875,0.0,300.6885699513653,-15.413203290421876
237.54302371293065,17.045124247306,0.0,249.68814796023665,7.2451242473059985
303.8684357736614,2.5574079669232397,25.0,314.02584374058466,17.75740796692324
217.3427790380489,-18.078363308270315,0.0,194.36441572977856,-27.878363308270316
104.34388944325525,15.410142142250805,0.0,114.85403158550605,5.610142142250805
315.91292344158404,11.198539972386023,25.0,334.7114634139701,26.398539972386022
344.5723867081149,15.3994073890128,0.0,355.07179409712774,5.5994073890128
84.45760391262397,6.895822601293396,25.0,98.95342651391735,22.095822601293396
120.51457763271434,-12.046937826055908,25.0,116.06763980665842,3.1530621739440914
334.3646854423256,6.814112657213656,15.0,343.77879809953924,12.014112657213655
208.22656028327978,-2.006051217751722,0.0,201.32050906552806,-11.806051217751723
440.47783611325525,-12.897056407824085,0.0,422.6807797054312,-22.697056407824086
302.09980325984304,-7.935987541721786,15.0,296.7638157181213,-2.735987541721787
236.39123239186603,15.266182099183474,0.0,246.7574144910495,5.466182099183474
180.6936839560717,-6.360839065807827,15.0,176.93284489026388,-1.1608390658078278
400.9483076708047,-4.35339327456321,25.0,404.19491439624153,10.84660672543679
268.0255244205397,13.295221548450677,0.0,276.4207459689904,3.495221548450676
85.53450456192262,-0.4408493532202975,0.0,80.19365520870231,-10.240849353220298
108.6349777246678,-18.319489726619715,15.0,92.91548799804809,-13.119489726619715
483.50467109443537,-2.982599020590225,15.0,483.1220720738452,2.217400979409774
460.3585700613335,-10.586570288822683,0.0,444.8719997725109,-20.386570288822682
219.13317636335697,17.256660138883447,15.0,238.98983650224042,22.456660138883446
428.37940015542944,-16.73138329744348,0.0,406.748016857986,-26.53138329744348
77.12590352037216,-19.57750950260888,15.0,60.14839401776329,-14.37750950260888
446.41852493360653,2.1246359770352043,15.0,451.14316091064177,7.324635977035204
100.79773257516038,3.4528798773413207,0.0,99.3506124525017,-6.34712012265868
184.8860286567148,-18.098581366464597,0.0,161.8874472902502,-27.898581366464597
233.57689387902136,-14.690097631273016,25.0,226.48679624774834,0.5099023687269835
351.20465768903773,-12.085029519464205,25.0,346.7196281695735,3.114970480535794
375.1735875879058,-8.078091681288315,25.0,374.6954959066175,7.121908318711684
316.7259474638539,6.99650354715321,15.0,326.32245101100716,12.19650354715321
371.14227335302274,-2.903107666925493,15.0,370.83916568609726,2.2968923330745064
481.4644526782113,-5.960176874561931,25.0,483.1042758036494,9.239823125438068
231.71638447111906,4.706728826883797,0.0,231.52311329800284,-5.093271173116204
89.24752355717908,-9.253565847361243,15.0,82.59395770981783,-4.053565847361243
431.0742549860718,11.02574011103507,15.0,444.6999950971069,16.22574011103507
79.75721054681064,15.162412035381521,0.0,90.01962258219216,5.362412035381521
416.6393976578723,12.389731583679307,15.0,431.6291292415516,17.589731583679306
475.93618068701494,11.256389401649216,0.0,482.2925700886642,1.456389401649215
250.49440310168995,4.291481181068839,15.0,257.3858842827588,9.491481181068838
390.57573608815886,11.623906632659484,25.0,409.7996427208184,26.823906632659483
224.79168477249073,15.066446304833171,15.0,242.45813107732388,20.26644630483317
137.6689968421689,3.3687313135787633,0.0,136.13772815574765,-6.431268686421237
167.66623217879172,-0.34819684841499665,15.0,169.9180353303767,4.851803151585003
71.19674453144846,5.101264625709938,0.0,71.39800915715838,-4.698735374290063
86.93040213246191,-0.9432996373849463,15.0,88.58710249507695,4.256700362615053
174.65368491202833,-0.6383433908336258,0.0,169.1153415211947,-10.438343390833627
483.4401341250703,2.2999102423297835,0.0,480.8400443674001,-7.500089757670217
356.9422728387135,2.064069291497713,0.0,354.10634213021126,-7.735930708502288
378.7288648208729,11.34544902000382,15.0,392.6743138408767,16.54544902000382
232.95005492735632,0.6751950673218019,15.0,236.2252499946781,5.875195067321801
196.9360029441641,6.413588191780963,0.0,198.44959113594507,-3.3864118082190373
323.9759309678476,0.7824041290767951,25.0,332.3583350969244,15.982404129076794
495.4376535407677,14.98318143980957,0.0,505.5208349805773,5.1831814398095695
382.9096425265339,5.537753888782415,0.0,383.5473964153163,-4.262246111217586
183.44184846357805,1.1900099716449866,15.0,187.23185843522305,6.390009971644986
195.07662957026,-6.782567061309468,25.0,195.89406250895053,8.417432938690531
158.09878155672104,11.951812413688671,25.0,177.6505939704097,27.15181241368867
381.704034957747,-7.253809875756993,0.0,369.55022508199005,-17.053809875756993
259.364394615386,-2.5072785276950853,15.0,259.45711608769096,2.692721472304914
495.8661040911104,-7.5571654717034775,0.0,483.40893861940697,-17.35716547170348
276.05155864302515,-4.7641413535567345,25.0,278.88741728946843,10.435858646443265
304.8505909961435,6.633810708090525,0.0,306.5844017042341,-3.1661892919094754
331.26329500402846,17.04267048147487,0.0,343.4059654855034,7.242670481474871
357.51893764110844,3.0408021300954147,15.0,363.1597397712039,8.240802130095414
393.19715095752696,-8.849331112616422,15.0,386.94781984491055,-3.649331112616423
60.83452429228642,-4.675217638787075,25.0,63.759306653499344,10.524782361212925
237.0621118815374,17.312365360805273,15.0,256.9744772423427,22.512365360805273
281.3829308239099,-18.167141681633282,15.0,265.8157891422766,-12.967141681633283
204.79798420748324,6.7406514549556285,0.0,206.63863566243887,-3.0593485450443723
460.44624293314104,3.3242095257233686,25.0,471.3704524588644,18.524209525723368
328.6451041705354,-14.274825840926608,0.0,309.4702783296088,-24.074825840926607
271.1850208779448,11.479394661812535,0.0,277.76441553975735,1.679394661812534
222.54509487711286,6.627306380053252,0.0,224.2724012571661,-3.172693619946749
102.53635089518036,-1.6176795235820265,25.0,108.51867137159833,13.582320476417973
373.0920571820306,1.6584153730757123,15.0,377.3504725551063,6.858415373075712
381.3330422312526,8.549205390024387,0.0,384.982247621277,-1.250794609975614
249.7247832562939,-15.121105960219543,0.0,229.70367729607435,-24.921105960219542
211.69740807265867,11.329156678479638,15.0,225.62656475113832,16.529156678479637
493.2834895166116,-13.906097101593167,25.0,486.97739241501847,1.2939028984068326
265.2932573600166,13.369379601076567,0.0,273.76263696109316,3.569379601076566
259.63813091559666,17.343374465693067,25.0,284.58150538128973,32.54337446569306
161.3397031448989,-4.082987033585388,0.0,152.3567161113135,-13.882987033585389
127.87710926627332,-19.17796973001093,0.0,103.79913953626239,-28.97796973001093
59.23322340984631,17.392619911439084,25.0,84.2258433212854,32.59261991143909
289.42931288057184,19.371006628667054,25.0,316.4003195092389,34.57100662866705
281.7931217000979,-15.483744440120946,15.0,268.90937725997696,-10.283744440120946
326.88797258289355,-15.300767675809329,0.0,306.68720490708426,-25.10076767580933
163.75230941011324,-17.04746240409318,25.0,154.30484700602005,-1.8474624040931822
442.94268599917643,6.064243009747926,0.0,444.1069290089244,-3.7357569902520744
131.84294967956313,6.175745796742255,15.0,140.6186954763054,11.375745796742255
119.78144741132556,-8.780459555585413,25.0,118.60098785574014,6.4195404444145865
377.8374030018212,-0.18677583952781518,15.0,380.2506271622934,5.013224160472184
276.89084238952717,-3.0352735372297026,15.0,276.45556885229746,2.1647264627702967
68.64001306927477,-6.168226318574522,15.0,65.07178675070024,-0.9682263185745228
152.87918243659027,-11.22926037603321,25.0,149.24992206055705,3.9707396239667894
286.56307792555526,-1.713493161918663,15.0,287.4495847636366,3.486506838081336
354.1060708711284,-3.9609697647506934,25.0,357.7451011063777,11.239030235249306
152.4220791690288,9.703142641564835,25.0,169.7252218105936,24.903142641564834
254.23251883383028,16.22618062841402,0.0,265.5586994622443,6.42618062841402
435.6523149453446,15.486260836246132,25.0,458.7385757815907,30.68626083624613
206.9837549468401,-15.208080256097798,25.0,199.3756746907423,-0.00808025609779861
201.90184513428937,9.730291319928721,25.0,219.23213645421808,24.93029131992872
423.6701003095975,-2.845790193578388,0.0,415.9243101160191,-12.645790193578389
361.9539332435275,0.4433278101901905,15.0,364.9972610537177,5.64332781019019
386.51505838931894,17.324189504732168,0.0,398.9392478940511,7.524189504732167
297.1736293721418,-14.33908744028107,0.0,277.9345419318608,-24.13908744028107
253.38945209373236,10.862923392842099,0.0,259.3523754865745,1.062923392842098
53.89674892281431,-9.253402556236377,0.0,39.74334636657793,-19.053402556236378
280.46037379340135,-2.0804815896014546,15.0,280.9798922037999,3.1195184103985447
266.3980319598578,-5.1555129123887244,15.0,263.8425190474691,0.044487087611274845
455.04015818793624,-17.45687006189302,25.0,445.18328812604324,-2.2568700618930215
133.46606925474893,6.46814606153238,25.0,147.53421531628132,21.66814606153238
128.61089724475815,19.756344189299966,0.0,143.4672414340581,9.956344189299966
174.57502496483747,-18.55246304255332,15.0,158.62256192228415,-13.352463042553321
126.6378136709779,2.2714417324611027,15.0,131.509255403439,7.471441732461102
248.57670090823385,-17.778902437870393,0.0,225.89779847036345,-27.578902437870394
126.84840949705166,18.4056927173269,25.0,152.85410221437857,33.6056927173269
474.68664882488605,-8.434473864236459,15.0,468.8521749606496,-3.2344738642364597
472.4396168985138,-0.5761824409293403,0.0,466.96343445758447,-10.376182440929341
117.64052043568408,-17.43189707513035,0.0,95.30862336055372,-27.23189707513035
355.7181441222821,-13.895715874495078,15.0,344.4224282477871,-8.695715874495079
284.94988022600023,5.987081304073758,25.0,298.536961530074,21.187081304073757
313.810385839177,-17.992961168787296,0.0,290.9174246703897,-27.792961168787297
278.8955597319509,-9.095411771483825,15.0,272.4001479604671,-3.8954117714838254
374.48704355707133,6.238740310042317,15.0,383.32578386711367,11.438740310042316
377.55097961621016,-4.314326872609161,15.0,375.836652743601,0.885673127390838
223.35246582101823,-2.875701219079513,25.0,228.07676460193872,12.324298780920486
267.68957560502525,19.298554684014853,15.0,289.5881302890401,24.498554684014852
420.742388014672,17.611854549149605,25.0,445.9542425638216,32.8118545491496
305.03457290524887,17.85294364596482,25.0,330.48751655121373,33.05294364596482
208.3828729638135,-2.3365401543474817,15.0,208.646332809466,2.8634598456525175
470.22039804883724,12.89333315199245,15.0,485.7137312008297,18.09333315199245
156.60304286132742,2.6119387549412636,25.0,166.81498161626868,17.811938754941263
224.22109692600628,-18.21316179133133,0.0,201.10793513467493,-28.01316179133133
475.1576479282937,-7.865634765838156,0.0,462.3920131624556,-17.665634765838156
146.4321401538403,-19.78696761749786,0.0,121.74517253634242,-29.586967617497862
414.4712411161616,6.385698769391617,25.0,428.45693988555325,21.585698769391616
478.7099524859106,-9.611403202614369,0.0,464.19854928329624,-19.41140320261437
384.7413828417629,-0.4959572242176975,0.0,379.34542561754523,-10.295957224217698
196.74004748032428,-13.193213016805622,25.0,191.14683446351864,2.0067869831943774
463.91924108179626,10.826282195363994,15.0,477.3455232771603,16.026282195363994
287.4704677127617,-0.10013123898494314,0.0,282.4703364737768,-9.900131238984944
225.3407887749871,7.647412035323853,15.0,235.58820081031095,12.847412035323853
481.6664849596418,-7.6055235391876685,15.0,476.66096142045416,-2.4055235391876693
407.6084731013979,-10.511063332819933,0.0,392.197409768578,-20.311063332819934
485.3908312880929,15.126241177707499,15.0,503.11707246580045,20.326241177707498
112.37277118657428,3.8283307414328824,15.0,118.80110192800716,9.028330741432882
192.5856433541464,12.831020482373852,0.0,200.51666383652025,3.031020482373851
478.1057917121081,-11.866891049076322,0.0,461.3389006630318,-21.666891049076323
243.3519664720486,-18.093123639030605,0.0,220.35884283301797,-27.893123639030605
84.72973243106014,7.027703010783085,25.0,99.35743544184322,22.227703010783085
498.76461048497305,5.453337576042301,25.0,511.8179480610154,20.6533375760423
189.649201617484,-0.5240560435402557,15.0,191.72514557394376,4.675943956459744
205.20415514970696,0.5388458478044846,0.0,200.84300099751144,-9.261154152195516
234.1145562198047,16.200867937365985,25.0,257.9154241571707,31.400867937365984
433.7212697240383,7.517931018693361,25.0,448.8392007427317,22.71793101869336
444.8034467729122,-6.133873858960804,15.0,441.26957291395144,-0.9338738589608049
326.7081313880335,-10.696271573659711,0.0,311.1118598143738,-20.496271573659712
206.29630416906073,16.887710681035628,15.0,225.78401485009636,22.087710681035627
243.054361620752,19.47506314316083,25.0,270.1294247639128,34.67506314316083
482.9329362487875,-15.112898483542732,15.0,470.4200377652448,-9.912898483542733
471.9234085745541,-8.221562115020795,15.0,466.30184645953335,-3.021562115020796
221.9151923727613,-9.14659450543252,15.0,215.3685978673288,-3.94659450543252
358.06233054958096,10.989841792079883,15.0,371.65217234166084,16.189841792079882
83.47041134200205,-4.756424198829713,15.0,81.31398714317234,0.4435758011702866
126.69119937373983,-0.040408089357594434,15.0,129.25079128438225,5.159591910642405
339.0448246936218,5.032359589526539,0.0,339.1771842831484,-4.7676404104734615
340.7127284895146,-7.347823779665479,15.0,335.9649047098491,-2.1478237796654795
462.7233769542873,15.8830887742388,0.0,473.7064657285261,6.083088774238799
234.44439889731208,-13.053914005292198,25.0,228.99048489201988,2.1460859947078017
498.8274792395814,-2.0163424294794687,15.0,499.41113681010194,3.1836575705205306
190.99557712443772,-15.918391298572994,25.0,182.6771858258647,-0.7183912985729943
191.08800254469298,7.770972269723707,15.0,201.45897481441668,12.970972269723706
410.87263022597466,-4.781907651033208,15.0,408.69072257494145,0.41809234896679115
286.0769265424895,6.2432820440098915,25.0,299.9202085864994,21.44328204400989
301.9002187655718,-18.686304024027972,0.0,278.3139147415439,-28.486304024027973
277.4088931830114,-6.778682330490042,0.0,265.7302108525214,-16.578682330490043
188.49758591044557,-17.8856305430261,0.0,165.71195536741945,-27.6856305430261
332.9835467779102,-17.148893515772784,15.0,318.43465326213743,-11.948893515772784
435.69306887219284,-5.850598188355448,25.0,437.4424706838374,9.349401811644551
224.4339626635269,14.97306601291185,25.0,247.00702867643875,30.17306601291185
415.5991707173974,-13.29408852924467,0.0,397.40508218815273,-23.094088529244672
195.2577759257217,3.448095840469904,25.0,206.3058717661916,18.648095840469903
205.30979656850553,2.0781146796925682,15.0,209.9879112481981,7.2781146796925675
416.47857555072744,7.486798023895606,25.0,431.5653735746231,22.686798023895605
206.62434193678368,13.709093535991876,15.0,222.93343547277556,18.909093535991875
309.6592581519753,2.452468553262264,0.0,307.21172670523754,-7.347531446737737
141.67313629513328,-7.636567389669642,15.0,136.63656890546363,-2.4365673896696425
444.4252541975864,-8.151937346766855,25.0,443.8733168508196,7.048062653233144
486.7328100363599,-9.112500861365135,15.0,480.2203091749948,-3.9125008613651353
283.30742757412645,13.829176832341624,0.0,292.2366044064681,4.029176832341623
406.5203524814736,13.780649621187578,25.0,427.9010021026612,28.980649621187577
466.82316936724743,-3.3810504091183304,0.0,458.5421189581291,-13.181050409118331
154.66945519800194,14.304096236002586,0.0,164.07355143400451,4.504096236002585
434.7566555998846,-12.632680857037425,15.0,424.7239747428472,-7.432680857037425
88.17707539168461,-8.751014712957414,15.0,82.02606067872719,-3.5510147129574143
439.19497063464456,-11.6072223884382,0.0,422.6877482462064,-21.4072223884382
297.66866690352106,16.94507285723212,25.0,322.2137397607532,32.14507285723212
189.6728037577071,-4.4336076986588004,25.0,192.8391960590483,10.766392301341199
366.0626563430095,-13.383590490392688,0.0,347.77906585261684,-23.18359049039269
321.2558563876746,-16.198262203126397,0.0,300.15759418454826,-25.998262203126398
447.13373564294267,-4.927838315432634,15.0,444.8058973275101,0.2721616845673651
322.7382562777744,-3.9800137673973026,15.0,321.3582425103771,1.2199862326026967
227.5023301888418,-16.409914817088094,15.0,213.6924153717537,-11.209914817088094
306.3512116703544,-11.265972245149749,25.0,302.6852394252047,3.9340277548502502
396.4385973020279,-5.157126389724178,0.0,386.38147091230377,-14.957126389724179
108.92993132160706,-7.247910556328341,25.0,109.28202076527872,7.9520894436716585
424.8091087069816,2.0659126341933067,0.0,421.9750213411749,-7.734087365806694
365.8562131921273,17.172984847181382,15.0,385.62919803930873,22.37298484718138
464.52584026175157,-9.67062318232009,15.0,457.4552170794315,-4.470623182320091
54.20895124508959,9.518882597678658,25.0,71.32783384276824,24.718882597678657
331.50123419323717,6.999648182173303,25.0,346.1008823754105,22.199648182173302
489.86407224650844,10.173828641484125,25.0,507.6379008879926,25.373828641484124
488.0532881718849,3.9033674896534976,15.0,494.5566556615384,9.103367489653497
320.58078423603337,-3.4174703569462572,15.0,319.76331387908715,1.782529643053742
105.16713885639842,5.053641047717981,25.0,117.82077990411639,20.25364104771798
390.7888719693291,10.183835735506769,25.0,408.57270770483586,25.383835735506768
361.6409820999205,18.32996578075217,25.0,387.5709478806727,33.529965780752164
195.42276081043974,-11.429078071726284,0.0,179.09368273871345,-21.229078071726285
208.61854652535794,-14.75563925364896,25.0,201.46290727170899,0.4443607463510393
57.884664193722614,19.175736040489646,25.0,84.66040023421226,34.37573604048964
204.57755620119187,-0.503867001569617,0.0,199.17368919962226,-10.303867001569618
306.67318348929035,16.20527479284376,15.0,325.4784582821341,21.40527479284376
150.6659175625503,-7.1313900574489075,0.0,138.6345275051014,-16.93139005744891
430.49123586661653,11.197666573263998,0.0,436.78890243988053,1.3976665732639972
189.28879081437887,-16.847832967301763,15.0,175.0409578470771,-11.647832967301763
236.4132916143218,10.765288310545298,0.0,242.27857992486707,0.9652883105452972
417.482233705778,-4.286272967263724,0.0,408.29596073851434,-14.086272967263724
399.7138172745443,1.2777237056511446,15.0,403.5915409801955,6.477723705651144
60.299548860560876,19.400240586485495,25.0,87.29978944704636,34.6002405864855
122.80358240243591,8.548404270826822,0.0,126.45198667326272,-1.2515957291731787
349.0703385977109,-19.54506969965894,25.0,337.12526889805196,-4.345069699658939
71.95046236136416,10.971564002469322,15.0,85.52202636383348,16.17156400246932
315.7590317378814,14.240760970398497,25.0,337.5997927082799,29.440760970398497
140.21651577692228,8.31813008344485,0.0,143.63464586036713,-1.4818699165551514
273.5817098126265,-15.068912302214308,0.0,253.6127975104122,-24.86891230221431
199.0443876567045,0.3744129765480686,25.0,207.01880063325254,15.574412976548068
322.1271288426808,-6.154202884023441,25.0,323.5729259586574,9.045797115976558
319.03938790089524,-17.9584322842644,25.0,308.68095561663085,-2.7584322842644013
159.90333314903262,-17.158921896274148,0.0,137.84441125275848,-26.95892189627415
238.45231693971854,12.210437714485721,0.0,245.76275465420426,2.4104377144857203
109.46060439013894,5.700500168165608,25.0,122.76110455830454,20.900500168165607
257.99708258522276,10.863877208593614,0.0,263.9609597938164,1.0638772085936132
206.0658913457238,-14.35619301090323,25.0,199.30969833482055,0.8438069890967697
313.9160893271125,9.145581313228885,15.0,325.6616706403414,14.345581313228884
413.5030681463957,-11.092642540841084,0.0,397.51042560555464,-20.892642540841084
461.6122844685342,6.844110957526457,0.0,463.5563954260607,-2.955889042473544
93.51761823144955,-0.2003903224083068,15.0,95.91722790904123,4.9996096775916925
274.600533362885,1.3395544664763932,15.0,278.5400878293614,6.5395544664763925
146.73859463209675,7.526020680374895,15.0,156.86461531247164,12.726020680374894
415.45965143990054,-3.215440783410358,15.0,414.8442106564902,1.9845592165896413
437.1108075811342,-8.47914055273856,25.0,436.2316670283957,6.720859447261439
117.42342755451085,13.31749466491928,25.0,138.34092221943013,28.51749466491928
451.38918920339546,15.712310289959802,15.0,469.7014994933553,20.9123102899598
109.03871183079698,-13.529571466614083,25.0,103.10914036418289,1.6704285333859161
148.49260765770663,-8.14748174826256,25.0,147.94512590944407,7.052518251737439
131.2327421454876,15.958706355268944,0.0,142.29144850075656,6.158706355268944
415.9677952034385,-11.128048255183241,25.0,412.43974694825533,4.071951744816758
232.02495215379744,-10.57124078989457,25.0,229.05371136390286,4.628759210105429
288.2258224098499,12.450661804823405,15.0,303.27648421467336,17.650661804823404
499.89680235994905,3.9858551445354493,15.0,506.4826575044845,9.185855144535449
370.3417782377592,15.265783044416033,25.0,393.2075612821752,30.465783044416032
480.74673341806186,19.817239964127282,25.0,508.16397338218917,35.017239964127285
489.1861364353566,-1.6344406385546897,15.0,490.15169579680196,3.5655593614453096
371.1094717764121,-7.634384369190993,15.0,366.07508740722113,-2.434384369190994
341.1565404830251,2.624445120560523,0.0,338.8809856035856,-7.175554879439478
477.26353050513933,15.580236711697793,0.0,487.94376721683716,5.780236711697793
141.09610616417612,1.4605944118502912,0.0,137.6567005760264,-8.33940558814971
309.4909788697526,14.121734673890849,15.0,326.2127135436435,19.321734673890848
55.6084779858751,-9.904601299312343,25.0,53.30387668656275,5.295398700687656
214.00407520892298,-3.845987409627721,0.0,205.25808779929525,-13.645987409627722
115.48183788623257,2.447911798822812,0.0,113.02974968505538,-7.352088201177189
167.81335495587678,-4.6477515102871045,0.0,158.26560344558968,-14.447751510287105
399.6094052017557,4.073788640218975,0.0,398.7831938419747,-5.726211359781026
256.50637613844526,16.32089836508426,15.0,275.42727450352953,21.52089836508426
116.23510522741469,-1.3424324537401517,0.0,109.99267277367454,-11.142432453740152
367.93794676468036,5.115176308241807,25.0,380.6531230729222,20.315176308241806
280.68353793827174,5.558441716942237,15.0,288.841979655214,10.758441716942237
53.43833977099503,11.228553005121519,25.0,72.26689277611655,26.42855300512152
133.47436858078913,7.316082618554557,0.0,135.8904511993437,-2.483917381445444
137.82126595926132,-16.629985774030235,25.0,128.7912801852311,-1.4299857740302357
471.98743561630533,-19.647834053504127,25.0,459.9396015628012,-4.447834053504128
304.2446409477596,0.9581637128963791,0.0,300.30280466065597,-8.841836287103622
373.1188071797028,16.953588477920448,25.0,397.67239565762327,32.15358847792045
338.718659904661,0.1549248959088061,0.0,333.9735848005698,-9.645075104091195
106.9024279128844,-18.352063342698195,15.0,91.15036457018621,-13.152063342698195
483.05008224323416,-6.824081518560279,15.0,478.8260007246739,-1.6240815185602795
114.84148080936674,-4.43899263173282,0.0,105.50248817763392,-14.23899263173282
83.07333695853211,18.88792321446286,15.0,104.56126017299496,24.087923214462858
79.41712856626421,-11.034706820024201,15.0,70.98242174624001,-5.834706820024202
370.5962134053711,8.160053766665492,25.0,386.3562671720366,23.36005376666549
354.15987732045534,-7.612007205090961,0.0,341.6478701153644,-17.412007205090962
63.4195626554052,-2.0798174101562026,25.0,68.939745245249,13.120182589843797
115.94105893609868,-4.235029598326982,25.0,119.30602933777169,10.964970401673018
456.9051598245508,-15.51330942731469,15.0,443.99185039723613,-10.31330942731469
169.04199858901282,-13.298101937560842,0.0,150.84389665145198,-23.09810193756084
286.37835204906276,6.863687207350701,15.0,295.8420392564135,12.0636872073507
351.3381314071725,-10.02447558400323,25.0,348.9136558231693,5.175524415996769
349.5830598053077,-0.8113241422440112,25.0,356.3717356630637,14.388675857755988
423.8367892558773,-1.2950458264561178,15.0,425.14174342942124,3.9049541735438815
319.637281986811,-2.8979698695566967,0.0,311.83931211725434,-12.697969869556697
143.52737900886655,4.5896376366634755,15.0,150.71701664553,9.789637636663475
133.72051067346197,15.965687663118665,0.0,144.78619833658064,6.165687663118664
499.9556469835119,-18.91723186434234,25.0,488.63841511916957,-3.7172318643423417
465.17654622816144,14.725924744151989,15.0,482.50247097231346,19.925924744151988
85.42347669721455,-13.103234319716965,15.0,74.92024237749759,-7.903234319716965
275.7847948128067,8.501709224547824,15.0,286.88650403735454,13.701709224547823
136.5269154651487,-9.186776914870709,25.0,134.940138550278,6.01322308512929
124.9873853487639,-1.611272911232497,0.0,118.47611243753138,-11.411272911232498
129.06248052575177,19.200788486978396,25.0,155.86326901273017,34.4007884869784
444.44168279759396,3.309577762771376,25.0,455.35126056036535,18.509577762771375
381.9842410838142,11.286198036657915,0.0,388.37043912047216,1.486198036657914
420.82151708896,-9.039460147713609,0.0,406.8820569412464,-18.83946014771361
426.5684309883195,-19.471667505026797,25.0,414.6967634832927,-4.271667505026798
74.06029585159843,-17.897098394636764,15.0,58.76319745696166,-12.697098394636765
398.6363044461228,19.662705325419317,25.0,425.8990097715421,34.86270532541931
334.849591570575,-10.709217618977448,25.0,331.7403739515976,4.490782381022552
242.92703243196513,7.847754036320591,0.0,245.87478646828572,-1.9522459636794096
169.68437406794914,17.44371490080355,25.0,194.72808896875267,32.643714900803545
165.0930458093066,-4.860586888246603,0.0,155.33245892105998,-14.660586888246604
263.54416284354977,2.5208882437248583,0.0,261.16505108727466,-7.279111756275142
384.0726501796199,8.784295118599982,15.0,395.4569452982199,13.98429511859998
441.3266837591934,-10.030940635873545,25.0,438.89574312331985,5.169059364126454
148.51323155879027,8.102389861730384,0.0,151.71562142052065,-1.6976101382696172
294.04143889386955,-5.767547802488707,15.0,290.87389109138087,-0.5675478024887077
212.61906487828904,-1.0154919318186941,15.0,214.20357294647033,4.184508068181305
374.0877447913842,3.646712053261602,0.0,372.8344568446458,-6.1532879467383985
311.4547965469457,-16.09441296736668,15.0,297.96038357957906,-10.89441296736668
497.9866962753473,-18.10957598691614,25.0,487.4771202884312,-2.909575986916142
101.38069755189152,-14.950740354271232,15.0,89.02995719762028,-9.750740354271233
126.13085446620579,-1.0501883188255903,25.0,132.6806661473802,14.149811681174409
369.72890617342415,-5.692509322072311,0.0,359.13639685135183,-15.492509322072312
259.8264654665244,17.213996585475243,15.0,279.64046205199963,22.413996585475243
346.59971031266923,-12.148850423509643,25.0,342.0508598891596,3.0511495764903565
437.86062688430894,-14.56930643841265,15.0,425.8913204458963,-9.36930643841265
312.55429599757895,12.082063775959433,0.0,319.7363597735384,2.2820637759594327
187.2719700632343,11.018781404335574,0.0,193.39075146756988,1.218781404335573
416.0088771431769,-18.558171239173184,0.0,392.55070590400373,-28.358171239173185
369.7509197193204,-19.73527203555806,25.0,357.61564768376235,-4.535272035558062
493.51594190508473,10.943704479126684,15.0,507.0596463842114,16.143704479126683
491.83508038910963,-14.080121409769703,0.0,472.8549589793399,-23.880121409769703
196.1321127068632,0.8278048591500635,25.0,204.55991756601327,16.027804859150063
454.6140033733233,-6.686685033982606,0.0,443.02731833934075,-16.486685033982607
388.3288762877327,1.2645363559202139,25.0,397.19341264365295,16.464536355920213
230.58048541187895,19.302372107113058,15.0,252.482857518992,24.502372107113057
323.52707841594787,12.250903070898488,0.0,330.87798148684635,2.4509030708984874
210.9613921816101,19.098590158722082,15.0,232.6599823403322,24.29859015872208
257.0826010074607,10.369599502587384,15.0,270.0522005100481,15.569599502587383
269.30805925495406,-4.2349932453219665,0.0,260.1730660096321,-14.034993245321967
460.85772758118816,2.4224592104718923,25.0,470.8801867916601,17.62245921047189
252.03827098408,10.44471302804006,15.0,265.08298401212005,15.644713028040059
358.53104919715526,4.329782796335806,15.0,365.46083199349107,9.529782796335805
289.2543973148354,-12.212241594101702,25.0,284.6421557207337,2.9877584058982976
215.1519339288843,2.658863143573683,15.0,220.41079707245797,7.858863143573682
330.2269478393991,10.56731902734002,25.0,348.39426686673914,25.76731902734002
388.9950411439551,11.24632180702546,0.0,395.3413629509806,1.446321807025459
108.90021995146786,18.37748829612113,0.0,122.37770824758898,8.577488296121128
458.53158351209885,-13.759481548116579,15.0,447.3721019639823,-8.55948154811658
323.59290009305386,6.866193110398527,15.0,333.0590932034524,12.066193110398526
156.44706207065167,6.667863724136556,0.0,158.21492579478823,-3.132136275863445
227.28499911880849,-17.10676331512902,25.0,217.77823580367945,-1.9067633151290195
277.86315239606824,6.464128671506767,0.0,279.42728106757505,-3.3358713284932335
484.33376939934783,5.465613849583924,15.0,492.39938324893177,10.665613849583924
255.7096411601872,14.095134451471012,15.0,272.40477561165824,19.29513445147101
349.9805614430831,6.711500023983437,25.0,364.29206146706656,21.911500023983436
449.62268521071127,17.83830426933506,15.0,470.0609894800464,23.03830426933506
267.8284453300191,-9.115795290993365,0.0,253.81265003902573,-18.915795290993366
378.5186676138705,-7.189088466123028,25.0,378.92957914774746,8.010911533876971
66.08539437767857,-15.448484345786134,0.0,45.736910031892435,-25.248484345786135
127.10272414376682,-17.63003904705236,0.0,104.57268509671445,-27.43003904705236
259.1343130161066,-16.05200343015596,25.0,250.68230958595063,-0.8520034301559605
227.57172746601495,14.069752346096465,0.0,236.7414798121114,4.269752346096464
484.6668798338842,-5.907297602948255,25.0,486.359582230936,9.292702397051745
303.91163633666196,-10.076022693472272,0.0,288.9356136431897,-19.876022693472272
303.9436546246913,6.974192142201751,15.0,313.51784676689306,12.17419214220175
115.98515905576909,-0.20839674031026334,25.0,123.37676231545882,14.991603259689736
392.012485453356,13.469570706279214,15.0,408.0820561596353,18.669570706279213
126.5140335429833,-9.552651988686844,25.0,124.56138155429645,5.647348011313156
460.9649237407229,-3.689334760941591,25.0,464.87558897978136,11.510665239058408
267.453574263369,0.7195881285306314,0.0,263.27316239189963,-9.08041187146937
76.35064908366788,10.973813866634103,25.0,94.92446295030197,26.173813866634102
475.26504900150826,19.495448481237354,15.0,497.36049748274564,24.695448481237353
432.2078834060547,3.6366897808395002,0.0,430.9445731868942,-6.1633102191605005
75.23477894495508,10.99704761325043,15.0,88.8318265582055,16.19704761325043
442.5530043301405,2.0411960355516925,15.0,447.1942003656922,7.241196035551692
357.6804192141434,14.769070326125998,25.0,380.0494895402694,29.969070326125998
199.03497186461846,8.883909920249714,25.0,215.51888178486817,24.083909920249713
248.0805379359374,-19.245744445898435,25.0,236.43479349003897,-4.0457444458984355
494.3448679640681,9.420262553753279,15.0,506.3651305178214,14.620262553753278
260.4988133946607,-19.52276912830878,25.0,248.57604426635194,-4.3227691283087815
126.63251634141311,13.749382854506138,0.0,135.48189919591923,3.949382854506137
251.12981472482446,-5.805641430457076,25.0,252.92417329436736,9.394358569542923
478.5892758165643,-2.152824474197594,15.0,479.0364513423667,3.0471755258024054
402.98033620554037,-9.747526792349097,0.0,388.3328094131913,-19.547526792349096
401.8835273181333,-8.361077129491168,25.0,401.1224501886422,6.838922870508831
262.37422021760574,6.1420603885637775,15.0,271.11628060616954,11.342060388563777
107.18414912810988,11.115028273136943,0.0,113.39917740124682,1.3150282731369423
308.48136372020144,-14.260945965060738,15.0,296.82041775514074,-9.06094596506074
60.48394116744541,19.819301905543753,15.0,82.90324307298916,25.019301905543752
485.1479880464259,-0.05197621900559568,25.0,492.6960118274203,15.148023780994404
364.46412926486386,9.53225097044681,25.0,381.5963802353107,24.73225097044681
364.72838240177947,-5.5488890017312755,15.0,361.77949340004824,-0.34888900173127624
419.52406434433476,-10.301781994333755,15.0,411.82228235000105,-5.101781994333756
204.2265590788999,-0.29952091322345,0.0,199.02703816567643,-10.09952091322345
237.62327437722408,-9.831577319968865,25.0,235.39169705725521,5.368422680031134
403.0274630477144,16.52464794615628,15.0,422.1521109938707,21.724647946156278
59.845847249739464,-17.996115562790894,0.0,36.949731686948574,-27.796115562790895
109.37895381283477,7.965314288515675,25.0,124.94426810135043,23.165314288515674
296.03597742077534,-2.9335414212381963,15.0,295.70243599953716,2.266458578761803
485.5313999399081,-7.187594461398286,0.0,473.44380547850983,-16.987594461398288
274.4236086301677,16.975754402064773,0.0,286.49936303223245,7.175754402064772
371.3434802610441,-3.3885270840515886,0.0,363.0549531769925,-13.18852708405159
311.67809151101517,9.626817466720322,25.0,328.9049089777355,24.82681746672032
138.10417913773264,-19.163427138978335,25.0,126.5407519987543,-3.9634271389783358
100.6127805603461,14.453908128679267,0.0,110.16668868902536,4.653908128679266
310.8357787199336,-16.926408433308797,0.0,289.00937028662486,-26.726408433308798
168.69529499581608,2.6061663674451765,15.0,173.90146136326126,7.806166367445176
248.86681164598653,-11.975185496997987,0.0,231.99162614898853,-21.775185496997988
207.18294017310382,-18.085657305332575,25.0,196.69728286777124,-2.8856573053325754
116.43560502752305,-0.28504610396937835,0.0,111.25055892355367,-10.085046103969379
191.30428665844644,-7.409170411135664,0.0,178.99511624731076,-17.209170411135666
193.7222747231308,-12.573229199006107,15.0,183.74904552412468,-7.373229199006108
270.1113828599938,-13.594983583430192,15.0,259.11639927656364,-8.394983583430193
395.2888383937628,5.926411477249562,0.0,396.3152498710124,-3.8735885227504383
290.2965928197423,-8.051476365863177,15.0,284.84511645387914,-2.851476365863178
210.38803724887072,-15.53941029190106,25.0,202.44862695696966,-0.33941029190106065
423.2479809077696,14.71302059240805,25.0,445.56100150017767,29.91302059240805
185.25842760300716,-19.6956126778924,15.0,168.16281492511476,-14.4956126778924
149.80410698865143,-14.064600002581575,15.0,138.33950698606984,-8.864600002581575
56.98505744867566,-13.027198496759475,0.0,39.05785895191619,-22.827198496759475
471.680568496831,-18.790281114776214,25.0,460.49028738205476,-3.5902811147762144
222.82532249568553,14.621841314120338,25.0,245.04716380980585,29.821841314120338
474.852658960971,-5.282440088620151,0.0,464.67021887235086,-15.082440088620151
386.8366634291829,-6.3122584204375,15.0,383.12440500874544,-1.1122584204375006
59.585470102381215,6.753276700522598,25.0,73.93874680290381,21.953276700522597
468.3261192638215,-18.65438580892501,15.0,452.27173345489655,-13.45438580892501
291.52650144292784,14.889171339239326,15.0,309.0156727821672,20.089171339239325
80.92293795356535,-7.297134413495305,25.0,81.22580354007005,7.902865586504694
357.33733030417267,-14.493650394509476,0.0,337.9436799096632,-24.293650394509477
128.00040812713797,19.046240039731266,25.0,154.64664816686923,34.24624003973126
279.4148065323118,-0.8967609277598321,0.0,273.618045604552,-10.696760927759833
238.95711329271674,5.670052881731188,25.0,252.22716617444792,20.870052881731187
286.3064988385812,-13.359647109476906,25.0,280.54685172910433,1.8403528905230928
262.6185072992801,-1.7731737799250666,25.0,268.4453335193551,13.426826220074933
389.11078542009676,10.666895549946403,25.0,407.3776809700432,25.866895549946403
489.551805531496,17.7615963523644,15.0,509.9134018838604,22.9615963523644
216.21929747269343,6.759509819132859,0.0,218.07880729182628,-3.040490180867142
419.8467942894935,15.362649854147278,0.0,430.3094441436408,5.562649854147278
427.4430292539311,15.726507200829161,0.0,438.2695364547603,5.92650720082916
147.92374907432202,14.849816179203302,15.0,165.3735652535253,20.0498161792033
208.44197381871356,17.335749554555818,0.0,220.8777233732694,7.535749554555817
401.3023376072729,-5.616197065288864,0.0,390.786140541984,-15.416197065288864
132.38118438082995,-6.397288158472435,15.0,128.5838962223575,-1.1972881584724355
109.53259431286409,-0.906068791434052,0.0,103.72652552143003,-10.706068791434053
298.75288463729515,17.099059003577658,0.0,310.95194364087286,7.299059003577657
371.0018185116451,12.747819164636425,15.0,386.3496376762816,17.947819164636424
239.01548776157256,-3.238382179018174,0.0,230.87710558255438,-13.038382179018175
476.6266672017124,9.276859478235188,0.0,481.0035266799476,-0.5231405217648124
442.43920323053453,-2.8207923045687444,15.0,442.2184109259658,2.379207695431255
363.5158642364903,-9.836731875173959,15.0,356.2791323613164,-4.636731875173959
490.4013160343988,3.195566367454088,25.0,501.1968824018529,18.395566367454087
354.06439733863306,-16.152676891160063,25.0,345.511720447473,-0.9526768911600634
259.81298848739743,-6.751267568681158,0.0,248.16172091871627,-16.55126756868116
409.16462568183965,-13.344909032573922,25.0,403.41971664926575,1.8550909674260776
495.67161604543304,-10.545987315560833,0.0,480.22562872987226,-20.345987315560834
136.8581556978471,13.313878992095198,25.0,157.7720346899423,28.513878992095197
171.908567774216,13.390111561948132,15.0,187.89867933616412,18.59011156194813
197.66478874598778,-14.742529829596421,25.0,190.52225891639134,0.4574701704035782
283.2387185124907,15.215135920689242,25.0,306.05385443318,30.41513592068924
212.40682541467626,1.1118716110869933,15.0,216.11869702576325,6.311871611086993
101.81157103883126,3.977207311176876,0.0,100.88877835000812,-5.8227926888231245
147.19718112677583,11.50965043783886,15.0,161.3068315646147,16.70965043783886
252.95654543062548,-12.56223746754458,0.0,235.4943079630809,-22.36223746754458
288.7677800898662,18.140715273037593,25.0,314.50849536290383,33.34071527303759
127.75281294477188,15.464452874716876,15.0,145.81726581948874,20.664452874716876
445.21074796093967,12.654556956323063,25.0,465.46530491726276,27.854556956323062
409.9645886379097,14.45887031439775,15.0,427.02345895230746,19.65887031439775
106.03921443913457,-8.786282170030727,25.0,104.85293226910383,6.413717829969272
434.66951386474267,3.382227166582254,15.0,440.65174103132495,8.582227166582253
64.58068235938664,-1.9398806058858753,15.0,65.24080175350076,3.260119394114124
101.43697610257236,-17.002526486269083,25.0,92.03444961630328,-1.802526486269084
136.83752837158377,15.105279613366697,15.0,154.54280798495046,20.305279613366697
289.3901986809108,-13.95441710192821,15.0,278.03578157898266,-8.75441710192821
171.44796183461452,-10.173012560446084,15.0,163.87494927416842,-4.973012560446085
244.52804774351605,5.278843807763195,15.0,252.40689155127924,10.478843807763194
63.87825468430993,16.479100232201603,0.0,75.45735491651152,6.679100232201602
435.7382205320023,18.765401099698117,25.0,462.10362163170043,33.96540109969811
204.77585769465153,-3.255073448516317,15.0,204.1207842461352,1.9449265514836824
466.6030870212024,-4.066508983834796,15.0,465.1365780373676,1.1334910161652036
208.57183702406363,-4.5186693571996095,15.0,206.65316766686402,0.6813306428003898
87.18049959434032,14.269656041602524,25.0,109.05015563594284,29.469656041602523
441.3514044341108,12.19795458940964,0.0,448.64935902352045,2.3979545894096397
182.04377722621058,-18.84792027347701,15.0,165.79585695273357,-13.647920273477009
221.40133703459347,-5.960387472632878,25.0,223.0409495619606,9.239612527367122
134.74225647708607,7.170013102032883,0.0,137.01226957911896,-2.629986897967118
143.84480755456215,3.1320803188327417,15.0,149.5768878733949,8.332080318832741
464.5173898774812,-0.5795613495522609,25.0,471.537828527929,14.620438650447738
428.93472098292483,14.121853055458729,25.0,450.6565740383836,29.321853055458728
470.252886126554,-11.48625387468243,15.0,461.36663225187164,-6.28625387468243
456.3902098226844,-8.299905223036838,25.0,455.6903045996476,6.9000947769631615
350.46577333064084,-16.601826867736868,0.0,328.963946462904,-26.40182686773687
297.30136775066654,5.28552048474323,0.0,297.6868882354098,-4.51447951525677
147.05024385533727,-10.968917729667925,25.0,143.68132612566933,4.231082270332074
373.80892051044174,1.411879207958755,0.0,370.3207997184005,-8.388120792041246
215.56372907337078,13.14652184714567,0.0,223.81025092051644,3.34652184714567
427.38719983488124,12.532853263453461,0.0,435.02005309833476,2.7328532634534604
202.85670383682412,7.32182558025217,25.0,217.7785294170763,22.52182558025217
495.74566198343206,-0.3145150388079223,15.0,498.03114694462414,4.885484961192077
140.0582146389347,18.420671556176607,15.0,161.0788861951113,23.620671556176607
387.7914821513703,5.798142162854106,15.0,396.18962431422443,10.998142162854105
352.9179587769881,-9.473756574354212,25.0,351.04420220263387,5.726243425645787
66.0118619699489,4.170759428724075,0.0,65.28262139867297,-5.6292405712759255
296.6656435055662,15.960195238155436,25.0,320.2258387437217,31.160195238155435
72.80932823155533,7.351075404665654,0.0,75.26040363622097,-2.448924595334347
84.10960003698173,14.630661108688145,0.0,93.84026114566987,4.830661108688144
82.96788320401087,-14.900138945407978,25.0,75.6677442586029,0.2998610545920215
85.76981731963689,14.944003548058419,0.0,95.8138208676953,5.144003548058418
465.09570154368436,-19.91440438149754,15.0,447.78129716218683,-14.714404381497541
493.6627828124586,6.291291923977845,25.0,507.55407473643646,21.491291923977844
107.48692084724925,8.09887139031553,0.0,110.68579223756478,-1.7011286096844707
245.38158700980003,1.229535847628263,15.0,249.21112285742828,6.429535847628262
148.396119855265,-13.525716229169827,15.0,137.47040362609516,-8.325716229169828
310.06914766270677,-16.90111647223024,25.0,300.76803119047656,-1.7011164722302397
153.79820326046456,-5.586399724878248,15.0,150.8118035355863,-0.3863997248782489
431.35333657874133,11.972935051500215,0.0,438.42627163024156,2.1729350515002146
151.6759511569922,8.877745142635987,15.0,163.1536962996282,14.077745142635987
315.6701078123973,-18.117483156217624,25.0,305.1526246561797,-2.9174831562176244
386.5149422356162,-6.665173868788932,15.0,382.4497683668273,-1.4651738687889324
469.28244512099093,-19.02802249972683,15.0,452.8544226212641,-13.828022499726831
365.66117758297935,-2.6872009421341367,15.0,365.5739766408452,2.5127990578658626
444.7072219606752,0.5007870500966227,15.0,447.80800901077185,5.700787050096622
413.1082421473213,18.397126948239865,25.0,439.1053690955612,33.59712694823986
350.8171760864195,13.516406716770184,0.0,359.4335828031897,3.7164067167701837
223.07148631028602,6.6333269739065415,15.0,232.30481328419256,11.83332697390654
475.97761684788594,-4.783645546593721,0.0,466.29397130129223,-14.583645546593722
244.77826160514354,17.98269498759999,0.0,257.86095659274355,8.18269498759999
146.39542780314122,0.9186046540716859,0.0,142.4140324572129,-8.881395345928315
96.696595329327,19.2491780206483,0.0,111.04577334997529,9.4491780206483
313.54664830468766,-6.619821181336402,0.0,302.02682712335127,-16.419821181336403
311.7949434509087,-16.852516409800774,15.0,297.54242704110794,-11.652516409800775
138.71115042613934,19.296400888288765,15.0,160.6075513144281,24.496400888288765
120.06838337692096,9.931299294345383,15.0,132.59968267126635,15.131299294345382
231.97297720291752,10.682222389479335,15.0,245.25519959239685,15.882222389479335
309.41767001768346,15.885348081832731,0.0,320.4030180995162,6.085348081832731
211.42146992687162,14.479215912281745,25.0,233.50068583915336,29.679215912281744
497.25778243903164,15.33587265677832,15.0,515.19365509581,20.53587265677832
137.92583231173276,-12.236814942010671,25.0,133.2890173697221,2.963185057989328
93.60839159857397,15.31923379598301,25.0,116.52762539455698,30.51923379598301
137.09777600019413,13.71237039130682,15.0,153.41014639150094,18.91237039130682
163.97529773155077,19.715938490078813,15.0,186.2912362216296,24.915938490078812
161.90642144571163,13.486348710525327,15.0,177.99277015623696,18.686348710525326
174.4144755899996,16.021700140922775,25.0,198.03617573092237,31.221700140922774
151.29362573501646,2.6055900083398242,25.0,161.49921574335627,17.805590008339824
490.9558134100576,-10.331946525613853,15.0,483.2238668844438,-5.131946525613854
88.74250271036973,19.16530204266339,0.0,103.00780475303313,9.36530204266339
73.00505562525063,16.29677747006272,25.0,96.90183309531335,31.49677747006272
260.7879320519922,-2.0845697110158348,0.0,253.80336234097635,-11.884569711015835
334.3643800724978,3.730623981647554,25.0,345.6950040541454,18.930623981647553
237.8904106537202,17.53959985983206,0.0,250.53001051355227,7.739599859832058
151.36486298848416,19.77303074776735,0.0,166.2378937362515,9.97303074776735
314.86315199141217,11.73765123625071,25.0,334.2008032276629,26.93765123625071
357.90058516391974,-3.564025018896089,0.0,349.4365601450237,-13.36402501889609
96.38826302122709,-19.360791233554956,15.0,79.62747178767214,-14.160791233554956
469.6634672141587,16.224299706586564,25.0,493.4877669207453,31.424299706586563
481.5063114603177,-6.1069529020980795,15.0,477.9993585582196,-0.9069529020980802
294.7111601375135,4.07975667909211,25.0,306.3909168166056,19.27975667909211
239.46988573794104,-4.583224422591545,25.0,242.4866613153495,10.616775577408454
319.5056255434971,-16.756103055494464,0.0,297.84952248800266,-26.556103055494464
52.47277109190338,-5.567277129555412,25.0,54.50549396234797,9.632722870444587
276.44645682232783,-4.368617176212183,15.0,274.6778396461157,0.8313828237878162
282.5007486384676,-12.227338036768227,15.0,272.8734106016994,-7.027338036768228
100.43668650960355,-5.8459140743658935,25.0,102.19077243523765,9.354085925634106
270.400260699495,-4.991370285982892,15.0,268.0088904135121,0.20862971401710695
308.6603215364877,-19.54204773565969,25.0,296.718273800828,-4.3420477356596905
104.15269977605973,1.7000583823224957,15.0,108.45275815838222,6.900058382322495
242.82675254806696,-0.44077765772502175,15.0,244.98597489034194,4.7592223422749775
392.2519870442383,-19.363689773714476,15.0,375.48829727052384,-14.163689773714477
95.40999726090189,-18.177059095863058,25.0,84.83293816503883,-2.9770590958630585
206.2394244221339,10.790541222304984,15.0,219.6299656444389,15.990541222304984
62.61140491040124,5.221310863845439,15.0,70.43271577424667,10.421310863845438
345.23769274653705,17.025511162504607,0.0,357.36320390904166,7.225511162504606
480.922044758693,-10.600874206777755,0.0,465.4211705519153,-20.400874206777758
195.0828606242574,-9.881254004374803,0.0,180.3016066198826,-19.681254004374804
86.98724161152069,-17.92147000396964,0.0,64.16577160755104,-27.721470003969642
222.39355935603658,12.828544616999764,0.0,230.32210397303632,3.0285446169997634
54.59870520845178,14.681371975103971,25.0,76.88007718355576,29.88137197510397
164.88043681494062,17.666656724052736,15.0,185.14709353899335,22.866656724052735
226.92308277629954,-4.9225978885242725,25.0,229.60048488777525,10.277402111475727
68.23190430092527,7.0228598106510844,15.0,77.85476411157634,12.222859810651084
385.32983398395584,-17.874126726356224,25.0,375.05570725759964,-2.6741267263562243
290.416380020564,-15.001080820754552,0.0,270.5152991998095,-24.801080820754553
77.22232262341227,-14.624401210973033,15.0,65.19792141243923,-9.424401210973034
414.91384600145676,16.664837276089848,25.0,439.1786832775466,31.864837276089848
426.21498749262395,13.225208705224524,25.0,447.0401961978485,28.425208705224524
185.67963589350407,18.512786166065645,15.0,206.7924220595697,23.712786166065644
492.6947832879516,-19.394444620703226,15.0,475.90033866724843,-14.194444620703226
261.26441478699223,7.265621453820561,15.0,271.13003624081284,12.46562145382056
249.20480039018534,-2.933801089396347,25.0,253.87099930078898,12.266198910603652
88.92324564536919,-8.128696202724374,25.0,88.39454944264482,7.071303797275625
392.51351423145866,7.09075239980422,15.0,402.2042666312629,12.29075239980422
256.20982565251205,-13.574184516430542,0.0,237.7356411360815,-23.374184516430542
256.3616234772719,-19.30128792251204,0.0,232.16033555475985,-29.10128792251204
261.0226879135811,16.1624622400614,15.0,279.7851501536425,21.3624622400614
318.5227900759633,1.1971109205416894,25.0,327.319900996505,16.39711092054169
262.6981075194166,4.42016744840215,25.0,274.7182749678188,19.62016744840215
280.8310748265411,-0.9922941251861985,0.0,274.9387807013549,-10.7922941251862
381.7316260363785,-12.170898475445817,25.0,377.1607275609327,3.029101524554182
484.6320666398056,8.682571944508922,0.0,488.41463858431456,-1.1174280554910787
471.63302597725874,3.9523704922662226,0.0,470.68539646952496,-5.847629507733778
255.456151378046,19.502855860183118,15.0,277.5590072382291,24.702855860183117
179.94515405212817,-18.013636268331332,15.0,164.53151778379683,-12.813636268331333
62.77658690020245,18.729308109171896,25.0,89.10589500937434,33.9293081091719
363.0840193852401,-2.808525141087536,0.0,355.37549424415255,-12.608525141087537
80.33899542374245,-12.886017483067484,15.0,70.05297794067496,-7.686017483067484
80.16392837910371,-3.177462054440781,15.0,79.58646632466292,2.0225379455592183
413.6982070029349,-2.6588657079148916,25.0,418.63934129502,12.541134292085108
385.130552669937,1.500678839096203,0.0,381.73123150903325,-8.299321160903798
120.57586681648571,-3.1456409752863337,25.0,125.03022584119938,12.054359024713666
304.54569674978814,-6.107189880089901,25.0,306.03850686969827,9.092810119910098
491.7958214088052,-12.308147418864666,25.0,487.0876739899405,2.8918525811353337
183.9330167633415,-6.981377615835251,0.0,172.05163914750625,-16.781377615835254
467.7388195009286,-13.349029014101763,15.0,456.9897904868269,-8.149029014101764
419.9989187495686,3.6792850270719697,15.0,426.27820377664057,8.879285027071969
372.7796827211263,0.26609959388714444,25.0,380.64578231501343,15.466099593887144
202.8984502042519,-8.80866734227316,25.0,201.68978286197873,6.391332657726839
80.20681576485705,-2.0340200137768214,15.0,80.77279575108022,3.165979986223178
69.46864757956877,-5.560286305090823,0.0,59.00836127447794,-15.360286305090824
409.7771855373221,-1.0521427486068902,25.0,416.3250427887152,14.14785725139311
211.81050930825572,-2.5682021668236956,0.0,204.34230714143203,-12.368202166823696
366.2484867407448,2.0470837370114303,0.0,363.3955704777562,-7.75291626298857
210.9227547730247,-12.673173992268554,0.0,193.34958078075616,-22.473173992268556
87.14635616491191,18.541557879764895,15.0,108.2879140446768,23.741557879764894
488.7897076398425,-14.089419795823837,25.0,482.30028784401867,1.1105802041761628
280.3829787934121,17.886432500962115,25.0,305.86941129437423,33.08643250096212
51.50340227063336,19.14679096729347,15.0,73.25019323792682,24.34679096729347
273.19352776725214,-0.26491941037884104,0.0,268.0286083568733,-10.064919410378842
260.25195821588653,-8.98013486288618,0.0,246.37182335300034,-18.78013486288618
313.222021301046,2.3197200748475844,15.0,318.1417413758936,7.519720074847584
146.88371842861196,6.325154880749668,0.0,148.30887330936162,-3.4748451192503325
86.337616276342,-17.200793717922025,15.0,71.73682255841997,-12.000793717922026
321.6954541791644,-16.2394497787515,15.0,308.0560044004129,-11.0394497787515
58.44827992825906,-14.685691532612326,25.0,51.36258839564674,0.5143084673876732
288.9491139714969,16.562167533217767,25.0,313.11128150471467,31.762167533217767
68.67350094398343,-13.979207247916223,15.0,57.29429369606721,-8.779207247916224
346.63200407452223,-8.143479261905174,0.0,333.5885248126171,-17.943479261905175
429.7000970017573,1.7657661534858384,25.0,439.06586315524316,16.965766153485838
279.1943889687395,1.8404407782632681,25.0,288.63482974700275,17.040440778263267
262.9519265739934,3.087371618191092,25.0,273.63929819218447,18.28737161819109
151.9488912978162,4.784068705625746,15.0,159.33296000344194,9.984068705625745
375.0363162403644,-16.65870864406432,15.0,360.9776075963001,-11.45870864406432
138.5768932107809,-10.748828382124373,15.0,130.42806482865652,-5.548828382124373
375.5447550072458,-19.268053795550326,25.0,363.8767012116955,-4.068053795550327
143.9089286838837,-12.584578706682148,25.0,138.92434997720153,2.6154212933178513
70.0683076057507,-16.131266621506594,0.0,49.03704098424411,-25.931266621506595
477.1506002671317,7.504654670323255,0.0,479.755254937455,-2.2953453296767456
283.9592542849732,-13.320818117226242,0.0,265.738436167747,-23.120818117226243
474.62134756108145,-15.292894675431086,15.0,461.92845288565036,-10.092894675431086
316.21989883222244,-5.2646406770663425,25.0,318.55525815515614,9.935359322933657
172.98376629923519,11.6487673460014,0.0,179.73253364523657,1.8487673460013987
228.15055786278535,-12.081748721184645,15.0,218.6688091416007,-6.881748721184646
347.8680723190888,-5.521793497727359,15.0,344.9462788213615,-0.3217934977273593
151.77381099464372,-19.45896157483611,0.0,127.41484941980761,-29.25896157483611
183.66160932884938,0.14810215579204566,15.0,186.4097114846414,5.348102155792045
448.3458569510773,-1.9506636394126495,15.0,448.99519331166465,3.2493363605873498
236.45819217377544,6.777235090580774,0.0,238.3354272643562,-3.0227649094192266
103.01873037927783,-7.606157831677214,25.0,103.01257254760061,7.5938421683227855
232.88945093676122,9.753101894438586,0.0,237.7425528311998,-0.04689810556141438
378.5182433933495,-11.532419813300558,15.0,369.58582358004895,-6.332419813300559
434.02983845967435,0.1367964426995556,0.0,429.26663490237394,-9.663203557300445
320.0141638843466,1.4285980000004912,0.0,316.5427618843471,-8.37140199999951
236.45671941171068,-14.27065498235299,25.0,229.78606442935768,0.9293450176470088
341.4837552104572,-7.817907053944474,25.0,341.2658481565128,7.382092946055526
277.95994944588847,-1.9629182810588333,15.0,278.5970311648297,3.237081718941166
299.3627384821483,-9.59461029335904,15.0,292.3681281887893,-4.39461029335904
223.79184337475448,-14.621171267894075,25.0,216.7706721068604,0.578828732105924
386.5155052787877,5.524064780299163,25.0,399.6395700590869,20.724064780299162
235.7434312387117,3.373385890981865,25.0,246.71681712969357,18.573385890981864
374.29715534307707,15.465493865095297,0.0,384.8626492081724,5.665493865095296
311.81903678124144,8.171628663539025,0.0,315.0906654447805,-1.628371336460976
253.9358073611831,-11.848433335465502,15.0,244.6873740257176,-6.648433335465503
136.71557271867107,8.405691522201582,15.0,147.72126424087264,13.605691522201582
130.93543653604786,-1.0661294106643808,0.0,124.96930712538347,-10.866129410664382
146.4236902454076,-2.8283005393693017,0.0,138.6953897060383,-12.628300539369302
256.5600383923663,-18.86271913417935,15.0,240.29731925818697,-13.662719134179351
276.1541555291412,19.11058670009551,15.0,297.8647422292367,24.31058670009551
273.31959011007916,15.545848518981103,0.0,283.96543862906026,5.745848518981102
471.64660334023193,-9.657561776035394,15.0,464.5890415641966,-4.457561776035394
478.13905744344373,1.8930865277099649,15.0,482.6321439711537,7.093086527709964
288.079993633353,-6.8807404918874315,0.0,276.2992531414656,-16.680740491887434
93.20413760356851,-13.63992629484704,0.0,74.66421130872146,-23.43992629484704
50.74347465467524,12.982535114917809,25.0,71.32600976959304,28.18253511491781
141.42713906790473,-18.943470684563472,25.0,130.08366838334126,-3.743470684563473
107.71886982170648,16.298469247773667,25.0,131.61733906948015,31.498469247773667
103.62079411973508,-10.817372064842186,25.0,100.40342205489289,4.382627935157814
90.73431876406286,11.794400772584517,0.0,97.62871953664737,1.994400772584516
381.4301432567353,13.69565812432554,0.0,390.2258013810608,3.8956581243255393
418.80451122395743,-13.318729812642584,25.0,413.0857814113149,1.8812701873574156
402.16825601734274,0.42219323614924065,0.0,397.69044925349203,-9.37780676385076
454.17999806285064,11.801183504899143,25.0,473.5811815677498,27.001183504899142
446.3670902123082,-15.118087358487195,0.0,426.34900285382105,-24.918087358487195
178.30755586777505,16.58146034125822,0.0,189.98901620903328,6.781460341258221
376.7745658934579,-8.841177718061441,0.0,363.0333881753965,-18.641177718061442
296.62855903222936,-8.259711761419766,15.0,290.96884727080965,-3.0597117614197664
326.57032125796576,12.98328590791725,25.0,347.15360716588305,28.18328590791725
81.91234464237442,-5.970082414636533,0.0,71.04226222773788,-15.770082414636533
142.63449655151607,7.273945263690109,15.0,152.50844181520617,12.473945263690108
248.75908087516785,2.1709392266154452,25.0,258.5300201017833,17.370939226615445
402.0146967838246,-19.48392344831462,0.0,377.63077333551,-29.28392344831462
463.06305578369876,-2.9384732882074083,0.0,455.22458249549135,-12.738473288207409
385.5184178742214,-16.583797952439248,25.0,376.5346199217822,-1.3837979524392487
225.6041935094935,-12.024708529953404,25.0,221.1794849795401,3.175291470046595
167.66677778373278,10.99489777408246,15.0,181.26167555781524,16.19489777408246
74.92267610279855,15.602828581330044,25.0,98.12550468412859,30.802828581330044
269.98511359286795,5.8617800017409,25.0,283.44689359460887,21.0617800017409
88.80773619625624,3.645936575598135,25.0,100.05367277185437,18.845936575598135
260.5961756540502,17.11936559873169,0.0,272.81554125278194,7.3193655987316895
101.91178683131486,6.812802723522182,15.0,111.32458955483703,12.012802723522181
110.8126964193651,3.365995916432965,25.0,121.77869233579806,18.565995916432964
100.6540127317035,13.008940484588408,15.0,116.2629532162919,18.208940484588407
322.94098559523206,2.256088801804772,0.0,320.29707439703685,-7.543911198195229
298.51387708260535,-10.44431305887115,15.0,290.6695640237342,-5.2443130588711515
111.71264098563074,-7.23210240346706,25.0,112.08053858216368,7.967897596532939
386.6849229638165,11.009696421665431,0.0,392.79461938548195,1.2096964216654307
87.57721789786393,15.29746919193304,15.0,105.47468708979696,20.49746919193304
252.20494190071162,-17.414928011573018,15.0,237.3900138891386,-12.214928011573019
386.73057008241545,-13.800241247676595,15.0,375.5303288347389,-8.600241247676596
198.5879429501002,-10.056603527316014,25.0,196.13133942278418,5.143396472683985
155.6107446785329,8.16095547843996,25.0,171.37170015697288,23.36095547843996
293.34412592078775,-17.33054965815826,15.0,278.6135762626295,-12.130549658158262
254.74689964455027,2.561035589421813,25.0,264.9079352339721,17.761035589421812
405.26609511098684,11.36534845161939,0.0,411.7314435626063,1.5653484516193892
101.4397203018664,-2.845889342983547,0.0,93.69383095888284,-12.645889342983548
119.10123390567894,15.686000733915918,25.0,142.38723463959485,30.886000733915917
298.78897131252666,-3.4304694327998035,0.0,290.4585018797269,-13.230469432799804
459.45968333934866,11.310490029335142,25.0,478.3701733686838,26.51049002933514
101.9623925502406,8.773696709838404,25.0,118.33608926007899,23.973696709838404
167.5078490235407,-16.353416272555833,0.0,146.25443275098488,-26.153416272555834
172.28652509109102,4.669368092555285,15.0,179.5558931836463,9.869368092555284
213.20690097210007,-2.6679193614615926,15.0,213.13898161063847,2.5320806385384067
385.4569790901415,-17.433470954752735,15.0,370.62350813538876,-12.233470954752736
291.812815180734,-9.550090645223808,0.0,277.3627245355102,-19.35009064522381
54.418506046655395,16.37907044299893,15.0,73.39757648965431,21.57907044299893
478.3950960261931,-15.372425157257501,0.0,458.1226708689356,-25.1724251572575
397.72023777623053,13.667506395642945,15.0,413.9877441718735,18.867506395642945
480.832146752883,8.601524014183187,25.0,497.0336707670662,23.801524014183187
425.85276829510707,15.584213869625124,25.0,449.0369821647322,30.784213869625123
61.09427176765561,2.16728706985997,0.0,58.36155883751558,-7.6327129301400305
255.83721444328444,5.183628718008681,15.0,263.6208431612931,10.38362871800868
81.5187215336906,-6.714274203211428,0.0,69.90444733047916,-16.51427420321143
454.0720504453871,-15.494638815340682,25.0,446.17741163004644,-0.2946388153406829
177.59688151144067,14.105146585914824,0.0,186.80202809735547,4.305146585914823
58.241478898766125,9.515063233136047,25.0,75.35654213190216,24.715063233136046
224.85480941663025,-11.56582907786885,15.0,215.8889803387614,-6.365829077868851
197.25499456561073,14.501928229213362,0.0,206.8569227948241,4.701928229213362
74.24071727434685,13.141469700148349,15.0,89.98218697449519,18.341469700148348
104.45771201764833,4.672417492384447,0.0,104.23012951003278,-5.1275825076155535
339.8923171602911,16.98569126682785,0.0,351.978008427119,7.185691266827849
204.70933286741842,-9.242276111061724,25.0,203.0670567563567,5.9577238889382755
344.560947442461,15.952725784827614,15.0,363.11367322728864,21.152725784827613
179.98974719320077,-12.875659814059413,15.0,169.71408737914135,-7.675659814059413
111.84616792502598,15.858508681835715,25.0,135.3046766068617,31.058508681835715
211.68652585401418,-0.9406816784110958,0.0,205.84584417560308,-10.740681678411097
62.009072145765245,8.353557162015758,0.0,65.462629307781,-1.4464428379842431
169.67118657861212,1.726675918388338,15.0,173.99786249700045,6.926675918388337
272.508392262479,-6.769831165187451,25.0,273.3385610972916,8.430168834812548
468.6136350021366,17.293483455119272,15.0,488.5071184572559,22.49348345511927
108.17519195355771,-0.08885045763167909,15.0,110.68634149592603,5.11114954236832
379.92508117748855,-3.0909190904283648,15.0,379.4341620870602,2.1090809095716345
117.01240204019915,-11.723590157691198,25.0,112.88881188250795,3.476409842308801
235.5562659995838,7.459208706548463,0.0,238.11547470613223,-2.340791293451538
109.63463565485264,-4.03128806025717,15.0,108.20334759459547,1.1687119397428294
194.4093308197451,1.2335937063715647,25.0,203.24292452611664,16.433593706371564
440.47424204543387,0.19758369949330046,25.0,448.2718257449272,15.3975836994933
230.41334191711428,18.194144110713793,25.0,256.2074860278281,33.394144110713796
314.0359786049331,6.164489136823427,15.0,322.80046774175656,11.364489136823426
269.98937166771486,3.142661982334573,25.0,280.73203365004946,18.342661982334572
310.8820599250864,17.89405010023588,25.0,336.3761100253223,33.094050100235876
66.68947212634144,18.983597930246255,15.0,88.2730700565877,24.183597930246254
89.18709985397062,14.751527390354362,25.0,111.53862724432497,29.95152739035436
308.3823031481852,18.591087934229712,15.0,329.57339108241496,23.79108793422971
175.95251590836529,5.717220852156018,0.0,176.76973676052128,-4.082779147843983
402.52834282482496,6.234672444831354,15.0,411.36301526965633,11.434672444831353
158.58498270518277,10.747576932412013,0.0,164.43255963759478,0.9475769324120122
493.62514808367587,11.914573727416759,15.0,508.13972181109267,17.114573727416758
435.3962288223778,6.4208631963706075,25.0,449.4170920187484,21.620863196370607
196.0121557685127,-10.139324860251978,25.0,193.47283090826073,5.060675139748021
257.2379641153243,-11.356031358170204,25.0,253.48193275715408,3.843968641829795
490.22750349035516,-12.882213431168621,25.0,484.94529005918656,2.3177865688313783
396.0068502005345,17.191713843951156,25.0,420.79856404448566,32.39171384395115
449.9708474446682,-18.975294992885562,25.0,438.5955524517827,-3.775294992885563
413.3816140333994,14.017538582579427,15.0,429.99915261597886,19.217538582579426
109.79228009206587,-4.786501300746998,25.0,112.60577879131887,10.413498699253001
168.60703618669862,11.736311224800534,15.0,182.94334741149916,16.936311224800534
166.0422805488198,2.000699754012281,25.0,175.6429803028321,17.20069975401228
232.2880370053432,19.25158903440424,15.0,254.13962603974744,24.45158903440424
57.58926129914752,3.9181237785112017,25.0,69.10738507765872,19.1181237785112
53.48992853413795,-14.446988921012247,0.0,34.142939613125705,-24.246988921012246
253.6864960277814,-1.4490762014555685,25.0,259.83741982632586,13.75092379854443
138.00698005443206,7.974037035372085,25.0,153.58101708980413,23.174037035372084
94.94313789624144,-8.489883335269926,15.0,89.05325456097151,-3.289883335269927
219.48969588623038,-10.510009931306383,0.0,204.079685954924,-20.310009931306382
309.71137844856327,-9.67371319471832,0.0,295.13766525384494,-19.47371319471832
103.92708033738371,-10.482680581484654,25.0,101.04439975589905,4.717319418515345
303.4209173914365,1.532877561333983,0.0,300.0537949527705,-8.267122438666018
379.7887449225503,-9.167264557601564,25.0,378.2214803649487,6.032735442398435
130.67204724475948,12.900006756724899,25.0,151.17205400148438,28.1000067567249
196.17535183690956,9.304317982202331,0.0,200.57966981911187,-0.4956820177976695
201.6169831835161,-3.2777967353452055,25.0,205.9391864481709,11.922203264654794
149.54911423622167,12.782649765145251,25.0,169.93176400136693,27.98264976514525
240.90212080534076,7.996354371641768,25.0,256.49847517698254,23.196354371641768
295.0472799931675,3.257492315710209,25.0,305.9047723088777,18.45749231571021
131.3169054483617,18.99494675129248,25.0,157.91185219965416,34.19494675129248
412.87096137656255,14.251730596337843,25.0,434.7226919729004,29.451730596337843
114.1227778971612,-7.161757650428143,0.0,102.06102024673305,-16.961757650428144
243.60295591816,3.39439290750796,25.0,254.59734882566795,18.59439290750796
271.3603472344673,15.192340897193219,15.0,289.15268813166057,20.39234089719322
67.86610583472726,18.323999022382253,0.0,81.29010485710951,8.523999022382252
351.9858977475524,-9.280227833230628,0.0,337.80566991432175,-19.08022783323063
151.3739664310238,-10.556019185121869,15.0,143.41794724590193,-5.35601918512187
281.77961472443207,19.813822314187178,15.0,304.19343703861927,25.013822314187177
332.0521798618683,19.802491089574914,15.0,354.45467095144323,25.002491089574914
299.82264570142604,-9.841190052408933,25.0,297.58145564901713,5.358809947591066
68.98127449817564,6.8188542543542425,15.0,78.40012875252987,12.018854254354242
306.1197541254924,18.76416643121815,25.0,332.4839205567106,33.964166431218146
113.97506493898504,-15.333352837077673,25.0,106.24171210190737,-0.13335283707767331
184.6997703963283,-19.849949445564032,25.0,172.44982095076426,-4.649949445564033
445.3823344839935,19.101662976785974,15.0,467.08399746077947,24.301662976785973
130.08193252133879,-13.615745660918108,0.0,111.56618686042067,-23.41574566091811
323.7245544881456,18.566388078959804,0.0,337.3909425671054,8.766388078959803
359.74877836621056,11.736905301704475,0.0,366.5856836679151,1.9369053017044742
234.57312931142337,13.111062995828789,25.0,255.28419230725214,28.311062995828788
205.70806859479782,1.4250639556291098,15.0,209.73313255042692,6.625063955629109
215.2031799350596,0.5152482506578906,25.0,223.3184281857175,15.71524825065789
426.5393335729627,-2.6178241052047895,0.0,419.02150946775794,-12.41782410520479
132.56428429899992,-11.674572019573244,25.0,128.48971227942667,3.5254279804267554
88.24099681616582,-2.6517741075893078,25.0,93.18922270857651,12.548225892410692
408.8172496846148,-1.422176895702897,25.0,414.99507278891195,13.777823104297102
447.928568487455,12.7363803569066,25.0,468.2649488443616,27.9363803569066
478.83221835636056,9.958030774286087,25.0,496.3902491306467,25.158030774286086
301.0596322301926,-5.063796371388314,25.0,303.5958358588043,10.136203628611685
138.5379820223295,-15.78004636602861,25.0,130.35793565630087,-0.5800463660286113
109.70381150029326,3.650094887848727,25.0,120.95390638814197,18.850094887848726
357.3090463453648,-16.303030189879486,25.0,348.6060161554853,-1.1030301898794868
66.11876816936675,-0.4423647724881974,0.0,60.77640339687856,-10.242364772488198
141.81439509142683,-13.229681994400892,25.0,136.18471309702593,1.9703180055991076
419.58260715542576,-4.039175571233834,25.0,423.14343158419194,11.160824428766166
436.09055644406584,-16.55509952020163,25.0,427.13545692386424,-1.3550995202016303
367.4690787760892,-12.051301888721945,0.0,350.5177768873673,-21.851301888721945
434.7544037367141,3.8653205705854035,25.0,446.21972430729954,19.065320570585403
136.09146734328792,-12.994166185460966,0.0,118.19730115782694,-22.794166185460966
217.79543435761917,-16.52324783430582,0.0,196.37218652331333,-26.32324783430582
401.01797544260046,19.08034334143813,15.0,422.69831878403863,24.28034334143813
256.7238266788337,-13.74052588973274,0.0,238.08330078910095,-23.54052588973274
80.53361227002776,16.460904567663107,0.0,92.09451683769086,6.660904567663106
469.33972779416416,-14.484737910378351,15.0,457.45498988378586,-9.284737910378352
261.2606592408083,16.531204233986173,0.0,272.8918634747945,6.731204233986173
379.2940181982189,-15.074555249435782,15.0,366.81946294878315,-9.874555249435783
91.10796168045009,9.506066333665146,0.0,95.71402801411523,-0.29393366633485485
126.01004184900123,-13.230995726181725,15.0,115.37904612281949,-8.030995726181725
329.5478088029602,-2.646317757927939,15.0,329.5014910450323,2.5536822420720604
123.13127076833594,2.68783601059193,25.0,133.41910677892787,17.88783601059193
420.03706559179733,-12.513430391240817,15.0,410.1236352005565,-7.313430391240818
345.9687481994465,3.5269657736822566,15.0,352.0957139731288,8.726965773682256
217.75311125342918,15.262942574401961,25.0,240.61605382783114,30.46294257440196
72.87922989677593,-16.726152942266953,0.0,51.25307695450898,-26.526152942266954
476.7158617390649,18.074135323800206,25.0,502.3899970628651,33.27413532380021
359.7003710192707,11.694990177119525,15.0,373.9953611963902,16.894990177119524
478.0268875498289,10.404233110090999,25.0,496.03112065991996,25.604233110091
69.69043668589404,-17.13615230317709,25.0,60.15428438271695,-1.9361523031770922
288.8749028499943,10.20539445391266,25.0,306.680297303907,25.40539445391266
265.0055281701616,-18.13184995245104,25.0,254.47367821771056,-2.931849952451042
486.3098312325927,-13.992406628458237,15.0,474.9174246041345,-8.792406628458238
324.02570007428375,1.9785805004113328,25.0,333.6042805746951,17.178580500411332
409.57871216292966,-10.783687080234996,15.0,401.3950250826947,-5.583687080234997
171.795269356861,19.675745105376244,25.0,199.07101446223726,34.87574510537624
470.8575487343425,16.192293948242394,25.0,494.6498426825849,31.392293948242393
292.2499215309775,4.391133014096312,15.0,299.2410545450738,9.591133014096311
219.5842323273829,-8.415009515765316,15.0,213.76922281161757,-3.215009515765317
247.7156654705138,-9.45637155315378,25.0,245.85929391736002,5.74362844684622
451.6421328487142,14.562194378142202,25.0,473.8043272268564,29.7621943781422
371.653193743522,-8.079788028653825,25.0,371.17340571486824,7.1202119713461745
271.30193507960996,12.730379240478143,15.0,286.63231432008814,17.930379240478143
374.5183007587138,-19.868264018937076,25.0,362.25003673977676,-4.6682640189370765
442.5387351551344,-1.3842431943940134,0.0,436.25449196074044,-11.184243194394014
178.82225378552107,-12.791839207628769,0.0,161.1304145778923,-22.59183920762877
307.68817586035675,-6.6799713722970075,15.0,303.60820448805976,-1.4799713722970083
183.36436799653325,9.106669836854774,0.0,187.571037833388,-0.6933301631452267
352.5950713767715,-17.85509975296746,15.0,337.33997162380405,-12.655099752967462
335.0320035014795,4.8443043881487355,15.0,342.47630788962823,10.044304388148735
270.9321416624342,8.1416727870742,0.0,274.1738144495084,-1.6583272129258013
75.15069804796542,-7.8995241913765035,15.0,69.85117385658891,-2.6995241913765042
74.59003461909407,-14.27973373676403,15.0,62.91030088233004,-9.07973373676403
62.240964800874494,18.022622423525036,15.0,82.86358722439952,23.222622423525035
98.87735150934068,-12.904190847817127,15.0,88.57316066152356,-7.704190847817127
156.93966300697366,14.365384425543382,0.0,166.40504743251702,4.565384425543382
79.6918633351258,-14.772434336894943,0.0,60.01942899823086,-24.572434336894943
126.33776908100768,-8.97431022636824,15.0,119.96345885463943,-3.7743102263682413
300.36664336727824,-2.9259466083522376,25.0,305.040696758926,12.274053391647762
230.85206407102177,-19.15276035084109,0.0,206.7993037201807,-28.95276035084109
112.15072201493783,-14.226373858666088,0.0,93.02434815627173,-24.02637385866609
328.2935794469345,0.44746310934950273,15.0,331.341042556284,5.647463109349502
192.10561155918154,16.855668963442334,25.0,216.56128052262386,32.05566896344233
499.19889236025426,5.360700389580831,0.0,499.6595927498351,-4.4392996104191695
178.76725361878167,-17.229337335388525,0.0,156.63791628339314,-27.029337335388526
223.40232459234824,9.840114750554353,15.0,235.8424393429026,15.040114750554352
205.23710528105556,-16.844903458853686,25.0,195.99220182220188,-1.6449034588536868
246.7866512557028,10.37832830846224,0.0,252.26497956416503,0.5783283084622397
367.2113821740272,-4.170525971302968,25.0,370.64085620272425,11.029474028697031
194.15751915298557,-11.667662131039442,15.0,185.08985702194613,-6.467662131039443
249.0308686421323,15.517190194610713,0.0,259.648058836743,5.717190194610712
250.65732467794808,19.738647415724998,0.0,265.4959720936731,9.938647415724997
206.5584631966256,-2.937119534697171,0.0,198.72134366192844,-12.737119534697172
103.90051161144629,19.623985903553887,25.0,131.12449751500017,34.82398590355389
130.65250024775565,-7.365485470147952,0.0,118.3870147776077,-17.165485470147953
172.56845373301616,14.227734014174047,0.0,181.8961877471902,4.427734014174046
358.9317959926503,13.509063038146522,0.0,367.5408590307968,3.709063038146521
466.8662709704667,7.046382811270917,25.0,481.51265378173764,22.246382811270916
293.8658025586842,-9.337425590477864,15.0,287.12837696820634,-4.137425590477864
162.48973771323188,10.498198815046432,0.0,168.0879365282783,0.6981988150464318
142.27173053739884,15.094927189976815,0.0,152.46665772737563,5.294927189976814
344.0843695693104,3.106326450427815,25.0,354.7906960197382,18.306326450427814
285.6952720517598,-10.91602424433255,15.0,277.37924780742725,-5.7160242443325515
143.22448042584583,9.355227985885428,25.0,160.17970841173124,24.555227985885427
209.69848323981776,1.4106474013927652,15.0,213.70913064121052,6.6106474013927645
343.55723081139854,-7.245400289409641,25.0,343.9118305219889,7.954599710590358
495.77465191373284,15.654016239662106,25.0,519.028668153395,30.854016239662105
379.5810096926044,12.191780740366902,15.0,394.3727904329713,17.3917807403669
131.23546543631352,6.215003584131189,15.0,140.0504690204447,11.415003584131188
292.0719049114671,19.267389450624435,25.0,318.9392943620915,34.46738945062444
161.41221183598793,6.585410146621392,15.0,170.59762198260933,11.785410146621391
192.06642783227372,-3.1500740189782235,15.0,191.5163538132955,2.049925981021776
355.27627162531934,3.146448392045386,25.0,366.02272001736475,18.346448392045385
92.90679029927313,-13.139510756026178,25.0,87.36727954324694,2.060489243973821
410.1797902926387,-12.769409104345083,15.0,400.01038118829365,-7.569409104345084
227.28683509252446,10.279974602773176,0.0,232.66680969529762,0.4799746027731757
240.50235631852604,-5.4184351808885935,15.0,237.68392113763744,-0.21843518088859426
482.2964099843493,16.037903162568227,0.0,493.43431314691753,6.237903162568227
151.47912207394845,-16.91566038366863,15.0,137.1634616902798,-11.71566038366863
237.63162854640066,-6.984589150204798,15.0,233.24703939619585,-1.7845891502047984
336.036839453304,11.46235921545857,25.0,355.0991986687626,26.66235921545857
389.56298317648367,-9.251012345949633,15.0,382.9119708305341,-4.051012345949633
496.30153182803883,-6.828093808719693,0.0,484.57343801931916,-16.628093808719694
480.70925759718,13.869279876689816,15.0,497.1785374738698,19.069279876689816
275.7808570490354,5.704945157974784,25.0,289.0858022070102,20.904945157974783
377.3961316808275,-18.1794268494232,15.0,361.81670483140437,-12.979426849423202
93.93571677398917,7.37778729418601,15.0,103.91350406817517,12.57778729418601
479.01527951820805,-6.674877029902614,25.0,479.94040248830544,8.525122970097385
66.57126041539395,-5.554864878851561,25.0,68.61639553654238,9.645135121148439
193.70011717620855,-15.092378658010341,25.0,186.2077385181982,0.10762134198965789
494.3999735432773,3.4150037565100924,25.0,505.41497729978744,18.61500375651009
165.50392241745345,16.17762271738257,0.0,176.78154513483602,6.377622717382568
276.43332973159625,-2.4325080406590516,0.0,269.1008216909372,-12.232508040659052
208.92462739135715,-8.042861734098219,0.0,195.98176565725893,-17.84286173409822
371.7675692104532,-3.272677943243135,0.0,363.5948912672101,-13.072677943243136
167.70895941603527,19.12440406144406,25.0,194.43336347747933,34.324404061444056
331.03335312831854,18.89350580664172,25.0,357.5268589349603,34.093505806641716
350.9871327404846,15.316537384437353,25.0,373.903670124922,30.516537384437353
234.73311709472785,-17.261808439051052,15.0,220.0713086556768,-12.061808439051052
235.5706611622044,-6.722605314271988,25.0,236.4480558479324,8.477394685728012
489.1959931816421,-9.433791248202112,15.0,482.36220193344,-4.233791248202113
60.19159641071483,3.876306113957007,0.0,59.16790252467184,-5.923693886042994
73.75833898148414,4.021345420729908,15.0,80.37968440221405,9.221345420729907
115.13482536431114,-6.656334787089687,25.0,116.07849057722144,8.543665212910312
81.69668536287102,-4.6969605182516005,0.0,72.09972484461942,-14.496960518251601
101.36711227974384,6.900999955250949,0.0,103.36811223499478,-2.8990000447490516
143.94969041464392,-12.002286784252423,25.0,139.5474036303915,3.1977132157475765
314.3459891800754,6.7965532967570965,15.0,323.7425424768325,11.996553296757096
243.25425387817106,3.863667094749843,25.0,254.7179209729209,19.063667094749842
240.84676983198082,-14.170385454753989,15.0,229.27638437722683,-8.97038545475399
374.8738068234988,11.99426671973432,15.0,389.4680735432331,17.19426671973432
361.104825616503,4.533676820334087,0.0,360.7385024368371,-5.266323179665914
95.58013570927066,18.742825466008092,25.0,121.92296117527874,33.94282546600809
270.6793661016753,2.2136856503598104,0.0,267.99305175203517,-7.58631434964019
472.94336202946266,16.405635433798615,15.0,491.9489974632613,21.605635433798614
307.4235471757491,-4.416277052554086,25.0,310.607270123195,10.783722947445913
476.8635071758296,9.197527843076536,0.0,481.1610350189062,-0.602472156923465
163.83191584903264,-6.449434886126513,15.0,159.98248096290612,-1.2494348861265134
305.31702178140927,19.83745254228333,15.0,327.75447432369265,25.03745254228333
277.30534369419024,11.13540377575795,0.0,283.5407474699482,1.3354037757579498
101.43597558595125,6.370870479424418,25.0,115.40684606537567,21.570870479424418
487.56944074611505,19.067046837194468,25.0,514.2364875833096,34.26704683719447
289.59736172550635,-12.98882750685845,0.0,271.7085342186479,-22.78882750685845
360.8739846479631,-13.910961441205227,25.0,354.56302320675786,1.289038558794772
86.54397343264988,-17.208257253072084,0.0,64.43571617957778,-27.008257253072085
213.59586226841537,-3.611909342194231,25.0,217.58395292622114,11.588090657805768
320.7552671827082,4.458535695272232,15.0,327.8138028779805,9.658535695272231
251.8913504895082,-2.9589892146856016,25.0,256.5323612748226,12.241010785314398
94.90476995447024,-0.6760969015373064,0.0,89.32867305293293,-10.476096901537307
118.60888019437252,-9.8384881091022,0.0,103.87039208527031,-19.638488109102198
484.62951356601695,12.638496534616174,0.0,492.36801010063317,2.838496534616173
157.15699435820608,-10.091431370724834,25.0,154.66556298748125,5.108568629275165
386.6313117934412,4.7600540026620095,15.0,393.99136579610325,9.960054002662009
417.3825768638632,17.848896683656548,0.0,430.3314735475198,8.048896683656547
370.58812345544555,-10.822485087608037,25.0,367.36563836783756,4.3775149123919626
239.57467603428518,16.931848175048138,0.0,251.6065242093333,7.1318481750481375
261.4855804171474,4.627241060181838,25.0,273.71282147732927,19.827241060181837
380.97443856642013,5.095647429848814,0.0,381.170085996269,-4.704352570151187
160.1990286989676,10.719754532137014,0.0,166.0187832311046,0.9197545321370129
73.36862958738858,-0.5193111005669309,15.0,75.44931848682165,4.680688899433068
385.25017889483934,5.3938640055036835,15.0,393.24404290034306,10.593864005503683
389.13424359868407,2.910465792563336,15.0,394.64470939124743,8.110465792563335
479.1454724183331,11.538701059549851,0.0,485.784173477883,1.7387010595498502
496.5994438925908,17.281425592579218,0.0,508.98086948517005,7.4814255925792175
263.8495017521185,-9.967559749366078,0.0,248.98194200275242,-19.76755974936608
489.98144493619304,-6.438361534216552,15.0,486.1430834019765,-1.238361534216553
89.78066153370393,10.191254792701606,15.0,102.57191632640553,15.391254792701606
70.77187403936547,1.9468807505247483,25.0,80.31875478989022,17.146880750524748
391.5501580349441,-10.085902200363712,0.0,376.5642558345804,-19.885902200363713
378.38083735306947,-8.463259154952922,25.0,377.51757819811655,6.736740845047077
281.2758617793795,9.03304881379869,25.0,297.90891059317823,24.23304881379869
220.21648494505547,5.175033815810835,25.0,232.99151876086628,20.375033815810834
67.21953362033366,-15.433876503102816,15.0,54.38565711723085,-10.233876503102817
168.15603773006484,-3.0675309710162324,0.0,160.1885067590486,-12.867530971016233
192.39691732726766,0.6724856393710432,15.0,195.6694029666387,5.8724856393710425
175.27509217815873,-10.62653366681345,15.0,167.24855851134527,-5.42653366681345
112.2078939065267,-6.3511578638810295,25.0,113.45673604264567,8.84884213611897
314.6892845589828,16.211330104570713,25.0,338.50061466355356,31.411330104570713
249.0583546612333,-15.483842907524226,0.0,228.67451175370906,-25.283842907524225
164.6435130964158,-12.31375143069207,25.0,159.92976166572373,2.886248569307929
303.56945993659724,15.997822959296194,0.0,314.66728289589344,6.197822959296193
298.8978917997746,-9.685084306253597,0.0,284.312807493521,-19.485084306253597
371.0182064275572,-12.72747507222939,15.0,360.89073135532783,-7.527475072229391
123.3568811845414,-11.345603740821515,0.0,107.11127744371987,-21.145603740821514
51.26246075833611,18.348033097713987,0.0,64.71049385605009,8.548033097713986
179.36403687526087,-3.520846417294191,25.0,183.44319045796667,11.679153582705808
230.32744741237497,1.0353224367634937,25.0,238.96276984913845,16.235322436763493
249.9024629015181,12.805430157496204,25.0,270.3078930590143,28.005430157496203
350.7992365869063,-0.10073852502566893,0.0,345.79849806188065,-9.90073852502567
212.25401824623307,-17.801944945289673,15.0,197.0520733009434,-12.601944945289674
92.28200519999255,2.6649208110200284,15.0,97.54692601101257,7.864920811020028
147.52755905381252,2.4551327024481537,25.0,157.5826917562607,17.655132702448153
440.80099418729554,-19.902338492225546,0.0,415.99865569507,-29.702338492225547
181.1406319932548,-0.8225905201161545,0.0,175.41804147313863,-10.622590520116155
214.92807525582387,-1.253072865076767,0.0,208.7750023907471,-11.053072865076768
310.3319059784542,11.078102786564038,25.0,329.01000876501826,26.278102786564038
467.3088056386057,8.313851386091219,25.0,483.22265702469696,23.51385138609122
404.90565551869605,10.906553626134446,15.0,418.4122091448305,16.106553626134446
168.35201559504307,6.5037440328538665,0.0,169.95575962789692,-3.2962559671461342
146.88743899580095,-3.1668694058307665,0.0,138.82056958997018,-12.966869405830767
191.35122111456852,-1.5573886201882594,25.0,197.39383249438026,13.64261137981174
218.4492140618735,-5.304714489092074,15.0,215.74449957278142,-0.10471448909207481
169.67052833003964,11.031109849558739,15.0,183.30163817959837,16.231109849558738
80.19350371373773,18.151582953552442,0.0,93.44508666729016,8.351582953552441
359.9917192599812,5.653495111026796,25.0,373.24521437100805,20.853495111026795
224.07109305009777,-17.839761159143386,0.0,201.33133189095437,-27.639761159143386
247.91693538923724,19.75370084316603,15.0,270.27063623240326,24.95370084316603
97.1910131320455,-3.761138966846925,0.0,88.52987416519856,-13.561138966846926
305.83464061394676,-19.658900828324146,0.0,281.27573978562265,-29.458900828324147
446.90058892109414,-13.576863240075209,0.0,428.42372568101894,-23.37686324007521
402.7078582782133,3.5072889025286713,15.0,408.815147180742,8.70728890252867
451.5131260916874,-6.382762570529659,25.0,452.73036352115776,8.81723742947034
297.2685601256612,-1.7481706455088997,25.0,303.12038948015237,13.4518293544911
53.025362163594245,2.2268960502138135,25.0,62.852258213808064,17.426896050213813
276.192268758921,3.458959401969665,0.0,274.75122816089066,-6.341040598030336
206.525219523477,-14.643856717057506,0.0,186.9813628064195,-24.443856717057507
129.3287882667595,-12.379576812864386,15.0,119.5492114538951,-7.179576812864386
356.5045357456868,6.5580966264448435,0.0,358.16263237213167,-3.2419033735551572
408.0666956953327,-3.3805198101925704,15.0,407.28617588514015,1.8194801898074289
269.0051612030803,-6.127352746934683,25.0,270.4778084561457,9.072647253065316
409.1046282168602,1.0641700669842322,25.0,417.76879828384443,16.26417006698423
131.86875386777035,19.778319743536223,25.0,159.24707361130658,34.97831974353622
494.91748639479414,-13.533583208000493,15.0,483.98390318679367,-8.333583208000494
162.71417251093322,0.8184545783806527,15.0,166.13262708931387,6.018454578380652
67.1993347897354,16.055442267709836,15.0,85.85477705744523,21.255442267709835
189.187262621307,0.1825584718785862,15.0,191.9698210931856,5.3825584718785855
390.7466762899669,-5.331514573346677,0.0,380.51516171662024,-15.131514573346678
63.72243018768074,-0.011033001987247104,25.0,71.3113971856935,15.188966998012752
165.50009212764746,18.36218603499683,0.0,178.96227816264428,8.56218603499683
443.5414496322969,-12.57628513859542,15.0,433.5651644937015,-7.376285138595421
104.9796403803723,8.57242121602399,15.0,116.1520615963963,13.77242121602399
333.97210136780757,-6.990010893916153,15.0,329.5820904738914,-1.790010893916154
493.8231942764846,18.39370817091224,15.0,514.8169024473968,23.59370817091224
118.62097334172982,-12.554687375952502,0.0,101.16628596577732,-22.3546873759525
225.59197478985794,9.131151010488768,0.0,229.8231258003467,-0.6688489895112326
75.25071060019064,3.4825092579530157,15.0,81.33321985814365,8.682509257953015
192.10123696931274,-17.68418349903291,25.0,182.01705347027982,-2.484183499032909
111.57516793665324,-5.56677175841601,25.0,113.60839617823723,9.63322824158399
168.06963206190383,1.5181673227276171,25.0,177.18779938463143,16.718167322727616
109.59471622761438,10.12678683784565,0.0,114.82150306546004,0.3267868378456491
100.63548828670291,-16.88656603093675,0.0,78.84892225576615,-26.68656603093675
436.16226331792154,-2.749293612730142,25.0,441.01296970519144,12.450706387269857
208.72655721751272,-4.451651609320981,15.0,206.87490560819174,0.748348390679018
246.83562864350384,-1.2582306127595828,15.0,248.17739803074426,3.9417693872404165
305.2506453271725,-16.630893998230288,0.0,283.7197513289422,-26.43089399823029
461.63961291137286,-16.16363990221238,0.0,440.5759730091605,-25.963639902212382
317.5903690442646,3.5085867420991903,0.0,316.1989557863638,-6.29141325790081
275.7217771341715,-14.794161732906836,15.0,263.52761540126465,-9.594161732906837
433.7557542220961,11.039710300552805,15.0,447.3954645226489,16.239710300552805
262.3522709192264,8.351152115326506,25.0,278.3034230345529,23.551152115326506
370.6999829150272,5.128870913349694,0.0,370.92885382837693,-4.671129086650307
278.159316948311,10.8636552768921,15.0,291.6229722252031,16.0636552768921
319.56748857419035,-6.118997818011241,0.0,308.54849075617915,-15.918997818011242
490.17129800759983,6.246954756438647,0.0,491.5182527640385,-3.5530452435613533
295.19997721626135,-15.358043262641146,0.0,274.9419339536202,-25.158043262641147
453.20783211155674,2.705553557378778,0.0,451.01338566893554,-7.094446442621223
473.9981970809949,18.152722155770107,25.0,499.750919236765,33.35272215577011
393.18346545470143,19.469616540071982,15.0,415.2530819947734,24.66961654007198
214.91087489473927,17.005194069666977,0.0,227.01606896440623,7.205194069666977
74.90484931461182,-8.678178004693166,25.0,73.82667130991865,6.5218219953068335
370.5177454417261,-18.416855518676773,25.0,359.7008899230494,-3.2168555186767733
450.01845379999975,8.334058175224882,25.0,465.95251197522464,23.53405817522488
382.79275683304223,13.091892628284619,15.0,398.48464946132685,18.291892628284618
168.03395726252427,-1.5408917628483536,0.0,161.5930654996759,-11.340891762848354
176.95832928854298,9.274275359695793,0.0,181.33260464823877,-0.5257246403042082
185.94594037350222,-8.391520828507328,0.0,172.65441954499488,-18.19152082850733
359.81855713191544,4.49727495877465,15.0,366.9158320906901,9.69727495877465
331.3604628475224,-0.1309411063895638,15.0,333.82952174113285,5.0690588936104355
176.48084511160096,13.399498039505808,15.0,192.48034315110675,18.599498039505807
210.0513751805554,-7.441049034226314,0.0,197.71032614632907,-17.241049034226315
116.82059719370824,8.828762052801356,15.0,128.24935924650958,14.028762052801355
80.58440709306758,18.061790989415613,0.0,93.74619808248319,8.261790989415612
245.6819905486845,1.7299533452940032,15.0,250.0119438939785,6.9299533452940025
139.28769180321518,0.35674371791927584,0.0,134.74443552113445,-9.443256282080725
437.35426780153347,-8.798657329380223,15.0,431.1556104721533,-3.5986573293802238
187.67312579860933,-6.870825383923421,0.0,175.9023004146859,-16.67082538392342
337.62087134477184,-17.581579610358663,25.0,327.6392917344132,-2.3815796103586635
326.2312607085944,13.828410008810216,25.0,347.65967071740465,29.028410008810216
326.7092317609621,7.68158389251937,15.0,336.9908156534815,12.88158389251937
258.9894181987314,5.095648265181573,0.0,259.185066463913,-4.704351734818427
378.91874263452763,-7.979725446247361,25.0,378.5390171882803,7.220274553752638
184.73728397432686,-2.9567979909044695,0.0,176.88048598342237,-12.75679799090447
153.91772146622895,10.215150863867805,15.0,166.73287233009674,15.415150863867805
482.1454919517752,3.9324414113071207,15.0,488.6779333630824,9.13244141130712
419.62278251197216,19.205515928856308,25.0,446.4282984408285,34.4055159288563
83.50383989478948,-5.789600174628063,0.0,72.81423972016141,-15.589600174628064
439.4021143190268,-15.518504450361252,25.0,431.48360986866555,-0.3185044503612531
56.88671202033324,17.56668837054073,25.0,82.05340039087397,32.766688370540734
455.37993802521,-15.418869455600035,15.0,442.56106856961,-10.218869455600036
116.72770601290517,13.81805344922683,0.0,125.64575946213199,4.01805344922683
113.28782866755876,7.544850571105407,0.0,115.93267923866415,-2.255149428894594
163.18917814657584,8.996644845480954,25.0,179.78582299205678,24.196644845480954
423.0952490080074,-5.1629289831048055,15.0,420.5323200249026,0.037071016895193765
119.9832573256856,-7.243812361707963,15.0,115.33944496397763,-2.043812361707964
378.61007605814723,-11.32391516496817,15.0,369.88616089317907,-6.123915164968171
115.82583391585514,-9.195355172501536,15.0,109.2304787433536,-3.9953551725015366
360.6277345770697,-1.0550859795006282,15.0,362.1726485975691,4.144914020499371
347.03939015004914,17.548298737556372,25.0,372.18768888760553,32.74829873755637
192.17460583434814,-17.57895822645422,0.0,169.6956476078939,-27.37895822645422
200.65818488732953,3.9980939470385266,25.0,212.25627883436803,19.198093947038526
402.80199903745614,1.1281640690335522,0.0,399.03016310648974,-8.671835930966449
226.8669088876418,-3.568840429370187,25.0,230.8980684582716,11.631159570629812
195.47341820831505,5.312471543380575,0.0,195.88588975169563,-4.487528456619426
297.2117680604206,-15.630008284629305,0.0,276.6817597757913,-25.430008284629306
316.19594463104244,-9.081446678701637,15.0,309.7144979523408,-3.8814466787016375
115.1829619825238,8.655242086720204,25.0,131.43820406924402,23.855242086720203
344.60132589813924,16.116873389774952,25.0,368.31819928791424,31.31687338977495
347.3348862222875,2.1046285912273746,25.0,357.03951481351487,17.304628591227374
405.149786504512,-10.440638809975638,0.0,389.80914769453636,-20.24063880997564
132.7916516196997,-0.938753841596565,0.0,126.95289777810314,-10.738753841596566
64.47349278347038,-6.351599228024316,15.0,60.721893555446066,-1.1515992280243168
418.03172035070895,-16.20296935227327,15.0,404.4287509984357,-11.002969352273272
205.15871894543622,-10.396294448831561,25.0,202.36242449660466,4.803705551168438
456.6502798278721,15.492512744652188,25.0,479.7427925725243,30.692512744652188
415.9796483184121,-11.889929612312242,0.0,399.1897187060999,-21.68992961231224
235.96143961223646,-13.620978033128885,25.0,229.94046157910756,1.5790219668711138
264.7307687690773,-13.279657634806075,25.0,259.05111113427125,1.9203423651939246
175.0632005060428,-1.1857505919327984,25.0,181.47744991411,14.0142494080672
260.71168995264554,-17.819316803368718,25.0,250.49237314927683,-2.6193168033687186
324.5908150389434,-6.709630661582825,25.0,325.4811843773606,8.490369338417175
204.50745789687355,-12.862141537427881,25.0,199.24531635944567,2.337858462572118
275.85342659530534,18.380971538678438,0.0,289.33439813398377,8.580971538678437
195.8430772424811,-17.35502519543863,0.0,173.58805204704245,-27.15502519543863
232.13172099388834,12.230960491882762,0.0,239.4626814857711,2.430960491882761
332.6996281351635,-9.64307466194866,0.0,318.15655347321484,-19.44307466194866
471.28670511138375,-10.017212196197352,0.0,456.3694929151864,-19.817212196197353
265.26217513801294,15.614024863337903,25.0,288.4762000013509,30.814024863337902
169.89573502272228,-8.92795051063834,15.0,163.56778451208393,-3.7279505106383404
201.28736425644647,4.719451452378642,25.0,213.6068157088251,19.91945145237864
283.49508990276,14.164870582951806,15.0,300.2599604857119,19.364870582951806
158.8332339057457,0.04140934290035503,0.0,153.97464324864603,-9.758590657099646
316.42167280710083,13.288468960159413,15.0,332.3101417672603,18.488468960159413
466.7487051908985,-16.903551228438598,0.0,444.9451539624599,-26.7035512284386
70.91517663800201,-13.068807521601403,15.0,60.44636911640061,-7.868807521601404
51.826932000605716,-3.3551638185801025,25.0,56.071768182025615,11.844836181419897
131.04445475773036,9.65823020193275,25.0,148.3026849596631,24.85823020193275
396.03305390897685,3.0299268895873475,25.0,406.6629807985642,18.229926889587347
172.14860629357685,-9.912344805404922,15.0,164.8362614881719,-4.712344805404923
367.0016558100882,12.584528970515493,15.0,382.18618478060375,17.784528970515492
68.65416526657138,17.831055784294726,25.0,94.0852210508661,33.03105578429472
477.03858839331156,2.6686449251467046,25.0,487.30723331845826,17.868644925146704
177.20465695216114,14.09839828655096,0.0,186.40305523871208,4.29839828655096
337.75053259917564,18.254466345672277,0.0,351.1049989448479,8.454466345672277
176.72128774380718,7.83053923244163,25.0,192.1518269762488,23.03053923244163
76.33058052028048,-4.0767309541058605,25.0,79.85384956617462,11.123269045894139
180.3166296524923,15.407409224729236,25.0,203.32403887722154,30.607409224729235
213.33930560711204,5.0717170552276905,0.0,213.5110226623397,-4.72828294477231
241.36732482686105,17.530786065157244,15.0,261.4981108920183,22.730786065157243
373.4719758405444,6.532311153932419,25.0,387.60428699447687,21.732311153932418
136.53556217446635,-2.1457668192751456,25.0,141.9897953551912,13.054233180724854
261.6590973054533,14.167893588981208,0.0,270.92699089443454,4.367893588981207
307.2920323396745,0.12250414013089994,0.0,302.51453647980543,-9.6774958598691
327.4023917799479,-11.878974218257303,25.0,323.1234175616906,3.321025781742696
181.177786410083,-13.513242177855815,15.0,170.26454423222717,-8.313242177855816
62.628339099273205,-0.00696214541272866,15.0,65.22137695386047,5.193037854587271
151.0924378962672,1.5035787018376787,25.0,160.19601659810488,16.703578701837678
132.9855723983231,9.402059056612849,25.0,149.98763145493592,24.60205905661285
235.40190774206044,2.945900354535379,15.0,240.94780809659582,8.145900354535378
428.3679713185494,9.969875419522833,15.0,440.93784673807227,15.169875419522832
147.28667961141696,16.336383931025978,0.0,158.72306354244293,6.536383931025977
92.37429504547893,-3.784039547385678,0.0,83.69025549809325,-13.584039547385679
317.5803490647438,6.307993367327093,0.0,318.9883424320709,-3.492006632672908
167.66678703335697,-3.696553338674061,0.0,159.0702336946829,-13.496553338674062
372.1734811771556,-15.159110302112172,25.0,364.61437087504345,0.04088969788782748
420.30340968730184,-6.249934060823721,25.0,421.65347562647815,8.950065939176278
171.71515304240862,14.14000236057462,15.0,188.45515540298322,19.34000236057462
302.21801930234903,14.846050173649289,15.0,319.66406947599836,20.046050173649288
405.00028047983864,-2.9219281350286366,25.0,409.67835234481004,12.278071864971363
333.1167973356342,16.365104280080722,15.0,352.08190161571497,21.56510428008072
375.79050971893474,1.4050528711346324,25.0,384.7955625900694,16.60505287113463
123.30199503187804,5.774024177645746,25.0,136.6760192095238,20.974024177645745
326.6736159195857,-2.075390763686464,25.0,332.19822515589925,13.124609236313535
230.0326269305539,-17.28250664682291,0.0,207.850120283731,-27.08250664682291
435.0464547267154,9.714654148467957,15.0,447.3611088751834,14.914654148467957
448.2361538802342,0.6031541517163816,15.0,451.43930803195065,5.803154151716381
420.757826273155,-1.8378746063505886,0.0,414.01995166680445,-11.63787460635059
379.0110432040017,-11.438097782658744,0.0,362.67294542134294,-21.238097782658745
232.20498405029122,-6.430364709711803,15.0,228.37461934057941,-1.2303647097118038
351.1042368539078,-14.973554637901586,15.0,338.73068221600624,-9.773554637901587
264.1431730456999,-8.130506836413396,15.0,258.6126662092865,-2.9305068364133966
315.030156121104,8.382867904528844,0.0,318.5130240256329,-1.4171320954711568
431.3602056728419,-15.410494667198487,25.0,423.5497110056435,-0.2104946671984873
306.92217361986474,-9.691157435673269,0.0,292.33101618419147,-19.49115743567327
116.41418592814063,12.541321549407499,15.0,131.5555074775481,17.7413215494075
147.1422167982389,16.83428107659781,15.0,166.57649787483672,22.03428107659781
442.82331156094614,-1.7259978254478447,15.0,443.6973137354983,3.4740021745521545
415.40950820868784,-19.255052963134084,15.0,398.7544552455538,-14.055052963134084
160.16112912006184,-12.093952737871302,15.0,150.66717638219055,-6.893952737871302
190.64020945200264,12.015232139448926,0.0,197.75544159145156,2.2152321394489256
279.3526885336996,-1.4018632581753607,0.0,273.0508252755243,-11.201863258175361
57.73698972713152,-9.604479395119192,15.0,50.73251033201233,-4.404479395119193
339.8111567547741,11.155725657513337,25.0,358.5668824122875,26.355725657513336
51.87507978855885,14.6575327759533,0.0,61.63261256451215,4.857532775953299
453.7486237924769,-8.92554067351416,15.0,447.4230831189628,-3.7255406735141605
170.27119689513304,10.206901415018109,25.0,188.07809831015115,25.40690141501811
224.61937030215077,17.715723553730477,25.0,249.93509385588123,32.91572355373047
122.54431254158614,18.506104544759708,15.0,143.65041708634584,23.706104544759707
336.8714424470471,-11.841084644456025,0.0,320.1303578025911,-21.641084644456026
81.72149100947107,-0.19044329146293038,15.0,84.13104771800813,5.009556708537069
326.0783912398883,3.5055131231512675,25.0,337.1839043630396,18.705513123151267
499.47700528066196,-19.758880607754598,0.0,474.8181246729074,-29.5588806077546
166.18493861596406,-3.8763887853571255,25.0,169.90854983060692,11.323611214642874
337.3155909758084,9.897477766528851,15.0,349.81306874233724,15.09747776652885
352.4274892747773,-9.259500244363892,15.0,345.76798903041345,-4.059500244363893
364.33618169206324,19.309926639213224,15.0,386.2461083312765,24.509926639213223
391.1829881693255,-18.588189519839432,0.0,367.6947986494861,-28.388189519839433
163.2946904235178,-17.395944901102382,0.0,140.99874552241542,-27.195944901102383
229.97246975403021,19.619062167944264,25.0,257.1915319219745,34.81906216794427
308.12904057732356,-9.318185747022959,25.0,306.41085483030065,5.8818142529770405
123.02451643360361,16.115716882373064,25.0,146.74023331597667,31.315716882373064
149.1574672577658,-11.230168219199452,25.0,145.52729903856635,3.969831780800547
490.8740268904946,17.506108831146676,15.0,510.98013572164126,22.706108831146675
474.3995291286373,2.321397727957333,0.0,471.82092685659467,-7.478602272042668
330.46307647544046,-12.663873855190143,15.0,320.3992026202503,-7.463873855190144
353.52309360339774,-19.625334555622853,0.0,328.99775904777493,-29.425334555622854
483.8197704744309,-18.136207191602555,25.0,473.28356328282837,-2.9362071916025556
420.9107823811644,18.464341097919437,25.0,446.97512347908383,33.66434109791943
200.04701299177788,-12.084302739257588,25.0,195.56271025252028,3.1156972607424116
285.8591828461174,-1.193062000287096,25.0,292.2661208458303,14.006937999712903
353.72125410142235,-2.9101517123205127,0.0,345.91110238910187,-12.710151712320513
99.07773060126546,3.2508556865357576,25.0,109.92858628780121,18.450855686535757
177.52323417351806,-3.457177360352116,15.0,176.66605681316594,1.7428226396478834
107.60382503396676,-7.50615701836216,15.0,102.69766801560459,-2.3061570183621605
484.87861556199795,10.170537985970569,15.0,497.6491535479685,15.370537985970568
449.74811827782577,9.351313049704885,25.0,466.69943132753065,24.551313049704884
464.5101372072883,5.061662417937232,15.0,472.17179962522556,10.26166241793723
61.71512662101478,7.34331449003988,15.0,71.65844111105466,12.54331449003988
387.19837688880216,7.26012584226595,15.0,397.05850273106813,12.460125842265949
439.94932299515824,6.293099381900195,0.0,441.3424223770585,-3.506900618099806
167.77336459110217,-17.785502278166014,25.0,157.58786231293615,-2.5855022781660146
418.2451029686682,16.992002261152294,15.0,437.8371052298205,22.192002261152293
333.1370732390025,1.8689688810140659,25.0,342.6060421200166,17.068968881014065
192.89790063571456,13.146012930341016,15.0,208.64391356605557,18.346012930341015
251.98675255637647,9.029565197538851,15.0,263.6163177539153,14.22956519753885
76.28125433220096,-7.900686049331034,25.0,75.98056828286992,7.2993139506689655
98.7774123573044,-8.097372130352243,0.0,85.78004022695215,-17.897372130352245
285.7631949570347,-17.354525126764937,25.0,276.0086698302698,-2.1545251267649377
436.61793523934665,-18.530221438226597,25.0,425.6877138011201,-3.330221438226598
217.55486418861963,3.5963232796005684,25.0,228.7511874682202,18.796323279600568
281.2167371677288,-16.759466973245555,15.0,267.0572701944833,-11.559466973245556
274.9934618298711,-11.21200279155258,15.0,266.3814590383185,-6.012002791552581
261.95443729212633,9.058921273212146,25.0,278.6133585653385,24.258921273212145
468.40860502275603,15.404847144544071,15.0,486.41345216730014,20.60484714454407
212.3065531053767,1.1571365693393645,25.0,221.06368967471607,16.357136569339364
499.24161141569243,-18.93007855914011,0.0,475.41153285655236,-28.73007855914011
78.40805366814058,13.441902340593671,15.0,94.44995600873425,18.64190234059367
389.0718169043158,14.025452938165401,15.0,405.69726984248126,19.2254529381654
250.54456141496,-13.151107917365579,15.0,239.9934534975944,-7.951107917365579
340.6563633877518,4.742262472730118,25.0,352.998625860482,19.942262472730118
493.91308541627563,8.83959395317354,15.0,505.3526793694492,14.03959395317354
216.0592319015636,12.1352382997854,15.0,230.79447020134901,17.3352382997854
381.640790742016,-13.103582285571083,0.0,363.63720845644497,-22.903582285571083
223.41834888465817,-7.2087460506346055,15.0,218.80960283402356,-2.008746050634606
352.50433890759865,18.121240857191452,15.0,373.22557976479015,23.32124085719145
144.1139692555074,-11.02334369604542,15.0,135.69062555946198,-5.82334369604542
139.06549130543883,-14.052896103636282,25.0,132.61259520180255,1.147103896363717
434.73716212911654,10.95302466042964,25.0,453.2901867895462,26.15302466042964
373.11088317743327,10.652347928233809,25.0,391.36323110566707,25.852347928233808
235.02963317395935,0.11959217190675275,15.0,237.7492253458661,5.319592171906752
120.33949958197945,-14.912317156808609,25.0,113.02718242517084,0.2876828431913907
425.65522621778547,9.58109931253189,15.0,437.83632553031737,14.78109931253189
261.58228365553407,-14.879655733420183,25.0,254.30262792211389,0.3203442665798164
243.66088826592573,1.838410076340086,0.0,240.59929834226583,-7.961589923659915
365.7803386839998,16.913477961813292,25.0,390.2938166458131,32.11347796181329
246.08971483797117,-18.194384824130438,15.0,230.49533001384074,-12.994384824130439
436.34661554175096,-8.256803130687992,15.0,430.689812411063,-3.0568031306879924
182.0475941205699,-14.03420617573123,0.0,163.11338794483865,-23.834206175731232
213.45749542295496,13.791064539465445,0.0,222.3485599624204,3.9910645394654445
62.16559039428567,-3.1002294871177654,0.0,54.16536090716791,-12.900229487117766
83.58028295029595,-0.05048284475368092,0.0,78.62980010554227,-9.850482844753682
339.6453010554297,13.134804805567668,15.0,355.3801058609974,18.334804805567668
67.28976219313671,-8.582620670556672,0.0,53.80714152258004,-18.382620670556673
292.1316937486535,4.571220674740356,0.0,291.8029144233939,-5.228779325259644
249.4325525362805,-9.128180914789876,15.0,242.9043716214906,-3.928180914789877
86.97417628987296,-2.5707502511175306,0.0,79.50342603875542,-12.370750251117531
97.5103768683708,-7.9434041998034175,25.0,97.16697266856738,7.256595800196582
70.56240658120493,-9.296808233423057,0.0,56.36559834778187,-19.096808233423058
241.96587874033492,-9.15813304833215,25.0,240.40774569200275,6.041866951667849
112.54878892161173,-11.996515027489295,0.0,95.65227389412243,-21.796515027489296
59.34669686899793,-0.12191130064788425,0.0,54.324785568350045,-9.921911300647885
425.9305356009568,19.288564322777184,15.0,447.819099923734,24.488564322777183
475.31985985307125,11.86291581795286,15.0,489.7827756710241,17.06291581795286
404.63179086951476,10.010255752531236,25.0,422.242046622046,25.210255752531236
208.1020462570259,9.833667553964869,25.0,225.53571381099076,25.033667553964868
102.65798585043513,-17.357323293966612,25.0,92.9006625564685,-2.1573232939666127
232.9874435640006,1.964713732426464,25.0,242.55215729642708,17.164713732426463
109.06372766707504,-0.7927249479021796,15.0,110.87100271917285,4.40727505209782
474.0972748381094,11.329486590732895,25.0,493.0267614288423,26.529486590732894
486.9481121937201,-11.819622768081647,15.0,477.72848942563843,-6.619622768081648
161.19804565891195,-10.183520631142255,15.0,153.6145250277697,-4.983520631142255
136.5447476198202,-2.7725107580924444,0.0,128.87223686172777,-12.572510758092445
363.3974342871605,-1.9266319960939917,15.0,364.0708022910665,3.2733680039060076
213.34851388046067,-5.755140453927478,25.0,215.19337342653319,9.444859546072522
127.73074483727504,1.8036807996308077,15.0,132.13442563690583,7.003680799630807
483.4009168558539,-10.89567579611822,0.0,467.6052410597357,-20.69567579611822
228.61351761532617,2.6912186840055163,25.0,238.9047362993317,17.891218684005516
137.3236447500824,-9.743048501472567,25.0,135.18059624860982,5.456951498527433
468.1307046330191,-11.277103711943797,0.0,451.9536009210753,-21.0771037119438
127.13535510203731,-15.428515635746658,25.0,119.30683946629064,-0.22851563574665867
197.35432591667217,8.544590602698609,15.0,208.49891651937077,13.744590602698608
358.9819872801493,-12.596633256671987,0.0,341.4853540234774,-22.39663325667199
64.53085658892036,-18.50682674235854,0.0,41.12402984656182,-28.306826742358542
172.70676071117452,11.602802666663237,25.0,191.90956337783777,26.802802666663236
63.675811155500824,10.01560765941242,15.0,76.29141881491324,15.21560765941242
368.5962391387979,-9.722463439154122,15.0,361.4737756996438,-4.522463439154123
291.935744770494,-2.5304926714910714,25.0,297.005252099003,12.669507328508928
60.623896773016995,3.607794204857857,15.0,66.83169097787484,8.807794204857856
494.0406458742766,-14.980749101342926,0.0,474.1598967729337,-24.780749101342927
499.8091195690143,0.3481680551489177,25.0,507.7572876241632,15.548168055148917
373.79605095505747,3.5351487958313577,0.0,372.4311997508888,-6.264851204168643
425.9178193285622,-13.74624105984335,0.0,407.2715782687189,-23.54624105984335
164.45429536596953,-16.011046817538794,0.0,143.54324854843074,-25.811046817538795
498.66171377139307,19.672386799255,0.0,513.4341005706481,9.872386799255
116.76718122889869,14.890587581769438,25.0,139.25776881066813,30.090587581769437
203.7396486793659,0.573745221649343,15.0,206.91339390101524,5.773745221649342
148.22804379885184,-9.379275086522325,25.0,146.44876871232952,5.820724913477674
100.08698504847823,-1.8159480605017464,0.0,93.37103698797648,-11.615948060501747
308.0053168806688,12.964060181266973,25.0,328.56937706193577,28.164060181266972
449.6422980250539,1.5154187082180535,0.0,446.257716733272,-8.284581291781947
79.63022679136975,5.198581418655554,0.0,79.9288082100253,-4.601418581344447
139.70198527674967,13.916890367433425,0.0,148.7188756441831,4.116890367433424
83.43026821812124,-16.248641528400857,0.0,62.28162668972039,-26.048641528400857
358.2776031487217,3.4951434921992153,0.0,356.8727466409209,-6.304856507800785
330.4810714807149,-15.998698024725929,0.0,309.582373455989,-25.79869802472593
283.5366533567661,2.952118204572386,25.0,294.08877156133855,18.152118204572385
189.91398578325072,-1.8935789766550606,0.0,183.12040680659567,-11.693578976655061
157.85280874513253,-18.856221957795167,0.0,134.09658678733737,-28.656221957795168
151.0001328339131,5.3742329876638735,0.0,151.47436582157698,-4.425767012336127
484.083073685395,4.160007125301341,25.0,495.84308081069634,19.36000712530134
460.6027281192471,6.506689883527233,25.0,474.7094180027744,21.706689883527233
186.24794088572324,14.739000531269951,25.0,208.5869414169932,29.93900053126995
463.55036678221484,3.7796835696781343,0.0,462.430050351893,-6.020316430321866
126.28174706853366,0.23149135966507828,0.0,121.61323842819874,-9.568508640334922
390.72173713936644,-6.291325856714312,0.0,379.53041128265215,-16.091325856714313
296.85744904303226,-4.0768838918247585,15.0,295.3805651512075,1.1231161081752408
321.9686537823813,-3.2877379070511417,15.0,321.28091587533015,1.9122620929488576
233.0306463132533,-11.725191529118009,0.0,216.4054547841353,-21.52519152911801
252.6815590156503,6.201552840885995,25.0,266.4831118565363,21.401552840885994
432.832022019792,0.40490506409291527,15.0,435.836927083885,5.604905064092915
385.56163414797595,13.906501310211723,25.0,407.0681354581877,29.106501310211723
369.20499983147283,14.109772313868582,0.0,378.41477214534143,4.3097723138685815
479.6103147740515,3.183266852081708,25.0,490.39358162613325,18.383266852081707
414.2665757223466,-8.726667432483982,15.0,408.13990828986266,-3.5266674324839826
205.8864254221589,8.120063409130097,25.0,221.606488831289,23.320063409130096
173.43957525589383,-0.48122188522049214,0.0,168.05835337067333,-10.281221885220493
444.0543858733234,-16.55192890006788,0.0,422.6024569732555,-26.351928900067882
432.7599902365504,-7.598395608533419,15.0,427.761594628017,-2.39839560853342
486.88959935878586,-15.469034749720297,25.0,479.02056460906556,-0.26903474972029784
133.31282343453213,13.270776494612797,25.0,154.18359992914492,28.470776494612796
316.6679613054291,-5.1582583806601345,15.0,314.109702924769,0.041741619339864755
142.25304807497915,-5.05869630768883,0.0,132.29435176729032,-14.858696307688831
193.20198440304097,3.021568949617528,15.0,198.82355335265848,8.221568949617527
219.6469599532481,17.323775592200107,0.0,232.07073554544823,7.523775592200106
106.15867507048696,-13.645528849998506,0.0,87.61314622048846,-23.445528849998507
475.201543919625,12.618895996073235,25.0,495.42043991569824,27.818895996073234
339.10024197547597,-4.0253633592804725,0.0,330.17487861619554,-13.825363359280473
113.92238394729361,-14.446746652870122,25.0,107.07563729442349,0.7532533471298777
320.0337600421683,6.305134595194829,15.0,328.93889463736315,11.505134595194829
213.0248634315682,-18.664741213200728,0.0,189.46012221836747,-28.46474121320073
93.11631165510306,10.426895184797115,15.0,106.14320683990017,15.626895184797114
151.93964456995957,-7.518432707296533,0.0,139.52121186266302,-17.318432707296534
75.70714985217397,11.616731130172703,25.0,94.92388098234667,26.816731130172702
187.79255699845987,-6.53529111604211,25.0,188.85726588241775,8.66470888395789
405.9450802819341,-13.354943454026976,0.0,387.69013682790717,-23.154943454026977
463.7761979792161,11.709878424934885,0.0,470.58607640415096,1.9098784249348846
281.55735101608536,14.456416540682199,15.0,298.6137675567676,19.656416540682198
310.4066089702476,14.967086958191366,15.0,327.973695928439,20.167086958191366
424.64878818805175,-16.94685478268891,15.0,410.3019334053629,-11.74685478268891
362.88394136988256,6.215607296897087,0.0,364.19954866677966,-3.584392703102914
93.75058039843296,10.274338192871419,15.0,106.62491859130438,15.474338192871418
403.8648476287261,-7.63762990495624,15.0,398.82721772376993,-2.437629904956241
208.40041165859785,4.754813985241885,15.0,215.75522564383974,9.954813985241884
337.51496417250377,-8.580034137306853,25.0,336.5349300351969,6.619965862693146
275.4537785835178,-18.617045437243377,15.0,259.4367331462745,-13.417045437243377
82.02844545990226,10.198080158747512,25.0,99.82652561864977,25.39808015874751
84.7424253184846,19.966587805062723,0.0,99.80901312354732,10.166587805062722
189.2569940611221,-5.956347098643263,0.0,178.40064696247882,-15.756347098643264
232.49620376994898,9.296715607280518,15.0,244.3929193772295,14.496715607280517
311.633170271796,5.697110918953875,0.0,312.4302811907499,-4.102889081046126
482.5229565515077,-17.202762125331404,15.0,467.92019442617635,-12.002762125331405
314.17621473500634,-0.29398447247121595,0.0,308.98223026253515,-10.093984472471217
190.957125992956,14.474389057515815,0.0,200.53151505047182,4.674389057515814
177.1133286871269,-6.1235508206373535,25.0,178.58977786648956,9.076449179362646
325.83352658817415,1.0298240972021908,15.0,329.4633506853764,6.22982409720219
100.11418093908993,-15.250509513994043,0.0,79.96367142509588,-25.050509513994044
416.95983751455367,14.62818873007565,25.0,439.1880262446293,29.82818873007565
151.92236860237043,4.798842592019579,0.0,151.82121119439,-5.001157407980422
327.85893774133757,15.052878113344121,25.0,350.5118158546817,30.25287811334412
214.5213609436981,-15.313844182519158,25.0,206.80751676117896,-0.11384418251915918
349.59970472263393,16.075123691744764,25.0,373.2748284143787,31.275123691744763
331.6308481832116,12.877616179622969,15.0,347.1084643628346,18.077616179622968
428.44382088103174,-15.487203556635777,15.0,415.556617324396,-10.287203556635777
246.23244832763035,10.429489029571858,0.0,251.76193735720219,0.6294890295718574
199.19103558438846,-9.13311161295514,0.0,185.15792397143332,-18.93311161295514
201.5933859114737,19.81825148180411,0.0,216.5116373932778,10.01825148180411
245.3193443800725,-11.774395170072047,25.0,241.14494921000045,3.425604829927952
456.0842793733209,-11.860063368311096,15.0,446.8242160050098,-6.660063368311096
193.41944863707755,-19.527904447595247,25.0,181.4915441894823,-4.327904447595248
311.02710978227185,12.553475370734681,0.0,318.6805851530066,2.75347537073468
364.3533172658212,19.259597853091165,15.0,386.2129151189124,24.459597853091164
162.5760103224494,11.962536496841217,0.0,169.6385468192906,2.1625364968412164
458.36298061200813,16.412422681215887,25.0,482.37540329322405,31.612422681215886
89.05009357120596,17.32308419133853,0.0,101.47317776254448,7.52308419133853
453.8300728300443,-7.460122253105613,15.0,448.9699505769387,-2.2601222531056138
81.08987710883059,3.6461961373845995,25.0,92.3360732462152,18.8461961373846
199.86906470466369,-13.121754563159985,25.0,194.3473101415037,2.078245436840014
88.01299677291863,-1.4577369268545262,15.0,89.1552598460641,3.742263073145473
209.72671163990725,0.3818753591196753,15.0,212.70858699902692,5.581875359119675
295.4782536309975,11.02294977261748,0.0,301.601203403615,1.2229497726174792
193.1114953054045,0.706402725598835,25.0,201.41789803100332,15.906402725598834
406.0917868625061,3.2843110673036016,25.0,416.9760979298097,18.4843110673036
409.5552659311435,15.766462855000107,25.0,432.9217287861436,30.966462855000106
401.21831780379057,-19.185693110767723,15.0,384.6326246930229,-13.985693110767723
435.7565771317376,-10.059718173058112,0.0,420.7968589586795,-19.859718173058113
402.4198261000326,16.963306326779374,25.0,426.983132426812,32.16330632677938
449.8208026014162,-9.387024762010117,15.0,443.03377783940607,-4.187024762010118
80.21760457468608,6.793767226673886,25.0,94.61137180135995,21.993767226673885
468.93677516400913,-7.780132940853658,25.0,468.7566422231555,7.419867059146341
111.46157104389793,19.080175836443438,25.0,138.14174688034137,34.28017583644343
329.1616362474828,11.941786274734568,0.0,336.2034225222174,2.1417862747345673
54.78729860532785,13.872522227098983,25.0,76.25982083242683,29.072522227098982
374.92152348485706,8.353272258759464,0.0,378.3747957436166,-1.4467277412405366
477.9621071592666,-19.168688883751237,15.0,461.3934182755154,-13.968688883751238
499.36157136247994,12.098360807038532,0.0,506.5599321695185,2.298360807038531
279.6015708952528,-15.920796038230325,15.0,266.2807748570225,-10.720796038230326
90.7456515433847,-11.23660749317473,25.0,87.10904405020996,3.9633925068252687
90.49567056801942,0.0860900740667816,0.0,85.6817606420862,-9.71390992593322
138.34082388152845,-1.2262882565503475,0.0,132.21453562497808,-11.026288256550348
447.64293361027404,2.6804034311178313,0.0,445.4233370413919,-7.119596568882169
385.6248501030212,-19.130926943339084,25.0,374.0939231596821,-3.9309269433390845
277.80243057157696,-12.028841620053207,15.0,268.3735889515238,-6.828841620053208
290.97872644291357,14.302735820404202,0.0,300.3814622633178,4.502735820404201
321.225318652065,-8.820130357437389,15.0,315.00518829462766,-3.6201303574373895
249.12595355327798,-6.014352454963117,15.0,245.71160109831484,-0.8143524549631174
325.8167503691867,-15.231133609162569,25.0,318.1856167600242,-0.031133609162569797
