y_noisy,v_noisy,thrust,y_next,v_next
282.3354627363641,3.7396716955631875,15.0,288.2302624995635,10.53635855299785
251.22492938459766,12.400139413746752,30.0,276.0631465276797,32.71983344726701
131.79836002069197,11.83708966848603,30.0,152.06860960411666,32.24774606269311
50.55388612578459,4.69174728643461,15.0,58.05304293261964,10.406960260758716
371.19762015756567,9.03849164374547,30.0,393.4142616755611,30.699130869488126
200.34454041031088,12.402397993011174,30.0,223.66606390048997,30.92605760060614
281.57626015043184,-5.060774915251472,0.0,275.42488024804317,-12.530226661801048
224.00174574529518,9.293752838450871,30.0,241.56663790986696,27.30595475628212
223.37726345084488,-14.8493599450842,15.0,208.26212225752593,-9.576750456723651
252.2303700493845,5.849808450512234,30.0,265.00548880457325,23.66874754027835
258.1081018196231,-2.2313071896467016,0.0,250.0209665811682,-12.807367704322107
135.92512863752003,-6.413030673586525,15.0,128.49706576158198,-5.113376951085927
373.2303341420185,-1.1446456817330697,0.0,372.04646892487466,-10.03993759339237
452.49489041042983,4.6182454299277165,0.0,452.0394767380135,-6.70146286713166
71.52242672182493,-7.960275362984836,15.0,68.69785371985301,0.22858191358304047
137.16785342893476,5.173828029077606,30.0,153.38398219773504,25.44810465222769
260.7011151886219,-12.034174468423348,0.0,239.37507507569748,-23.567160274078432
144.20838440243182,-20.01131314227344,0.0,118.66503438341235,-29.34193583470795
54.16333212892502,-0.7784804064762261,15.0,60.54841707057568,8.151772300767082
430.6814909664937,-1.1669605037597897,0.0,425.25433298871855,-11.000712582582121
235.60324468771793,11.60261602097104,30.0,257.31432630581816,31.165945800284728
262.81227270371176,-5.147810119337711,0.0,255.7073017091951,-10.897125093561346
90.34953235367182,20.462379900827724,30.0,120.42952183033285,39.66940510222723
239.27257330104902,-18.254613624376216,15.0,222.75665437632262,-13.438159511668584
151.61029907211065,-10.767828718916297,0.0,135.5416418893499,-21.719030799506584
90.83301657649189,-10.286033759929678,0.0,78.52895144999516,-18.312408433255523
154.430911572719,-17.353258403620867,15.0,140.41996154004093,-11.419872846174993
82.42495143366577,-14.971922271177071,0.0,57.774340378325284,-25.771010960872665
462.1925887729949,-8.689526708219208,0.0,446.5477715259484,-18.495999944465833
261.13300317302696,1.3585063663094954,15.0,265.30984807689606,5.666900387507841
426.0914854783759,7.3695555901739205,30.0,438.3676763907505,26.465204555378683
269.48297489763223,18.64064327995858,15.0,290.09617832131704,22.17460813334335
60.340796075581565,-14.279746044914,0.0,39.83151719334793,-24.689245081231554
456.708411344141,3.2087565953395987,15.0,466.7162611317889,10.250411776868969
124.45204936901688,-1.0329075509531664,30.0,133.6937241300225,21.63421559443861
485.0064308473706,10.381647109359204,30.0,504.02675710728016,28.691581836515088
457.24784831002415,-8.924934366766959,0.0,446.31142779536736,-16.88793908960067
382.11713905889974,15.912330592374417,30.0,401.6236976353237,32.87916128392477
186.4520632329437,-0.14880264539463983,30.0,198.38062711697214,22.89261055225133
416.3886708475136,-7.3944806291874094,15.0,415.297725591937,1.0424969496437733
295.7582779478315,-8.876957538021124,30.0,294.25965465964805,12.107173982529828
336.08702379147365,-4.8762677818593145,0.0,323.2488934979731,-13.2845449794543
475.2045068372669,-11.079021390051048,30.0,475.9879390997845,10.916673252123719
242.37355302909867,11.95614404701681,0.0,249.76074713474367,3.8246473143004387
156.47313860509243,0.20793876420081192,30.0,169.48534479440022,17.908368454699044
274.1168544363489,-18.6374174404496,30.0,263.91151984404155,2.6006247434463354
67.61542654277437,-12.610178488830186,15.0,58.1148131922431,-5.607331502877463
354.2406380438136,-13.435786321792305,30.0,351.77348905436145,7.537851522277034
305.61887376948283,13.67812033195564,15.0,323.77106216264343,21.32794197630633
485.8857284657111,5.036238656088111,15.0,493.1494869139803,8.886378140272992
443.72573827556516,17.091350295574518,30.0,470.0259411411416,36.49955017803474
99.57836872811792,16.02797085969015,15.0,116.87626378693305,19.915570669443365
418.0970381437643,8.748292328012816,30.0,434.66763720061556,28.164415969148408
415.216310447208,-5.538583486410163,30.0,425.8722741230151,16.07680912089819
351.5822647980009,-8.47324641482027,15.0,341.3813761298666,-5.769354969542704
473.89658840685286,-4.636906364754383,0.0,466.43410527106755,-15.809055342820574
451.6797045916093,12.502806151923437,30.0,474.16163746712306,33.80631556839495
321.1580658656323,0.04238806986434707,15.0,328.3407850740926,8.814912780498545
377.4505188087631,14.542852130581805,0.0,388.4481299559461,2.9252396604268434
473.31090947458546,9.765252984064723,30.0,492.11131741134386,28.657222230698036
179.5762077352728,16.282846968823712,30.0,205.2442031453679,35.2275349598616
374.5205563615329,-16.40454557754047,15.0,362.188577487699,-12.398292891803528
289.68375362794507,19.826372346842984,0.0,307.5271294913614,9.663524639375598
246.00435813109638,-16.404389004368138,15.0,232.93590871146148,-13.542928102738887
272.05224751001714,-13.968865553323312,30.0,263.7573933063871,2.6841307438508437
344.65159899940505,-18.73821174053845,30.0,338.44141892749724,5.839427380989548
330.72762958931696,12.392285011739194,15.0,351.71721514557765,18.398865838361733
443.25400092209065,10.41430109947729,30.0,460.13344078640233,29.186183380432638
98.23414407153183,12.910309893257045,0.0,107.31740701934133,3.016535420241251
114.4041775127613,6.118562850363518,30.0,128.55587305207132,24.814704659761915
382.3189044120434,-8.00528711553199,15.0,372.2063244406128,-8.81940282799151
226.34313238234247,-5.86563088728704,15.0,222.73043197359166,0.5000891667044662
165.27368694280827,-20.24712413029201,30.0,153.50592859569605,1.3716162918632726
239.685765701267,-5.702602078601784,0.0,231.94078292789072,-14.192318455876105
196.88659991964076,-0.2622928561867681,0.0,188.3207369259991,-11.984313012841199
240.0994164523616,-18.962053293504876,0.0,218.82831918119138,-27.46007517709312
366.5366861861032,-8.078020947375165,0.0,356.7008358365565,-17.909217583789793
339.9074295550854,7.925785901917352,30.0,359.8612358677094,28.887927180433262
211.53302405347702,-17.849680828689845,0.0,188.54807060571255,-26.317314163857866
474.9291865627646,17.117624910977923,0.0,490.77407722573247,9.00835195915803
196.24182539355138,-13.910415543391332,15.0,188.7030876320386,-7.79567250828587
171.14499973812687,7.1597056728476876,15.0,179.06158652686653,10.025658228982532
167.11602211341622,-9.663583673404997,30.0,165.38790057310828,10.01592468691717
323.95552919262155,-7.905583893236996,30.0,325.58422355935596,12.529481183399364
209.95771447147035,10.69427021668709,30.0,232.26389986108123,32.70179895244023
318.5650329653717,-2.7962547159181064,15.0,314.2737491849224,0.10849541794070205
274.75099565385375,17.157695253363837,0.0,286.0870208068679,5.413749704000448
306.8925592318371,-3.2563916949169367,30.0,316.64212850406886,17.276598442046417
142.48967867645078,-17.066586159176232,15.0,128.18977260505437,-11.58267920528603
148.60021255213513,14.361476186182083,30.0,173.75465850222756,35.921463866609216
379.13407649915143,3.0172809208150015,0.0,375.00811378990926,-7.712206262707035
127.7672482383547,8.752118804923036,30.0,145.37924022352865,29.194019036427513
412.71142210559896,21.360489010062313,30.0,439.4842201239478,37.92944214497197
357.65783023350167,14.952919800822578,15.0,371.72340774646807,17.690673937324195
432.82487566780503,0.00015809381605196883,0.0,427.76921020192987,-9.811724172776596
117.24507336920117,-5.73421313108976,30.0,121.71686625173471,14.591981923835315
168.23598098644737,-15.28384437417597,0.0,154.01360771103893,-22.068445853667644
241.45377879289978,11.966845549483212,30.0,262.6461209063345,29.326832469231164
330.71602207172737,1.0159687856132882,15.0,330.5441198426739,3.385027651667695
307.0930069817779,2.0916813378426884,30.0,316.1660435109451,18.533431081712077
328.472454205989,-18.37954500659141,30.0,320.57208148397467,3.024450378592384
247.1990753090382,19.978457705964964,0.0,259.456292982485,9.122683580933302
462.6598372767123,4.393325268849303,0.0,453.8558890347079,-9.062853981900645
257.37594259451913,-18.3086654085291,0.0,235.95405271693897,-28.410879455716913
400.3487740811352,-17.418290493356274,30.0,395.10841310348485,2.709447156956937
173.67280052482164,12.10963331248739,30.0,196.86414087675277,32.05958711383035
233.58078545100437,4.283820118795051,30.0,243.33962892534538,23.089950453840025
143.20800487008208,17.235414853027766,15.0,161.71554851626533,23.71109095077048
363.7293275845114,6.843495521782446,15.0,370.8509446701835,11.657572530283158
459.57166524164165,12.942573251907314,30.0,482.08846757393246,33.102765915742694
210.8521920766725,-1.8271873442002953,30.0,218.76969743793185,19.66322759621634
61.37348996487099,5.4662296238314445,15.0,69.86985419344335,10.887842812882965
252.481465614559,-18.654979338276426,30.0,239.28330201132994,1.4055066681576385
487.8273200332308,-3.838088235965368,30.0,495.8103108389813,17.665286580715627
276.10736640012584,-11.473766425650046,30.0,275.687950459482,9.94577306128625
176.783308486048,19.58294240387658,0.0,191.3702484531477,8.970375167081503
282.127773746247,4.01096341376619,0.0,283.5840435714849,-3.477970128508396
317.0426177199117,-10.703031681373737,15.0,306.8085348893126,-6.3816218455613125
414.23485271381884,-12.670681996684857,30.0,410.867529815199,6.911697989914465
235.76196396728426,7.85587799032329,15.0,244.84437770062132,12.681919384496975
409.4626290566237,4.369443248704336,0.0,407.4104817953018,-6.68950411343031
222.7968178267775,11.705634308555243,15.0,238.97863870127642,18.0149779104683
265.660564381787,-7.713050214646389,15.0,259.5808738023569,-3.8686514352147725
499.2967080719744,-16.690985045021485,15.0,480.91479781939705,-13.422153721941154
417.9933250573546,-12.769505608151459,0.0,397.56974448501916,-25.64293220184261
494.8528112089553,3.8615993995724267,30.0,506.4012625015805,23.312750656597114
336.7155118933522,-7.2155894848122655,15.0,331.4390858631312,-3.849744495684778
363.12267041040747,3.654232893073716,30.0,370.9438040903672,19.448165921674292
84.91806181107134,13.4354587903511,15.0,103.58676751814318,20.400761823293653
348.66018095546656,17.406563318711928,15.0,365.565810843061,22.41823471527069
339.2018433865114,-2.5504832389503513,30.0,345.554325206117,17.623857249798323
90.0518438547255,6.369393254102505,30.0,103.23689012170706,25.51338332201715
300.77202943990085,-19.448215973807418,15.0,286.23220504453496,-14.65154247928513
69.39087002622888,14.183728568315669,0.0,79.42186348835142,7.43292020354129
189.3304597778986,-4.57799996220133,30.0,194.00240676123695,15.181201772478227
163.70655795945154,12.769200831858111,15.0,176.55257840236658,17.813011518955182
198.88083376512728,21.17780233664323,0.0,214.2569659333077,9.688947292131257
490.8094739171934,6.065113602038109,30.0,504.87484100974984,25.34074950977492
89.11430240807513,12.176983726054525,30.0,113.51719239493292,32.71000551898814
420.19325019325737,10.51596817551549,15.0,431.5851862996036,14.524032005488365
113.85592917265156,-2.9613518268387518,30.0,117.95297889438709,17.36039819645376
379.2134768862732,19.16169753779371,15.0,399.02838507041565,25.036270765544696
78.85099675723104,-18.110857203697122,15.0,61.64916784108091,-12.870047984209787
457.6138292446688,-18.274803706620386,15.0,444.27684512951805,-12.939869829940843
454.95228296553626,-20.140563602718895,0.0,431.62627157242866,-28.04397017454985
448.0808888798955,14.592667130898421,0.0,461.06977410280973,8.512790319138329
395.8544054200775,1.2426271659722183,30.0,401.9132182028269,21.07628529084319
337.00329497779273,-17.285619733063985,15.0,325.1572515486992,-10.662972747356113
292.85176557072396,8.44776161852755,0.0,294.1387362951665,-2.970807936025171
315.86015369004565,-1.0148564782497533,30.0,325.46473662369,17.685977325820385
427.3727292379653,-8.92687890452992,0.0,414.5177170332481,-21.534131863593473
293.58897874390277,19.312375636808994,15.0,313.4727404168881,21.805624824906747
479.65535021273786,20.96922981464133,0.0,492.52254966670745,8.29947558313312
168.01266237448513,12.714994076764622,0.0,169.2313892078345,0.36719224281990037
284.91889479660716,18.53336867142315,0.0,294.2776255827777,7.597692665047919
377.72542489905373,9.634733969962983,15.0,385.5448496439878,13.784817019830047
185.9661743015816,3.8795463824693486,0.0,177.8827285831206,-9.427814402076255
57.848087480037584,14.504806118453143,30.0,80.66538585807007,33.81200336907706
199.68991876313424,6.699473224531142,0.0,205.55118196892585,-2.9271429396085935
341.473772353079,16.094659934604913,0.0,354.61042546379485,3.544806419751307
169.06958375141858,-15.507205907358186,15.0,155.38896048353624,-12.962333839031931
373.35961859344536,19.578040166108092,0.0,387.0605803494282,8.852639619946974
459.98015685951765,7.512361492708713,0.0,462.95409147249546,-1.719927236124846
388.47456956375623,12.016840119178589,0.0,392.6327804051685,0.21372235349846136
470.93788604779394,-3.4941528145910468,0.0,460.4537472336265,-12.534210103263472
425.0932297724256,4.709226948038467,30.0,440.260800321259,22.638691296114512
494.2374555082426,-16.40936087703425,0.0,473.2834713172227,-27.036060994008466
461.57854068109685,-0.03402751206098431,15.0,456.48332612161494,1.476656483073846
116.73212075150197,12.484053507001791,15.0,128.96412653746546,16.474668548002448
88.65720686585036,-1.0787601404183567,15.0,95.43483988781327,6.006376261373926
128.13382411295038,-4.699970592134362,30.0,134.24924900944913,18.41749154057892
263.72042127638093,-5.8619130648829065,15.0,256.5338878061397,-1.5094696041168127
195.8464809517521,7.031739094877281,15.0,213.88438602120112,17.540040243246022
451.7797074405456,-0.23733897638598123,30.0,463.44914485988494,20.826410808745432
102.21817791210984,-6.9215092443715465,15.0,90.20701823921479,-7.682773402270252
318.07721150070915,4.604631168096544,0.0,316.327191632134,-6.022835500073125
158.27377080062266,14.201178476038393,0.0,168.70031519680316,4.700804767313688
159.9453631591121,12.917813403749683,30.0,187.87489765040613,33.516827697718526
126.36137395009283,-17.743037248903878,15.0,116.21796886954164,-9.779919301156994
197.94716556387144,10.409999500176497,30.0,219.2311797807805,32.879559092127735
163.6585057936249,-3.008214427435547,15.0,160.666409920571,1.6429938106497453
242.3062921988434,-7.6012512023135725,30.0,247.15656081866462,13.903104486081439
138.08391175019557,-2.0551933756072387,30.0,146.44291925446333,18.222910135715562
264.9527587742897,7.188256596390355,0.0,269.16898170922826,-0.6920290727839173
220.17828257262585,-15.370664445651526,0.0,201.70091595346912,-24.342265336083038
224.92222614097992,11.209144483484778,15.0,234.30262638730096,13.52907963003354
331.1210189627242,-14.548960913260487,30.0,326.32185018737835,8.091862241241964
76.20459520659813,-2.0691390989900844,15.0,78.38489363377798,3.5827081770581337
388.50765693354805,-12.345367892037931,15.0,379.4405437683058,-5.48719907022091
150.83329546309128,19.803481095285722,15.0,172.66305622892216,24.409126288135564
177.63825524996113,15.903811916762393,30.0,205.029110292697,38.018054856458704
310.6513125779771,14.504511909010684,0.0,317.5913584047839,2.9537232121938466
338.74403268757703,0.5130790618671432,15.0,343.1642720298799,7.543409891923737
236.23081327456774,-20.688062006648508,15.0,222.44454669722643,-12.464133711570806
145.35744292529856,-11.296739030008167,15.0,138.322246393994,-4.6821635381408555
125.76787378867867,-12.916783904597036,30.0,121.35332244820641,5.050332306054823
270.5370199658522,-13.082474053653199,0.0,251.297360053422,-23.488864917632828
496.0139167155759,-8.707576328919554,30.0,499.1331947846048,11.194691412493873
412.3239280047243,17.650300894977796,0.0,426.1131681163212,8.651830809203343
324.0407937192442,13.906615423346922,15.0,343.7267172047425,18.713381080122257
262.73197723711314,15.373425593952163,0.0,268.75126873883363,4.856101848696422
262.32561585467346,9.561972077933799,15.0,274.21672674334764,15.037651968067049
296.0956758018951,-17.009987513434787,15.0,283.57896402998625,-10.158098575926276
189.9827581220172,19.745794876117873,0.0,207.4324398614786,9.849989704641263
116.2018900913557,-14.804145042193385,0.0,94.73169228444485,-23.1742665479268
89.79450692206761,-2.6569844523473383,15.0,91.84810608547969,1.6406654117591053
174.7120602737187,-0.5235728066422412,30.0,178.78419810469057,18.43923994090478
341.4932105853946,-8.046464920833666,0.0,326.81818206748585,-17.663426073864944
284.73151303392615,-9.108726968929163,0.0,267.8652993048209,-20.12995419904678
351.2028201844951,3.401999374132588,0.0,348.041562084949,-6.531118180318348
348.2017234952187,-0.8972356377490964,30.0,351.18782834781155,15.121705905671732
260.6926935919686,0.02780540698868783,15.0,262.91983014584883,5.657723426108632
360.2140835658943,9.079285768637886,15.0,367.65924541810585,13.06499882231828
476.2811657386981,-17.13469881548115,0.0,453.2509463829772,-29.409236291131183
208.92304600177445,-7.974871910680269,15.0,204.41516413564634,-2.0258716064276037
137.9391229765151,-15.099800055298026,30.0,131.73097994197795,5.244153976621195
387.58168183235335,0.6620922472369468,30.0,400.09980447918036,24.854285784835614
73.59777164605258,-8.480858127889908,15.0,70.27819164021518,-2.061938493468306
389.81816291243376,-5.309945819498518,0.0,375.87808840404784,-17.391484069649895
308.2161259808314,-0.27692599921351224,0.0,295.67617241381333,-14.599383405309734
413.89225589940946,4.1957648936105105,15.0,418.28906016244525,8.15606886418951
455.65569478108216,-6.002984593058805,15.0,457.03606422006817,1.8424062241912864
118.75565036062002,10.149214957352267,30.0,136.74731666187563,30.41354397883046
293.37072376235363,-17.826770269336198,30.0,286.73996701253174,0.5970560051486906
131.89713093396784,-13.842085109522866,0.0,112.60165421914448,-22.924423377875982
409.162031551551,12.214413457109336,30.0,428.7528651937959,32.38610304857875
158.3079360609852,-3.5238691422774915,15.0,155.73681549816283,2.426313949250023
93.98209478242765,9.472332543090776,15.0,109.45018765086905,18.38004507544237
91.83122806667807,0.36956409144038505,30.0,103.59795880004768,20.049791548612692
116.14293303681579,12.54842155012722,15.0,129.9317146657064,17.361787749071592
147.49107620283542,14.983738873948125,30.0,171.99777344967052,35.17576383449395
349.1627614004845,18.704745699469928,0.0,361.811025217071,7.602986040140916
428.4691185615952,12.721915772819273,15.0,440.92973704028594,16.026527602233962
97.77784294301846,-10.161454307740154,0.0,82.7394977956559,-20.07164487816078
232.48127481479887,0.9924783845392513,30.0,240.26017188742443,21.991459490384482
467.54248146750194,1.9201127499618271,30.0,482.5512642779978,23.98397550213071
263.7458338218275,-19.44894803059184,0.0,243.34488778767235,-25.179305591271333
352.85140822115955,-13.726286418637496,15.0,342.17004180263393,-8.086986098685426
231.61817398489762,-18.83515164601823,0.0,209.42488839715492,-28.72751705607704
311.90862291492266,0.6141595319308961,30.0,319.21929502587943,21.614707523727027
331.2976925255991,-5.674158926299069,0.0,322.11720022456535,-15.87998080759841
288.23971352332177,-19.34174928793931,30.0,281.5471797548545,0.2204744017203133
334.809660322996,-1.5382584423175163,30.0,344.05064070591555,18.565771796941547
343.11647324359467,-11.38138695780635,30.0,346.00241326050536,9.942922276203511
499.8856679424102,16.878410122946367,0.0,508.6266790879972,5.794765034070341
428.7373885373241,8.567692455290793,0.0,427.20807123203593,-1.7144875512254742
452.60818687938763,-16.613136733167494,30.0,446.1442912135693,2.8588483247288323
387.7968776593183,1.681344074011656,30.0,400.2827665997722,23.557457067951137
290.8212026040759,11.79275260421041,15.0,302.2694729993241,16.00436738442076
271.80501128229207,19.43247247296329,15.0,293.81379482604376,24.399480550354948
489.16425448355244,-12.744973230134118,30.0,489.0436036098628,11.535706089951425
194.67727231021436,20.46284558822837,0.0,208.00935327196794,7.853584738404361
95.13891300544203,8.364190358435199,0.0,101.1483954327857,2.3235761895067064
68.2582303208292,-15.359988913073817,15.0,54.53871873065711,-12.776686747538033
404.8173091060239,-13.370058591109272,15.0,392.9685570045415,-9.140891378970029
179.91858859811708,-7.119444326143374,30.0,182.28107809614363,12.930644982063882
126.5521857190584,-16.06518756083857,30.0,123.85631076095282,7.470120801183432
218.42402750638814,9.235944212550317,0.0,221.46013027703472,0.15906551298183658
191.21236502802014,1.0957174532505782,15.0,198.2540871000175,7.609431834672691
210.65708911056836,-6.9837457017056,15.0,209.02281202102918,-2.4892374848757903
298.3674484605529,-9.207729722218359,30.0,302.46081521239154,10.718163842150966
489.25495396061467,-14.220157853487352,0.0,473.98721487915384,-21.28082469214039
486.86782860975717,10.131662224847288,30.0,502.5145170865745,28.644009787885615
411.13146877411646,-18.695286856855223,30.0,403.2228654187478,2.2825662006314893
217.71405067138684,-1.3733285998154718,30.0,219.39914270249324,12.424262386763907
158.50594758231614,8.182625682599227,0.0,159.60795319622022,-3.198763447927714
332.2455148011817,-15.598194819614692,30.0,326.29515058661343,5.418182612603436
499.3206989448269,-9.094215385002022,30.0,503.9794701253275,14.66328930044562
340.0813550542182,-11.250934926737706,30.0,340.36240172679726,8.656017488055053
413.38831872819367,15.991877617823276,30.0,436.8361394877284,38.92819307582023
301.3700865595072,-17.27580187784661,30.0,296.2637354459491,3.867140022508522
343.63620435128684,-16.108638669791414,15.0,325.05824492771495,-12.654015461711015
448.6714456516751,3.9952435254526373,0.0,452.06967173176196,-1.7923801707305067
235.81801141301804,-10.39496020781553,30.0,235.87196551743168,10.465777659293323
477.38715720679846,13.250521770112659,0.0,493.34598163873443,6.0812583256406505
328.1454821151997,-18.76584696994231,15.0,310.7414183444547,-13.219210572096323
396.0562565950372,5.06230109809818,0.0,401.65572414792115,-2.4502971692588
201.4557675702304,-4.422498959220366,30.0,209.46680233826876,13.520522378448838
469.9535162992722,-4.129414354128206,30.0,475.7921483860299,17.57051432338753
379.56424698912565,7.611458744106471,15.0,393.71683838759094,13.666907302572405
437.0410960809495,9.113595836988244,0.0,442.6225095850099,-1.4352088200005362
408.1203142842427,-15.02788879222304,30.0,404.6484238685094,8.296172456149934
263.5495130624298,2.8533154956542073,30.0,276.73712278368976,23.374066532059647
75.06951786269143,-5.905019473397467,15.0,73.60591172603743,0.18749540715787738
146.51714957397468,-18.873565305539664,0.0,126.92869939682174,-28.52245961779587
213.53198522400555,-9.520734488192941,15.0,206.9702959866025,-3.758802601858271
248.88236721745372,17.022153693714802,30.0,275.16736054918465,37.74924310805574
494.0433604123052,7.41411295766547,0.0,498.3349290165688,-1.4797959922159585
380.2356782249925,1.2255866765702956,0.0,377.25401993269224,-9.464763920131322
429.0671185628549,-12.765350746055352,0.0,414.7727088134488,-20.632600829561007
403.2607692132736,-0.5671384495346994,30.0,413.60178160913796,20.990040366930124
80.39444746580355,4.818408571495101,15.0,90.40934772286428,11.353649473198406
490.37696056804066,9.185195961681815,15.0,501.2804806870346,13.943156080370652
463.37711988150136,-7.26355159118944,30.0,466.4393720631968,14.20800506998333
245.75529574768885,-5.551473551588811,15.0,236.04899946791423,-5.153715873668645
260.0853132787916,8.894548340216513,0.0,262.7572043412944,-2.491248824908922
192.3768423190338,-15.601570653955466,30.0,186.2784051833858,4.876965988593835
67.5140503007475,17.625483005331038,0.0,83.85766253591127,8.990304117846389
415.33246324984736,18.389240936649756,15.0,431.96872433162093,18.356128970132335
331.7012424744948,18.170711740356076,30.0,360.9420384017482,38.93463248272525
95.28911147184462,15.187545252420382,15.0,116.46036779497919,20.617848840600463
490.32352504150174,2.71636130074081,15.0,498.39691646817994,10.583183181171911
326.59634312329473,1.6358024339730628,30.0,331.5685494280976,18.13166359969584
299.3416635527817,12.691884539579437,0.0,306.9834363076215,2.209695063844908
487.7201661085436,2.577750901810643,0.0,488.58168417782656,-5.6329675615202355
458.941396432277,4.340194728005702,0.0,463.0086436922691,-1.7728793893411208
167.95330702703353,8.881942943336881,0.0,168.3964448417528,-2.8977323310431906
423.5514870522314,14.380618918403357,0.0,437.1631105435156,8.428819787255538
270.9080323881137,-1.3228624510224833,30.0,280.3444562345366,20.012250236134054
358.2794834747307,-2.9589738085363657,0.0,349.5780704955845,-12.853470313202813
303.0997128403891,1.5601868862565982,0.0,298.8965003769619,-10.32730399170509
369.061885599835,-18.232443268683042,15.0,352.51930719063427,-12.9668142741804
341.9892681666457,13.11451735889943,30.0,366.7228992733329,35.00319999139195
263.6642973983024,10.14210706256266,0.0,265.13932524226925,-0.6817304503297734
444.41872963416216,-2.581989056941692,30.0,446.2376559790084,14.659831785629333
335.583605120336,9.136757782201258,15.0,350.021311554193,13.759217242908509
267.5374862293277,9.205869631432638,15.0,278.9742447532145,13.448469658627754
303.3562689148152,-3.981658724611199,15.0,301.5151632258143,0.6617952990495848
309.76491148138564,13.558542837564083,0.0,320.34968776939434,6.332590992025221
355.16398248471495,18.13836004915476,15.0,376.6969082461906,21.428844238363883
330.9724891549782,-0.22239725248118364,0.0,325.2480178995462,-10.395497233819487
242.4161008238921,-2.6930474817907166,15.0,246.8714427287227,4.240233849833071
237.73990884548806,-7.498554873552797,0.0,223.44985134285113,-18.67504368411173
323.46994550817664,-15.167152627563928,0.0,302.1062366738768,-24.18444092338408
490.9076590160838,18.81537610086698,30.0,518.5451701545257,38.92115643575366
60.59125920694094,-9.361740953031646,30.0,61.03884163348676,11.435638226140878
311.7596492127088,2.0699074456217823,15.0,317.2827499909922,5.250744229435327
263.4613121048147,-14.004846294343588,30.0,256.2140382663502,2.8271090529528102
112.093876874247,0.9089927430961264,30.0,123.4099999796588,24.137482109224695
100.07363264775199,-22.21009210500754,30.0,89.8304725435691,0.8891229360249966
90.3998954591479,10.101869952800213,30.0,114.99967870724633,30.76353438438823
340.6388731812486,-17.609032436576136,0.0,319.1523851802783,-27.426998904323018
83.23745953175961,0.1398892139965544,30.0,92.9103500559171,19.007699875862677
476.3723240092016,4.203393404596982,30.0,491.43378680105593,23.938569685747346
296.86242937221135,-16.742680795631948,15.0,284.9244306469593,-9.904520054694178
159.15062443089954,-8.541808101853213,30.0,162.16602287923257,14.166272913991612
482.9811615929801,4.625377286843623,30.0,496.4473750970865,23.441987685146085
251.00772973642103,6.724273626138294,30.0,265.82603849291615,26.97347752666177
107.3933202018417,18.655813113626657,30.0,134.5627759187387,39.13823341846832
495.9112315552435,-18.11822531698361,30.0,487.2268108560202,0.3591648619919816
234.6152495350425,5.254042426906495,15.0,243.77651065960634,9.298518254813843
138.221587738248,-4.707854805821386,0.0,127.23053860063521,-14.565965536565404
137.30927229005476,14.661602954910478,30.0,157.56045850334695,33.91048219772655
225.32207983800035,-16.292905811783484,0.0,208.86459799496487,-23.030174629377576
137.90994257698932,0.582436488926918,0.0,133.1715731402489,-9.46844055070203
315.7662401078243,14.392985824686097,30.0,340.9701172276615,35.86056006673407
173.03973416058864,12.644377222242577,15.0,186.67937242457856,17.200740145081486
65.09517948759901,5.965688895931352,30.0,81.36637319591333,26.75993113763038
419.2315334366702,-7.627680030578149,15.0,409.89768849343227,-3.3084635221381404
111.87148698054493,-0.21635727704633845,0.0,106.38600808123081,-9.785378507203962
273.016146495607,0.10727574800851136,15.0,275.5613802790539,5.651103285531168
486.05611503575585,11.706430060629257,0.0,495.84398425938116,3.860097524826802
217.9970624574613,3.481725782096602,0.0,215.0712102496491,-6.894703130777415
74.48645321403713,15.373056889296222,0.0,88.37812305179257,3.968782780674612
447.64345781946656,-2.449148207330254,0.0,439.74385169949016,-14.22135081264186
97.42842323397564,7.185771781712953,0.0,99.31228551285442,-5.8418319918928105
313.0003144871751,-14.628804618273561,0.0,295.75045264353815,-22.183352633358496
309.2137800314595,7.449533843227259,30.0,326.82356096315544,29.06835767450224
366.0573784612276,-19.30269267384642,30.0,358.11747920275815,3.358695864727995
296.8336664435513,11.020232022030743,15.0,312.29404812185794,17.713533697740427
415.36561615518826,4.112246680180334,0.0,417.2369018696087,-4.618752462971148
330.854820486224,13.486860164689084,15.0,348.2288814071047,17.979814642114437
476.39678485342677,12.892049135230927,0.0,491.13955718161696,5.591937017874425
248.19886962064322,-21.596687411340262,30.0,238.06772036285312,0.47289766945811706
158.95491719006736,6.481333666619058,30.0,174.71000210573987,25.084357001871116
257.0170462096294,-9.32812014156976,15.0,251.65287238089186,-4.560698523269124
432.1256328367492,8.018968375315488,30.0,452.4596833122727,28.94900756470298
486.87251224436255,1.919880506302958,0.0,484.5873755636753,-8.939567292583401
63.53455949897824,8.350506045582616,0.0,63.601184452788495,-3.3734908048407313
78.61471395158114,2.4654488838771806,30.0,96.61319743827437,26.154712110785173
447.2613215845786,19.673931353673133,0.0,462.9651380451621,9.302099311756859
474.0994552666628,6.484097281793012,15.0,480.71265418874276,9.067467002641582
450.82046494830513,-21.16537352197767,15.0,435.11128835247484,-14.355995685203432
439.88807497115744,-8.50405919596564,30.0,445.27848675998945,15.674034847985142
279.5503667031875,-2.409989961353202,0.0,272.7841266676322,-12.688710666780505
240.34194185849395,-10.722731761464305,15.0,236.42063932322733,-4.267521915288853
481.5440073036311,1.0219522820048643,15.0,478.5442070230692,4.689880736108723
488.7295596347353,4.371682522819473,0.0,492.3239719317832,-2.2863531193800988
91.39056905371193,-6.532421577553356,15.0,87.33631178643009,-1.1164287131189887
454.9890126448794,-14.492277671305176,15.0,438.1848588385843,-12.21917051808187
193.06275824730028,4.860669249837506,30.0,210.9382895358852,26.225248959252735
76.74868291870287,15.444774772374652,30.0,101.9354403270517,34.7873178806381
133.3122103767668,14.244813976117497,0.0,140.6685485426301,3.0388920578711627
444.85174937526875,-14.713279496284597,15.0,431.9006211475006,-6.932626246593234
494.40748748259796,-17.709658309391006,15.0,478.5917598023734,-14.57102589704348
408.49317650694735,6.933342894060551,30.0,424.5135363235408,25.524447311547263
427.615490725729,-3.5450342664997434,30.0,437.6225496837397,19.797224306480786
154.3893888853893,12.689027342449561,0.0,158.3069281051646,-0.04425445230701541
456.8715010952075,-5.177545758063162,0.0,441.99342015502816,-19.584131470050977
470.0440947205302,20.292887861573913,15.0,490.75329069033774,23.75068893396894
221.12031426316108,-9.362066280720517,30.0,221.09303538580062,10.424879002805696
381.45082288641066,-11.66724986223049,15.0,374.0335531294031,-5.5096523541608455
134.69833760400857,1.6649027106162997,15.0,134.3584735572542,4.110126991906856
186.43706896119042,13.962607806368581,30.0,206.1424350290826,32.00498571245138
294.2738573849483,0.9493381195142891,0.0,288.42346738184466,-10.470271459185309
339.2557781385212,-7.121655154361032,30.0,338.0115942799513,7.960269831774353
462.74102657291036,12.782860364339426,15.0,478.44371011990677,17.24710875670934
391.085080164522,-9.52279749891098,0.0,373.48495730599547,-17.478219265986077
246.34795444142563,-18.111924082565764,0.0,226.5621128448715,-26.737473002500682
133.51083832708235,-4.441542158980756,0.0,120.91112542908137,-15.904709411078699
245.7103147858752,-11.69740460311976,15.0,241.21469892244144,-5.37684357043506
93.14801619275194,5.846965513852553,0.0,97.7132198434917,-2.098894566634037
111.82700934258645,-13.676820277723468,15.0,99.50098843183781,-10.06991003417983
407.13091574236404,14.629562444591548,15.0,424.4857637793574,19.380119405991405
201.36888105457837,15.790882991639666,0.0,220.19515239737254,9.382848767655492
133.03157397502002,-13.869139844607664,15.0,118.20674406025859,-11.291979311136473
98.23249109218501,-12.568949802872634,15.0,88.9368080629555,-5.9755718703246785
403.24124785169425,-18.84785205704868,0.0,381.6712332292437,-29.55767661545543
478.03880767396294,-9.765255091285743,0.0,464.48625570311657,-17.323762898568106
457.432459543471,8.032481093699076,15.0,467.4949842361533,13.701070096304932
115.48401337495373,8.523429148433973,15.0,126.0163375271965,12.209310385098142
260.62709006091535,-12.1972398142805,0.0,246.1308899802692,-21.782854395746142
59.387510436793406,-11.881880144272298,0.0,49.45659851444038,-19.176918604509723
217.6334088058633,2.611234156325353,15.0,223.36236492170246,8.90834382090689
229.05652309411397,-2.691162802452407,30.0,236.6000200050694,18.018584765493934
252.3164883024382,-18.18602819185222,30.0,242.6403253758841,0.6834141629190498
287.75576013745854,-8.21118581557466,15.0,279.3318559395451,-5.140742233922364
57.60662036814135,10.250198126429488,0.0,62.63749814287224,1.4298929425308025
201.37353537990774,9.840784029191223,30.0,218.26830131820182,29.55536734721884
227.31374279559512,5.133084111065494,15.0,239.31091513322562,12.364846364264011
60.11054761270001,9.635069487112279,30.0,84.25830100732104,33.769903044144115
186.3096460070539,7.808545637759549,30.0,203.9577291628604,28.991881087623916
406.52725074939525,-17.77007160374818,15.0,392.8007976875149,-12.65408986803332
309.2560041868098,-14.513499966036779,15.0,298.58630894719437,-6.517812857760955
83.12787530738042,-11.66540513857027,0.0,66.57445191706204,-21.884445662063406
477.6505613504356,15.029669584536883,0.0,487.9216914187313,4.282040969908497
286.2605565529699,-12.892736082290538,15.0,275.12202291203226,-7.429460052410365
59.146271071106064,12.67843665097771,30.0,83.9874869347659,35.36896304095471
146.6811419495937,-17.45102369580978,15.0,130.5081402064505,-10.95001763697693
229.44737920911626,11.955273205444772,15.0,243.1036932248914,18.169311831246038
252.06743496787948,18.535420038128198,15.0,275.63223853053324,23.96379392633772
463.78167058676826,18.93288858082584,30.0,489.86875131331806,35.07235567795131
102.10154303537445,-13.6652905775553,0.0,82.97869287755296,-25.064362697359336
480.74670337550526,0.3636763381361665,30.0,491.27227866090294,23.24093574607263
209.95675284434512,18.470365119967585,30.0,241.74982141584115,39.75647476151521
273.2226761563922,22.409515007163463,30.0,303.9707641213198,39.07932185242045
169.8975085780021,5.82851436820736,30.0,186.39816817843075,24.919882201098726
452.71933584836415,-13.202808583274857,15.0,441.34372730287197,-6.552047545491067
211.52070752467105,9.64943382730132,15.0,223.51452985334961,14.636520403509788
69.79075462859362,6.977907139138796,30.0,90.22179831141013,28.18231364353175
449.16318762851785,-4.222737762805972,30.0,455.02391167010774,16.855994561915722
192.11302617292986,-11.035089124091815,0.0,179.573267744593,-19.009731448715883
176.80972093917708,10.9745590653694,0.0,182.7480773756192,1.4086767962019309
435.9757691759707,16.94138461529888,0.0,442.97586286417993,4.526006582225474
284.88803186389,-21.052425207295002,15.0,267.33312584077544,-14.211295420835235
283.0928175310003,9.03317143711616,30.0,303.2061655274414,30.64655224713766
374.5284229245929,3.1271712501720508,0.0,369.0550714367931,-8.312619304438645
273.9595278177871,-4.4638869721397345,0.0,262.7951625224904,-15.407119320876987
471.9807040213676,-1.9059232374571198,0.0,469.9620861117907,-8.130330539737809
82.2219346395022,10.046790278017546,15.0,97.16734018641725,15.393524050715971
498.9028642628535,10.550328425675858,30.0,517.324436336872,29.348003413759812
252.67860619981883,-5.582258194906245,30.0,256.9562626589355,16.244990982803866
479.50468838966276,14.442370600175058,30.0,504.32037121019926,33.32860291033283
487.42356096186825,-1.2059736628025914,15.0,489.11890654055134,3.581133786559068
252.87864680614098,7.606566069769775,15.0,263.5430963258257,11.076762581304425
151.66701137145145,-18.259142176547474,0.0,127.39544370427996,-29.518136907054462
209.8258717350495,19.61710851863952,0.0,223.14979925230236,8.058830379773344
163.85398004624705,-6.835560683008473,30.0,167.29093216885494,13.64362518640831
437.25519003221524,5.434058330488034,0.0,432.6771296128125,-7.684822865195944
90.88468789882155,-6.447417463722687,30.0,94.77753451298008,12.097122380478183
493.8225312938351,-18.07797120205845,15.0,482.026993371195,-12.776454928366185
427.8745821485628,2.454042508192545,30.0,439.8475823145875,19.750874746125902
443.47207904125423,5.5252463161471965,0.0,447.2074898158669,-0.5518565942239668
457.31185366882454,-3.32975560537821,0.0,449.85553148824926,-15.95545879426422
240.8206557708778,9.541504054196086,15.0,248.71288661290623,15.712594354518249
150.0861668917302,-17.814737259132965,30.0,142.0647537247687,1.1410170373736328
318.34380496814083,12.963380796250739,30.0,344.9088463953256,34.970007141003975
258.3273888867921,4.2736876675786775,30.0,268.0617625661154,22.574167852388083
144.02583242529326,13.312317278016675,0.0,154.66506046723907,5.846727442912883
319.9934534399828,17.248598707022364,0.0,332.2429156490512,7.237338790181401
453.97462771613533,3.0514228885316887,15.0,454.53808083083334,5.822832149563407
370.91702998699276,13.35528487121449,0.0,377.8271444221137,1.323120608641549
493.0938700146278,-18.256126685663286,30.0,484.37424296565337,3.245762541828892
287.81884874563826,5.231787935200296,30.0,302.6369457077285,24.07042686544101
194.96916799836018,18.32509784590646,15.0,218.01334237727662,24.690678704615298
417.84134130569504,-8.509271478160922,30.0,420.0307257869051,11.995925050378839
225.39027908594937,15.036524601278622,15.0,241.24174187565498,21.9769040417199
242.69889037416613,-6.566829098806087,15.0,243.65988429976161,-1.9203738125362264
445.47633210569705,-14.229847675574188,0.0,423.51007192322135,-26.815424066812167
160.2866730947905,-5.533104023776247,15.0,156.18731863734277,-3.324282287889144
403.21362353205706,19.37929983618442,15.0,421.1137387048913,23.9968253723758
339.74148615731957,-17.14059495312577,0.0,318.5064785042494,-27.162839000033262
99.20155756706254,9.638683951784493,0.0,101.71780352120936,-3.302073747513216
300.2028530296455,17.855301700046645,0.0,312.65502826558964,7.131873662866671
207.2008425737814,15.372808933971475,15.0,220.67842832273766,17.076576023467283
487.08707315863916,-1.5941333291332236,30.0,496.23808610439505,17.470878164667393
101.33603124618841,-18.152507141918623,30.0,92.09398383581903,2.3201766585453356
80.08604514569161,-6.426956212512646,0.0,68.31165466649196,-16.369802195279505
177.50090636785123,-10.418638379099352,15.0,169.3591605772663,-3.506080508336856
182.34088055556367,-9.553224973870487,0.0,168.35960984283741,-19.085891361439586
420.2459855191685,12.388504237611809,30.0,446.46675925321796,35.25739968722873
199.260841750676,-14.328464843867016,15.0,192.68843006528422,-6.546959036586941
414.11433231231126,10.024923890399748,30.0,435.115810359711,31.147831513827807
62.22952164258493,8.014693998186637,15.0,65.94117440268013,9.960236307614657
157.13827344092513,4.889937565876975,30.0,170.20909736067793,24.32296075267094
226.4825641864204,-10.853631879118918,0.0,204.50788900887736,-23.860456990056072
275.83374575240987,6.230654854528011,30.0,295.32743285675315,27.49662225142498
294.85142382968735,19.659436611734733,15.0,316.46070266621484,22.758292781923405
307.5333143924827,10.496680617825703,30.0,325.3579879568259,28.58983031100797
209.0972125613704,16.258056813706983,30.0,238.341262783195,38.39669253878823
189.5981884020898,-15.464525694415208,0.0,169.63437042459157,-27.370901394728076
360.669723558497,13.134046924820158,15.0,377.8061719875136,17.721514158374216
258.5550547539402,13.630623148403009,0.0,264.3028055142396,3.0593194862606232
278.3079836146381,-15.604324662700796,0.0,256.0684476970086,-26.63992069044614
66.55140785616038,-12.42131214531626,15.0,55.971943879417786,-7.088314085631456
241.0251622075608,-15.34244508424705,0.0,221.14674483439822,-22.89267670858528
319.70325506217387,-6.743142787713429,0.0,307.78287443893055,-18.90683475804422
128.6599521355567,14.24754579392291,15.0,139.65411564689265,16.068253962221426
457.1400402024925,12.804628074334325,30.0,481.47844919799917,32.30836272977338
188.15870537110396,-11.95628020733627,0.0,173.5126713255475,-19.916989158107263
164.9265057039063,-9.176447565677375,30.0,166.08037987412985,9.548007561794911
227.42447100603272,14.4199378972571,0.0,237.21878176998996,3.7313415305869846
134.21637715470436,-13.546697023760801,0.0,115.13276559885892,-21.244680399688114
181.26065934140925,-4.7877513655377335,0.0,175.82350665555876,-12.052616476338994
383.80098376566104,-2.2806795701219835,0.0,376.5611987238641,-13.525941731085815
301.4603128016501,-0.9821715135081257,15.0,299.7447775686305,2.6589858445604975
245.7468304654219,-17.735058060094946,30.0,237.12322523381354,3.5308591496064956
223.14189131356343,19.602048253680245,15.0,246.90208062631882,23.93618461564525
327.87602822953187,-15.768224890981084,15.0,313.8287403174768,-13.72588537853838
421.2031383611034,12.52130246752422,0.0,431.2237448812549,3.6036993443171887
469.6981671909493,-21.341748310467054,15.0,453.70502413647085,-14.26610433025892
485.15536679148136,0.5301619344470359,30.0,497.4928858621678,19.30834079892066
96.26581086327035,20.888228030567674,30.0,130.51077285341432,39.322721509294894
267.4080481224853,5.301932636332291,0.0,269.1462067271374,-4.928208818172752
190.5340003905098,18.85201022195661,30.0,219.28410840311713,39.77469074373353
184.02221443746765,16.466220476010765,15.0,203.65053699128188,21.923482297987828
215.14000322598034,13.449755233569386,0.0,224.26527633489437,3.6215312190143827
102.1364598935901,8.49615417466126,0.0,107.93193737098349,2.65790423960404
161.24153548716785,8.152796997711663,15.0,167.77066839525676,11.411605075861775
69.48944021932613,2.677067999019827,30.0,84.5499866230632,24.803438763184023
268.95801044909365,11.604552401840673,15.0,285.97180552421594,18.57726639774388
101.49402863885399,-20.830069582445898,0.0,78.63562103543411,-26.697363788968005
326.2458413877125,14.164288531107951,0.0,330.9131674604748,1.9549132323455325
430.5876188911672,-17.72887786730816,0.0,413.7845980808032,-26.314532068547475
436.4871782952878,-1.0823885182977397,30.0,443.3675529732381,19.554383132240538
470.1657917880584,-19.75339524800461,15.0,453.65904855762903,-13.910749497545538
223.68908282478898,16.379930211437664,15.0,247.7234673135023,21.08742862784729
149.95195764627266,11.754214485233335,30.0,170.89441371464258,31.84321500089815
187.38329931461757,-16.133999274980056,30.0,181.07396308931396,4.530137787079024
291.789334172316,3.2414679514658227,0.0,287.93223003180805,-8.268632960986416
332.4910726581597,-15.118463322408015,15.0,321.75768232640235,-10.048118260169112
282.5091059599875,-2.0866660015157095,0.0,276.73909593669697,-10.678552758954755
160.47017164162955,18.877851802565036,30.0,189.1519339958248,39.21766001583329
191.48965864156068,0.7958656635010972,0.0,189.8149026705723,-11.215957631559224
432.60781351565635,11.308706420474318,30.0,454.91211552215134,32.33629222520216
354.6464958279584,17.07754101992338,15.0,372.2322047586201,20.245451908879208
452.7427869597915,16.60207752605652,0.0,466.6944063235196,5.908744360282466
109.24490579884866,-20.511404256669298,0.0,88.1591633367006,-27.83065786801249
88.97997532997144,-4.919793839873212,0.0,74.77601597055217,-16.612662288327925
86.8232993220989,2.9666772355951374,15.0,93.6672633793771,7.61866205687673
399.98680964466394,11.91436321647079,15.0,412.98636147669,13.006578710574423
481.11752291323575,-3.366629872729372,0.0,470.3283840119702,-14.383471058109969
151.18661360440115,0.264491637320195,15.0,153.11102574527854,4.721276626948939
260.300827844217,-13.773814219148985,0.0,245.80635208356463,-18.857002843416627
406.8677145294385,14.077488631305656,15.0,422.9282600638013,18.287741212050587
468.427292516207,14.236456243728192,0.0,479.22708579374535,4.457984464173332
500.0291374638308,-16.97102657781702,0.0,479.82584784298973,-24.09586150328612
146.1029895926782,6.402643879987634,15.0,158.91100232362515,11.862525758268106
243.8624557172346,-2.2654225399772403,0.0,234.89055764160034,-12.485584562295983
71.09270728328117,-13.24418229653694,0.0,48.09770241364992,-23.854312794887964
147.83055578380856,-7.700378409857724,0.0,137.07771270982113,-19.07302424590594
157.71087035417887,15.071323144762598,15.0,175.82156755022606,21.230078783233335
398.4312300083806,-18.515067897322336,0.0,374.7059087801259,-28.733068259444174
232.7849090310481,8.373552411612746,15.0,243.120037818023,12.56803207877024
80.72835489378804,-0.800108381916325,15.0,81.90966794151,0.8466957625498139
131.91609915916285,-16.760362222108313,0.0,110.88055443869821,-24.535561745743255
238.290431553978,-2.208323680695529,0.0,230.41164256784813,-12.800944636337835
343.62057685784845,-0.35355626232490955,15.0,344.2958342172527,2.231245422102159
127.32424782945436,-2.4346492426820485,30.0,130.7302390791544,14.992935003936768
212.75645723610324,6.887664916554689,0.0,215.76087553369575,-0.5871009327146481
54.95667920637666,-14.63753396125248,0.0,34.69917092498927,-26.217985049017344
246.16066650042956,-17.682176885540642,0.0,220.56390599907806,-25.79593032124775
447.2890713022944,4.722894817199707,15.0,450.76193181035956,7.633844222027822
101.52262267101116,7.455531861073192,15.0,107.66353679467876,11.509437283543889
207.62909783268515,10.172171217943887,30.0,227.02743631682264,32.96457339879173
176.65335847766866,-10.737608242955071,30.0,180.1333527722444,9.99269038980874
361.04407423202366,-15.488627853449259,30.0,358.0368484284267,6.036565971309162
70.28509735457096,8.073969683979817,0.0,71.31476830664128,-1.1246582798051747
221.77255661898096,-7.896486541560102,0.0,205.6537361023497,-17.018717781200028
244.83348386516812,-4.252875001088276,0.0,237.2034559243884,-11.178070374664433
397.809866788959,4.77642939881601,15.0,409.05431396946955,11.159279488949696
331.9366345085513,6.970180513667826,30.0,349.3426728095811,27.268277671355897
94.00233994865481,18.97187505568155,30.0,118.89697418121227,36.44791310570716
168.50680135991396,9.057917601154841,15.0,181.48931528871174,19.743766644104237
462.93587996647545,1.108197763798493,15.0,463.40906477528165,4.316347756511512
362.416326436196,3.0386361826490385,0.0,364.73014490069045,-2.9803620692858246
53.4788109719266,17.456786383651384,30.0,78.69553335966323,33.63217020845663
436.4542218365004,-13.43710523765864,30.0,429.57846239341586,4.356047279826759
380.07994997279087,16.320520137076386,15.0,399.21036010856335,23.06434121199211
406.7172634231002,-12.25482493913678,30.0,406.5759926695335,8.898030767705183
486.35480645817836,-9.987665855636209,15.0,473.466671536295,-8.178184064803197
262.38467797503984,-9.883714153941334,0.0,246.72678268301203,-21.010281840119816
254.6284315032518,-3.6393937197635657,0.0,242.23934999653946,-15.63135311837074
175.47824004219652,3.466791167239799,15.0,183.29106922513324,10.677222529613037
60.06368468528622,0.4385395472054461,30.0,69.40309679046337,21.894961889850215
231.49542366097052,-15.711589103347091,15.0,217.62685428270225,-13.56595053458047
88.34217814354199,-18.516350302524224,15.0,74.64208551398792,-13.462750863970687
328.67190187937473,21.792191744294094,15.0,351.7024861717449,24.72873036104264
259.27375858553296,18.943335419860617,0.0,272.88503897032524,7.939170774719042
333.05287643344695,9.005975664470162,0.0,339.67864994733566,-0.8899691972077335
187.89091800643126,12.654826180410415,15.0,206.42121639158543,18.96929598146863
475.8772174923381,16.676042928602406,15.0,494.02162760685644,21.475601017707486
440.82023193786335,-20.877939219615783,30.0,432.8388662962344,0.319896722990638
100.24099385220207,-5.282291165790402,15.0,98.39313963539254,0.1293147489316251
501.6523561363214,-11.26136006696692,0.0,481.16165575433695,-22.59163849293989
411.86490878963184,3.6433807647264924,0.0,406.0809638124259,-8.062738316697509
235.80228625482198,18.779587328712196,15.0,259.05489368744446,24.630091540250593
313.2611703793608,-16.389939004865237,30.0,311.8461145287128,8.121713185558797
474.8535901432138,-9.81328794225111,0.0,460.92748039310453,-18.69701901795524
203.17268135573576,14.551211138729414,30.0,229.19085985275953,35.142155009710905
495.074229878058,-14.078893022484435,0.0,473.6843118788926,-24.18615421786297
455.28360761649355,-14.475386916160543,0.0,431.07669105222004,-29.68675674761708
107.00341484842563,-0.1369807777898817,30.0,115.14817432666595,17.21926659131791
287.69625453419,-11.272205700016377,15.0,282.0647529727419,-3.326831611352535
52.06643377066037,7.336033856312868,15.0,60.851939754089656,12.972660960153977
201.16313476621917,14.478840146756657,0.0,212.13666059988643,5.979493042847768
362.57279745373654,-5.583628138395314,0.0,355.2903093303945,-14.32341631781637
198.1757740944928,-2.01740440972194,0.0,193.1186524982272,-10.224972171628604
384.55285335838835,10.848589772150147,30.0,411.87810073903233,35.44728424173877
356.71213531315755,-18.133538597368446,15.0,342.67715579428113,-12.950794510393706
337.72045273915876,20.43693341454785,0.0,352.92201204817724,9.52236864061192
196.61299411232292,-13.593045353639605,30.0,197.3880503516081,8.064029534284852
172.13938846821205,-11.672833423512394,0.0,156.9670235043454,-22.185829712897412
433.24399924632866,-6.533696855163475,0.0,421.98465752352735,-16.56464650399336
436.57328666681826,1.743832068615833,15.0,440.5998918484954,7.911401464178123
411.8361163670213,14.463156812054375,15.0,429.1935537847718,18.546436085704652
263.2584305885533,-15.921474408551527,30.0,258.12254197020917,4.380664151842915
499.6802497480497,-6.362587960149023,15.0,492.1199064256617,-4.575922671965614
73.04320269237698,-2.0999887501490315,15.0,74.65433619153362,4.321255852341821
240.51908393238494,2.6405084940285173,15.0,245.33418808169168,7.279376244476513
249.2874438805507,-7.3121657655988646,0.0,237.0553560779787,-16.727351795515926
494.5800369120821,-0.8586884403946804,30.0,501.4862536235143,17.912631123529778
411.35854279563216,17.472681901881494,30.0,439.25052546360996,37.82128658246364
285.9295335267422,-15.94776538805234,15.0,271.5785139874006,-11.768572694820172
65.79402101091551,11.02064489985105,0.0,74.57438992546517,3.124095975423817
304.07659600257307,-21.533971907112125,30.0,296.1135071333122,1.6093914193253624
431.39712458505073,-16.673176526458704,0.0,409.8693610137624,-27.118992694855383
196.43616842483746,17.258825371237453,15.0,217.2215332856579,22.832794625760197
118.94542024760317,-0.47476908172113763,30.0,119.63368461797027,12.92170068496142
159.60736340108056,-12.170094518892297,30.0,160.0187968379931,7.811469765350946
216.39307844607163,-2.397606992354345,30.0,228.4393782497804,20.045535916001295
312.4317959138202,18.223152080565754,30.0,343.12359582164936,39.22424663695752
123.4266171354534,-7.740556313799448,0.0,105.85581715134776,-19.710550891919354
425.09011838536725,11.059283891741776,15.0,439.4143539392704,15.928787140582866
187.1047653150344,2.8953817405834474,30.0,202.31999172072562,24.805199639023673
191.34734028583625,10.796471732523964,30.0,215.51494381357023,35.09041025957484
157.42127874482114,-4.927976942377441,0.0,145.98873133954953,-17.210775796647944
216.86866143578234,6.572471614607067,15.0,229.75836477075998,15.287231106885727
195.76791654393125,-12.11808162340924,15.0,191.56257542506566,-3.533462784559621
371.5660867745685,-9.120788067809317,30.0,373.63278580819104,8.007070526014033
338.52880717556354,-4.673725551456258,15.0,337.7587987419376,0.4184491933535206
77.80220139105755,16.665636847908587,0.0,87.15628969078753,4.655718652785286
391.34033842937913,-2.3608372988561994,0.0,383.28706070166413,-10.335568757079844
271.98649453436013,2.482690330392918,30.0,283.32685289104637,23.310797960521093
93.61449372211771,-5.762879210348029,30.0,102.46141691746975,16.980653277859375
454.3393339701402,-18.196742704013673,0.0,430.9254309219123,-28.02846711273808
354.23392249741266,-3.9049273586426883,30.0,359.5777506098705,17.41225652091921
466.83927763354563,-3.509968870382224,0.0,454.02907192440523,-14.926012152695282
75.44408074894677,17.6107781466331,0.0,82.89286226698258,6.071376553827218
422.6923550398871,-11.756741917424737,30.0,416.0249793297401,7.3785894834436885
93.63451681610934,-16.990367866731184,15.0,78.3213158935552,-12.799258814956573
127.14735195461982,13.75943056833649,15.0,147.12888484806933,21.681033870065537
455.93340148523276,-7.000473464225274,30.0,461.0112260945134,16.642268221482755
260.19654910407974,-1.9335463880066364,0.0,252.3066572917168,-12.487740240357077
136.87145284025314,13.56442006719492,15.0,146.22946621987256,13.688000254745521
184.17964304074889,-8.129346270035638,15.0,183.36158738833115,-1.1613699818938237
158.80431183235888,0.1717762809534702,0.0,150.88675006343314,-13.5581664900721
104.72867254163013,-18.337663653716557,30.0,96.80589205599554,2.1798388107234494
303.1795020924916,-1.131096610237429,15.0,303.1861190319807,3.2248685970644466
300.7887961082669,-19.97152487222507,0.0,275.4812220445436,-27.636978627872193
334.89675817592206,11.537833586344483,0.0,341.4975891066943,0.7862442960662186
379.30479409340904,-4.1945462485919345,15.0,377.06581623237304,2.2719824066099363
352.6418899395963,4.578644227415379,30.0,363.6029096777785,21.29609982342342
135.8969911416635,-4.271051711080717,30.0,147.13384225645936,17.61242643439289
369.302792432796,14.383282032164589,15.0,385.86965084221487,19.60987948315147
191.05040759747737,8.485105296292007,0.0,188.49929993352745,-5.492047035793373
82.45080626927741,-11.334648278912612,15.0,74.40177857051984,-6.245860955292297
495.91750415150375,12.493542064414067,15.0,515.0268756882701,19.206249496590512
128.96395202037567,-19.93124820095568,0.0,103.34363546478279,-29.205303781466014
267.6684836478967,18.41782433387454,0.0,279.94993344631143,8.137980255408575
304.7588965680352,16.632260134330544,30.0,330.8998889506916,36.87448740536951
131.75544638606112,-15.895656931416696,0.0,110.9935837767411,-26.926844781046317
250.33455587579513,0.756893085164025,0.0,246.00893468811205,-9.646955747431345
69.28681733319948,-11.903247799072766,0.0,55.12598498929085,-20.415756921148557
167.48065939823323,16.041489174700406,0.0,182.07095502441072,9.088157969250087
333.328518771195,14.587335623137793,0.0,344.83116771890525,3.9221526287048754
74.39011606053651,-9.017345423702734,15.0,72.143096205811,-1.847165656962435
301.9496916119418,5.876122937086293,0.0,298.30771645047577,-6.058458944805146
209.37046414993895,7.967300236342733,15.0,220.90097024688723,12.532123238718835
267.4335463526129,18.0214449019994,0.0,282.0296777960874,9.62061770220392
430.0059349090241,-5.683849904167668,15.0,425.0180440436275,-2.032526119935678
359.4482252226171,-16.50454438438652,30.0,351.82094250453133,3.441681406184962
183.30888189373132,11.391734233374626,15.0,198.79660435247362,16.26874387996421
72.16101701905122,-7.941855405771297,30.0,78.28149162145226,13.425888009380625
91.23764869361467,-1.7449998470564312,30.0,102.90942324326943,19.44631317070061
246.2180890116301,16.399579899301585,30.0,272.7531774613119,36.5136126017528
174.075163067584,-4.994162821592683,30.0,178.42388372838738,13.78738058797256
73.57370273017541,-14.704097797452512,15.0,56.89720989149913,-8.653575025434616
113.06774754338,4.611643183715562,15.0,121.26897461882868,11.966826711590027
101.34459174767338,-16.525385184364733,30.0,90.52017667999827,2.374048435980054
72.60779693533189,0.548870887757424,15.0,83.52085884262569,8.67572878118218
130.6591305853913,-2.7894736036883536,15.0,134.52957965048836,4.828026077488325
278.32791153674293,-7.994307390665227,0.0,263.6669292169269,-18.488933882188014
389.09805003114684,-9.913924835977316,30.0,387.49330051911164,9.65422008101682
281.31285525007894,-0.1829707249313941,30.0,293.18253406632823,22.094900028744398
271.7960338264875,14.938048641184778,30.0,291.94681145653004,36.975272692104355
128.23565817597145,-19.206536328166354,0.0,109.0209269812562,-27.05436323462915
490.83688727337454,7.506182481912993,30.0,510.0126833088731,27.935687611050096
477.13110742198353,10.746000625524847,15.0,490.75640454003997,16.474971090801528
500.1339123029826,-12.471986110418195,15.0,490.13167884683844,-6.15357846137155
250.06536125809583,-8.35057486559919,30.0,257.05962144571,11.808828179806245
478.2815358623176,-1.635906440420216,0.0,475.6915424092219,-11.296045727311093
148.0358053723527,7.934314031556604,0.0,155.63737173409618,0.8494875997269951
117.46011315454253,10.144400312702327,30.0,134.6414014745198,29.087423033496606
120.56142070523808,-5.87239931087169,30.0,123.5687770404445,16.276343627753118
162.30332867138574,-14.920317283572452,15.0,153.49324536977468,-7.6626845739457625
299.13804761553496,8.853687919449028,0.0,305.8925008589042,0.8734962192960829
158.43480792508495,2.3090183251471763,15.0,163.14079280316747,10.551107792561726
332.6106720267744,6.223205905450967,15.0,341.44994015343946,12.927336547478617
364.33437915862555,-9.836239582490974,0.0,347.73248911647835,-19.79669878061418
89.20135266722004,2.919890540480541,15.0,94.35598217933502,5.4336294320441105
111.9044979148047,3.7672089446086754,30.0,123.67368581123046,21.18440179873378
274.7771078620216,1.0754843442454858,0.0,268.18005844957037,-9.25191130677976
435.0621861337673,9.458951421815796,30.0,455.0254752003044,27.961973132139736
109.31158804811547,18.77224775888957,15.0,131.1917609948429,25.04688575280291
72.05529736572838,-11.63960155127574,30.0,71.24743270619074,9.933497860939795
329.3316630445603,-1.5974408122085526,30.0,339.31357780628866,19.88584166537191
406.2292085716966,-10.506400494966988,0.0,392.771959127854,-21.0028065881052
105.62632732129259,9.444474600227853,0.0,107.78850988063292,-2.4811691669274367
117.26048821030803,0.09278603165993582,15.0,120.29284513016606,8.365777513960868
195.380250907522,-10.406860340312594,0.0,181.15833578625052,-20.442828330042563
490.29249720330535,-11.284989968604252,15.0,481.0935812473646,-8.86540388022152
377.26594361049285,9.420078354671432,15.0,385.7883877277147,12.789111537647926
128.88617543207758,19.142404594286173,30.0,158.30673951510462,40.127113308061325
359.70433112222605,-14.227984432090617,0.0,336.63508697791906,-26.216862911878838
302.9151222733642,-12.530224572165976,30.0,299.82176287069393,7.176469444215504
98.91055041504845,-12.645067196841557,15.0,92.4292090316843,-3.4934088010987683
271.16869127189693,13.426154135086687,15.0,290.90632546096066,20.6872707296551
402.76907843702884,-8.95935094517907,15.0,394.19511158936496,-4.80155114590883
52.342170650378876,-6.490664930733408,0.0,39.629213992788685,-17.11932587059673
311.8360460137519,11.932865558826997,30.0,332.2736207705402,30.279974883630096
140.79419022499673,-2.6395342872001426,15.0,138.2798407981328,-0.9173421810051252
242.20452161046825,-3.680081411918592,0.0,232.33927937189014,-14.70184784377146
245.56726031358048,1.9089009652238893,0.0,244.8921201663793,-7.293993047774581
335.46804085186056,-14.863025402089463,30.0,326.1357645177437,3.1884858247019885
323.4798821783888,-2.143193390680719,15.0,318.58420146246084,2.192882930378083
368.5430596921291,19.736319343727814,0.0,385.1866398080325,9.661387374117535
261.70757147834985,6.031771392024714,15.0,272.98574325314024,12.159510507620542
401.533181476868,1.831551196583563,0.0,404.08186305046985,-3.228828473494545
241.17071359238815,-2.4016478262055885,0.0,232.50689177793677,-10.195476098327774
142.05199829704864,-5.623068511165811,0.0,131.5611335325651,-14.153975378091907
311.7498022250986,-16.671024419138195,15.0,295.59332256131734,-10.767910383020723
426.24774364014354,12.783966123594515,15.0,444.9131267758874,20.177871207148325
189.62029985647413,12.166665476604386,15.0,210.56107531094077,18.64522094627311
414.19197494478027,3.761822661067002,0.0,414.976414446843,-3.0987154984935366
90.4400606143312,17.807699890189042,0.0,104.34270166224965,9.432045156485433
344.3359009585143,-9.417314373223954,15.0,333.17001954624686,-4.070802118699152
431.9544193714318,-17.697832775020068,15.0,419.8044077139045,-11.106397509405372
156.97028711971245,-11.254376478547854,15.0,147.0415535627742,-7.472540060710138
215.40150626495355,3.410196789113635,0.0,215.42156041355153,-6.422413287931487
82.0768208854487,-16.773843603528103,0.0,59.63375145694136,-25.985371597824127
460.59672754347633,15.42488412145282,0.0,466.57261434519455,3.791547820581716
380.40938059290926,19.46785045440692,0.0,394.36814731945526,9.82141860052484
220.7406861731055,-11.551388798785348,15.0,215.04933993427383,-2.221868267476893
112.89835048969273,11.004504955666754,15.0,131.06295556232752,18.049336677638518
291.65467164452576,-10.26466895303017,30.0,291.0368251621456,8.874855145655562
411.308665268391,-11.36593447046275,0.0,394.9060222692218,-19.974682390121593
304.8694653702849,-1.1661656900414517,30.0,311.0422745758642,17.78032800563015
157.09360807914186,1.8594262324217916,0.0,151.62585241740106,-9.505567877299683
159.03473176376622,-9.439710957326488,0.0,144.53238357502002,-19.89705909270617
292.82530155361843,1.7455170364282815,0.0,290.47104496101036,-8.629131333658947
493.58724702172753,21.444625400497806,15.0,514.7232243897828,24.301823315534964
267.76205442759925,12.050351950250025,15.0,282.5191257463799,17.77567046743462
276.2613138483028,14.219440813209944,0.0,284.0968072546654,4.539827976237984
498.37937839259,-0.11070138762326476,0.0,493.0095139653808,-7.488409078861661
85.16311710262137,4.177271038184328,0.0,86.45144299768991,-3.1662995616069054
288.22934410093063,-15.329885094346157,0.0,268.29759377468116,-22.298016830990008
52.34697818735922,-20.161784144001714,30.0,44.437873413593636,2.2512309216666857
493.8447783671902,-19.942893884791605,30.0,483.85731832852474,0.36735219200398816
305.03441696953183,4.55672843546278,0.0,308.18836034441847,-4.5789073450708635
264.53395543033116,-3.054497281331587,15.0,263.9434984631337,1.3521421478888094
426.32697096436783,22.677461427778287,15.0,446.771497929126,22.212639323065464
265.9368890880775,-15.473531143899507,30.0,263.7997722513482,6.486248442571435
229.95391986587728,19.78357536560589,0.0,242.9769686735161,7.386113471600378
171.53622815786892,-9.364946706944881,15.0,163.3972154698098,-4.187608465474076
59.362580157494136,4.974293127891893,15.0,68.49033204153312,9.938127916461166
373.11621086046244,-9.30115004677007,0.0,357.5658584200987,-18.544005671505605
473.9495588319472,-10.202434570774042,30.0,474.5612352096591,10.316734758032306
66.89204938365619,-5.2014063616696316,30.0,73.58496959855472,16.573279869196917
197.2528676924056,14.384622772196476,30.0,218.08685738269082,32.07408837796518
153.97408511314404,19.284840339092153,15.0,174.46163601245993,20.66719430765175
101.53297292930257,-13.591979858795236,15.0,88.65207064953874,-11.00120665561554
276.3819165272586,-12.216929199717917,15.0,267.865508606843,-6.7210514016193965
100.65261056092446,-0.9733321528531818,15.0,100.26724606891277,1.985315004461878
278.5802838693619,17.75277952722739,30.0,301.76362178017064,35.15494033418162
447.6990927124737,8.053580424808349,15.0,454.52926817969677,10.118172578153363
240.0460014004722,5.725479957141525,15.0,250.24770231456066,9.99442409007423
397.8842384987124,-12.557058685117216,15.0,389.36541969818705,-4.551385201405047
256.12829561718223,-6.5240618030370525,0.0,244.2186295400829,-16.167397163026745
436.62117087662847,-17.528559700366387,0.0,418.4612231934138,-23.643372040170778
161.7953960880609,2.667424443249338,0.0,157.19962773015013,-11.73657175839137
460.1643189370545,-16.276346687858407,15.0,446.63610375025297,-11.60427384322535
54.12761305395369,-10.251726339259479,15.0,47.80420806455012,-3.0560117242629232
222.94417987146642,0.6540304153201874,15.0,228.1942778953867,6.779681419155445
422.458137154168,13.0184699754228,30.0,443.01519778219796,31.59936615374158
432.7514215265573,15.436598203563602,30.0,459.14089155917503,35.00912005957679
382.1894811074737,0.3099685503483592,15.0,383.8716543110745,5.334248028788114
318.34147169558736,4.939733138228447,0.0,318.16845127816146,-4.900391496377502
74.27083458735405,11.149606160060392,30.0,92.60025552914787,30.96435385874244
319.1279234623112,16.99620529037068,30.0,346.0282093677665,36.53969155929093
469.1935775510762,14.714162478085614,15.0,489.9450348161138,20.87773153386205
439.7157262782805,15.14677378515254,30.0,465.0547548140994,33.32938465848029
382.385122010665,13.097052164903268,30.0,411.8815750061044,37.162299529355224
434.8104095599862,-8.58372214700833,0.0,424.16625385167964,-15.69269791187018
119.22399322790024,0.8056386619894951,30.0,126.55991132571265,20.09632238666774
69.03864977325148,-8.524780483569135,0.0,56.19257525904122,-18.931317762486298
416.2814032277298,-2.37509134570799,0.0,413.46122729321627,-9.24618535382347
338.6142150587728,7.134438572483299,0.0,337.38495532208754,-0.8535777308987065
103.48215170882987,-9.082998061475058,30.0,104.30289541488949,11.362824401302237
466.7248430748429,-0.8778806013266995,15.0,465.75963169737304,4.224823150932917
409.36234097053205,-4.907720212205106,30.0,418.7501279575857,17.496763556804517
243.49975803386255,8.197888333703007,15.0,251.16652402164289,10.505475480267823
460.6927236059638,-9.694056710277785,30.0,457.00554562786806,6.719630103376616
63.787442141690164,7.8867163608138835,15.0,68.6149057496209,11.32410362608502
59.46813306473672,-7.621761904455161,15.0,54.09207096140248,-3.144853374847255
344.927563651996,17.34352859761277,15.0,359.8061390577681,18.056049371325802
317.33064038877484,5.8452397385527926,0.0,317.51279744677214,-5.530685052321402
170.6406572994121,4.931331737765712,15.0,180.3099242648934,11.414586765698171
53.46890277673514,-15.843399165152622,0.0,32.65645469442896,-28.147665101711564
335.6157609144917,12.617733492680667,15.0,349.2426736822754,14.791703194203972
84.93774320670032,-22.09367295308382,15.0,70.79228357037267,-13.550559063103623
501.20414382256735,-9.414392228178412,30.0,502.68526398411143,13.14549418276269
121.10767683602661,-14.26143124798074,15.0,105.7891609422937,-9.722874383282225
409.5219920497815,-14.871842461776323,15.0,393.1576756107127,-10.944617404109174
446.26835436215487,15.00980422721539,0.0,455.67182689563333,4.17746494011492
341.95909057383375,-15.960129855235287,0.0,319.5723885381034,-27.773553306821082
307.83081909940057,8.919877428269663,15.0,312.22160654491086,9.810236267643486
443.183133927358,-0.7529684237092682,0.0,439.04718047729426,-7.985745269177894
224.33399295568188,4.692019752912448,0.0,222.459040296427,-4.3809957010773
346.6799267069205,12.121000878700572,15.0,360.39685572954374,16.165837258824038
416.5770647108287,-12.219239792338694,15.0,405.8457748928451,-8.537496695972347
287.1529489266931,-15.33541071384277,30.0,282.42635726926244,6.1495057415734955
484.5275777584244,20.91995761821245,30.0,516.9629739155145,39.30158964709078
173.96758948991038,13.95579636001817,30.0,197.67264790389106,32.93445444756317
328.8355054151681,8.011430215959246,30.0,344.2800160453706,24.72615875250292
250.6227212397659,-16.9673601833504,0.0,227.5953263980346,-25.855251203170805
110.39158901024093,-16.319871180836564,30.0,103.23227283181144,1.584755966638948
246.35597381462767,-13.482759986722122,30.0,238.28881354755393,2.759783182814072
163.251687659271,4.5884978931411355,0.0,157.0203860290217,-7.340513558398293
415.0242610122202,1.5444368202259184,30.0,425.7673487637181,18.07476001174231
397.6860065130864,-3.6920510843314585,15.0,395.0715054750327,-0.16732862540038695
399.10997063234714,-2.3092171686647336,30.0,404.5389722783768,18.71341917670129
258.547953391256,8.656664039015292,30.0,279.67643895186893,31.13904154921723
59.944578556605435,-6.228091450263709,15.0,57.487440149063914,-1.1416506989364326
447.84719250840567,-4.304749096346201,0.0,437.7063775270697,-15.03800955413818
165.22233428145483,-9.984302930930792,15.0,158.7949904632325,-2.158685782628684
299.648136926325,16.621986438185502,0.0,310.3272643290573,8.353088425293063
173.40640365851826,-10.38613205782742,0.0,156.32204488559424,-22.045034054298696
254.77597438072357,9.3563770985461,15.0,265.2095707221763,12.920990735096087
330.87712767083354,2.559873711544128,15.0,331.5390218366111,6.311460322164837
390.60124952914094,13.235258677890275,15.0,407.82927302582067,18.785544841624922
138.3300852310733,-9.365655737092993,15.0,130.95425992930325,-3.9063582631813674
266.9737826237084,11.694080701339141,15.0,278.3609529502026,15.530533344438755
387.9935463932972,-8.89940230935302,15.0,374.60915984319576,-7.543648629272521
432.197873065898,-1.140780432445768,15.0,430.32349741899134,1.7381753729577092
457.35926224958416,0.04003519975089653,30.0,468.88644328543984,19.718446234189656
58.84146585812993,-7.964312097200116,30.0,59.06804328629861,12.555068920841688
203.5349324640475,-11.309405919452931,15.0,196.50746120113453,-6.667529107257938
72.21887863066294,2.2549359839432936,0.0,68.9892912177242,-9.435386923743405
66.6435643461719,-2.474204656414944,15.0,69.49933014229927,3.4402339192834397
319.06277590197004,-12.667762090097474,15.0,311.2597353401545,-3.0779289072814997
205.05420816597152,12.270207479809521,15.0,216.47420122076983,15.426795232620805
166.600248094821,2.5737309339893546,15.0,174.08907799394373,10.934401477591916
298.2479731096235,15.623518918736103,30.0,328.06766019570165,39.90537403191179
76.23766762501292,3.316493155182719,0.0,78.54306043165393,-5.617367523429127
179.09413361044116,10.205884176959938,30.0,198.96700357658725,31.160270778420237
410.4356942603602,6.688982465580269,30.0,425.2986995533948,29.59835231156147
105.97393722280275,-7.229979260617866,0.0,93.37386575341995,-16.02860200585425
63.80614766295921,-18.489495914407122,15.0,48.98533012936758,-10.826204554474845
482.44462072219676,16.320531836684594,30.0,506.7357907092472,39.83903164845684
371.6666511824888,5.60174061338663,0.0,368.74569793163727,-5.302474183177331
104.02785421576237,4.778761208939207,0.0,104.3119934918201,-4.951367829823827
392.5873231130291,9.315912945350341,15.0,400.67339928127467,12.380931449432321
384.0037939308121,6.548559416505784,0.0,384.4080520111154,-5.405230772727993
254.77670756117362,5.500740679559515,0.0,255.96525801264758,-2.1526601719349365
100.8913296870757,-10.58282325094911,30.0,105.15556190058777,10.598725802782884
450.52372513902617,-9.530030854511647,30.0,452.69570183218894,10.651935141379866
498.5296431451444,-1.2311277580956346,30.0,506.0676659109985,19.67434799851491
53.50104227167715,-18.30511708473254,30.0,44.306708333058744,0.8522466467573473
64.885172081522,7.4967627049437535,0.0,66.20856940409712,-3.189821092598404
54.83766939664803,13.3611180843216,15.0,73.27253013963727,21.57302150345662
212.28218163488506,10.384301901997242,0.0,213.89730902543224,-1.340166391565809
299.540269395024,7.577813716848324,30.0,311.0772614554853,25.066216717671114
251.9055262823012,20.39343314992388,15.0,275.9746806888589,23.719713170099308
407.61932220809757,-14.196239059345809,0.0,385.02143877866115,-25.85583730824413
234.9642579699123,5.347412388694494,30.0,252.53843861713372,27.319651806880536
47.807134893436434,-16.996884059731084,15.0,35.120550167082584,-12.798630623790192
435.6421504631434,0.39344780117895595,15.0,442.07295409618536,4.390303308550312
316.9494295148462,1.5702453868134185,30.0,325.93789386128987,22.063384162331158
283.89933579860707,-12.092578165307833,30.0,288.3274879679051,11.450795239829954
246.13656360156608,-3.533433846254402,0.0,245.86461737983973,-7.669797342639196
346.59970846318413,-21.793133022102786,30.0,335.21330863179725,0.40716993637285626
171.0584906596534,-19.720252679595387,30.0,161.9141738084176,0.4355845667809426
391.6331023505744,3.8827764380099894,30.0,402.1374783733586,24.428341755285658
352.5431503015323,10.465488280930565,15.0,366.93627561983925,16.603217262440833
476.5494530581879,-11.751251064946732,15.0,466.93012667338064,-7.732608914872134
233.72436967765233,13.22231294584196,30.0,254.39342797159648,32.283527184232014
57.80905276902064,-0.5762660049316377,0.0,48.93489966109824,-11.471796118505441
181.6394824417769,0.0667773412870577,30.0,192.0814513895273,20.396462115822136
87.84843653790836,-0.6951510574344408,0.0,83.55150362099278,-10.43259640892148
427.9832910971477,2.382381355489664,15.0,427.5708203558567,2.868495347419728
206.1138622887635,9.734648537222181,15.0,217.79647012620995,16.87932727116486
219.67918562951283,1.4120694088202228,30.0,227.39972086460702,17.829679474155864
310.45317526655657,0.06791380698677019,0.0,304.32290127590045,-10.876505140114087
207.4302005456953,12.103280010215567,30.0,230.5568081763174,33.615258043247465
154.4208656505181,-18.979442674218085,15.0,141.7251464103094,-11.178824105286182
435.4253552264879,4.645908884178086,30.0,446.22002894134823,24.436757038234592
182.06809755703168,-3.4755272201815677,30.0,186.05517417662313,17.245550737542057
80.43713263266297,-14.29011850435866,15.0,68.06403180336241,-9.74364097387566
299.67499411627267,12.922686632500184,0.0,303.8736386865297,-0.4279708307342567
245.3586353332606,-11.659034205395098,30.0,239.2394529816585,4.409376372746792
495.3937241695657,-7.655644401672617,0.0,481.77775317615044,-17.36109930277217
282.03623559422374,-1.173625393596379,30.0,294.9085266126565,20.714975680494845
237.30602605753236,-3.83551382809353,30.0,244.77347947796008,15.706910228295612
398.51807639652446,13.06995228993814,30.0,421.0590028947504,32.16690275088142
224.29745341045071,-7.287293188514104,0.0,213.24135906209136,-16.001259339920676
279.6345412204437,-12.348349902304152,0.0,257.5410395335133,-26.312722824117454
378.6391926334278,-1.9881934935339012,15.0,380.9298697859933,4.04983625750436
379.14928223262683,1.6158470062479278,15.0,382.9748465411357,6.55978364042171
337.00694127245254,0.18686163809365808,30.0,344.85046098453716,19.076229970109498
123.8622332290991,-1.6483393606899597,30.0,133.6695250863983,19.40166596070588
244.12404385712028,7.697781827035039,0.0,245.05231284760842,-1.9648199184267732
461.08976812100786,3.8586185217160627,0.0,459.29577922708506,-8.587588231939659
249.49101840365756,-11.794843227625245,15.0,242.12092663583087,-4.500678455850711
212.01015741535892,11.613790551613963,0.0,218.63793487325734,2.285103058884676
135.39798771109844,-0.28689440385405085,30.0,147.8240301122274,23.09295851367194
465.3447588762631,5.461798812127349,30.0,486.1035265192217,29.102074986429457
386.5151962648314,8.138213361018302,30.0,400.1652356620888,28.21453626834556
424.7533687391003,-3.119326710278963,0.0,414.986074266312,-12.633388865861612
236.23583630925302,10.313688142827933,30.0,253.62416037435736,28.75991756582036
409.4199441399757,12.907047230227736,15.0,425.13084961012623,18.363279256858487
356.62642959302,-15.057483748244875,30.0,353.04271653017724,7.398770302784564
457.43368232744683,-13.189868826060788,30.0,455.95596800392667,7.861738866115834
110.98160546520252,-16.051711898679155,15.0,99.20105065192793,-9.116335087080905
257.2416996062563,-3.3424352109590236,0.0,249.11534492540315,-11.306532160756213
110.97189643739861,-5.688097007784384,0.0,102.24980876325904,-14.565357999555651
487.70533225999816,-12.05350976905785,30.0,482.9678595957556,5.252157395405543
52.79525574047415,-14.020810381187866,0.0,33.41663542296279,-24.89920297242297
243.23647970351428,-17.521613886380973,15.0,231.15291236019266,-12.544560278399256
486.2178954870696,-14.724372143532605,0.0,468.43311064515143,-22.826236151264002
104.70924982692982,16.863589152638117,0.0,113.59977547138362,4.688170803312392
69.25521224241827,10.82974578140098,15.0,76.56423405479318,13.738035604777416
365.93507492224234,10.11324984223849,30.0,385.25924370133134,30.832155811905377
312.73894548132705,-15.883886201922502,0.0,294.4818219583183,-24.85809454050584
342.92871975522036,-3.177737422408872,30.0,351.63881674996117,17.59724839745842
113.48426795187366,11.521066141165075,15.0,126.08992938287516,14.488596507780397
175.45631266581844,14.114571700886845,15.0,191.7634444645323,18.92284447089524
62.7942603399075,20.976966507185466,30.0,90.95744424777858,37.44505975921001
89.1856969244721,-5.795243895612434,0.0,75.1074338318098,-17.560785171842436
59.46564304333093,-9.160918343468168,0.0,43.629090859749255,-20.53091377885961
54.982908504396335,11.294852848399671,0.0,60.65210713935708,-0.6475875332066039
250.20998549796585,-15.644669910951198,30.0,240.82671461350685,1.9400033252325493
214.48898573122915,1.7368977737427775,30.0,229.45562187788266,23.56407927323359
398.55306707316225,-13.114597029116688,15.0,386.7787543369511,-9.728103311982004
453.28899461939835,-9.688719287978902,30.0,453.84606660079453,12.48475239623524
357.6673705854705,20.810824266590327,15.0,377.73750547460304,23.741228881206805
134.25139898105112,18.55348402410591,15.0,156.01314131796224,20.48905698941652
420.63604765835777,-10.445113112507928,15.0,408.53968964752414,-6.980918802311203
271.7982310434357,-7.050286984666748,0.0,262.22435154219465,-17.833772617002786
408.1396336403731,13.72528161645142,15.0,422.1321665353573,18.84625001268714
74.8690409285134,-14.446982483175905,15.0,60.323411254984926,-9.691856966054676
234.59634411598554,20.228378985803722,30.0,261.9833216903395,38.610267119863394
114.04178010986115,-3.4867545397844113,30.0,122.49830061501778,18.03371665469657
337.9202323131464,12.137504595971699,30.0,359.10434863488075,28.647572154079825
228.73985242053055,-0.08927923317806247,0.0,226.1057648624841,-9.581353856181138
351.5862812200565,10.971393122095773,30.0,373.2519258495212,30.417898326204106
365.9726152535946,2.055241523557843,15.0,369.6116016881123,5.930358308621706
142.33441750522582,9.902355328412586,15.0,157.6814865114899,13.876711091243656
336.6523112212972,-20.29002194260188,30.0,327.3334469607978,2.1833674404174097
66.32735691172341,18.7509866927991,0.0,82.79818390694979,9.199697821853835
496.4860307992384,-7.128142002581762,15.0,491.67869943515865,-0.5378236984134155
127.39815116082603,-8.545723077903357,15.0,119.73805387714313,-2.73621923698645
476.5238946737929,6.135464183555289,0.0,475.703892427323,-5.711733725219641
151.76460678987203,7.533075616305178,30.0,167.24452444348614,29.25065458955601
134.85818474346107,16.788446942729735,30.0,156.7203861200006,32.646815933194105
270.52915383196387,14.304486095691653,0.0,282.02308093119035,4.327178403156719
264.2459410463085,-8.232586639422772,0.0,249.38022807415427,-17.452339686037597
189.2578389595153,-15.905860517312489,0.0,168.4636299750068,-26.5010384392767
262.51526930236787,-2.8892825422827233,0.0,252.17044071696174,-10.550732685075182
479.6557021803842,-13.053889245639958,15.0,471.35733693784925,-6.819317243643278
386.9755161599921,3.7255286152527307,15.0,393.0866357578555,9.374170151585016
354.86443492762004,14.819638126255434,0.0,359.6668214965059,2.7429189801156006
107.59667069420793,8.458112507002793,15.0,120.85576720142562,12.716218180213442
414.55822863179105,19.36049531089569,0.0,429.0742585379053,8.868991185087534
348.8596612122464,6.751110993571217,0.0,355.4125770743072,0.4813729941864331
316.9758442169575,19.431951427277156,0.0,331.02171861387916,8.685625337186206
272.118581118139,-8.59554692908226,15.0,265.8169529395541,-5.220589053642227
424.67683722064385,-9.85133616375649,15.0,417.2501952263881,-3.622860196918527
500.9532098061945,3.4051810651015755,15.0,501.4851088596379,6.8206033348632715
453.7996187814887,-17.49758245025097,0.0,429.62864423397406,-28.0162152368688
420.40431615581775,4.304191410565078,15.0,429.8612769714844,11.612114908753881
327.1433741415855,-17.450178167519045,0.0,307.2437030640035,-24.981814652909144
165.7244675984843,-5.844429861996582,0.0,156.95874982491844,-13.949277223895585
464.68446410378004,4.8980643052877335,30.0,480.60433742303564,24.03213451949885
360.8720163106575,11.737189974347249,30.0,389.5456600089726,33.50709104748897
376.40790780564777,6.202580964277013,30.0,389.9266638190328,22.74518964043101
444.9796289093169,-3.45482733259463,0.0,437.99695123070165,-12.748464064295028
253.97192736323245,-0.31447501662869226,0.0,248.19568184403946,-10.993964869795214
102.4703410025319,-12.232457560382077,15.0,90.8773603213902,-8.258394655016286
248.06484731881685,-20.37197028597162,30.0,239.12828429232474,3.2120321198559054
437.788574106586,2.169677252526523,0.0,433.08282034382285,-8.011133121313112
384.6408060740568,19.377859076502705,30.0,415.42914164490816,39.8234770609495
356.48385987884427,1.5324384877818455,30.0,367.8776223255515,23.579504495109585
209.86137976106886,-1.7693868617055366,30.0,215.9764784171569,16.2615553204145
197.1032926003092,3.675518743565136,15.0,202.93817635827676,8.724478324322828
133.67069578593953,8.827278630939311,0.0,134.72290610781513,-0.4296493761059743
264.03038417346073,-11.371080997661611,30.0,266.9300624683466,8.020237214374196
242.39006591070464,-13.184186219168543,15.0,230.3147871759226,-10.626864656208626
322.04372089743913,8.154835766261227,30.0,341.115197554702,29.364851709236603
58.76785659478309,-0.6542681837508553,15.0,58.36279419480449,5.965479510985123
295.14997755764045,-19.573552177656783,15.0,281.31910532230785,-13.476803457789295
182.33457222909058,-1.30002294790145,0.0,171.1293644164413,-14.388072593716334
371.13902292161015,-3.6185222712042,30.0,377.6365717609051,16.48104958504324
147.79236548145616,17.202681124459243,0.0,161.0075986419839,5.890671724173618
255.00903098628214,-0.7385215176263579,0.0,246.52975895563378,-10.400332058405173
494.7364901935084,18.72784391996841,0.0,504.30171964419924,6.263454081648202
275.32147699551183,2.325435958749883,0.0,274.74767288247295,-5.550308062754624
206.18383507937838,4.54634992337325,0.0,206.05496208763026,-4.091285653701561
466.39582279874287,-10.931653597705967,15.0,459.13899928704853,-5.034054717451763
257.0641700560508,-2.5566585668209227,15.0,255.87718493511863,1.5812017823729185
439.5912068430899,-13.851049304570141,15.0,425.49930502115717,-10.97675603602395
236.45540464827144,-9.538352568293949,30.0,238.71935435086826,14.169474416791758
393.68648448673554,-16.18699983655627,15.0,376.1332371770237,-13.259802192764692
195.48969440855444,17.091730055691915,30.0,224.71251461287645,38.970555014371456
220.4361308387377,7.905337601891497,15.0,231.06754608387288,12.40752148735427
445.08943087580224,15.473717361902752,30.0,468.7198076671864,33.41117537135078
443.4187214093275,-17.591560280691965,15.0,426.08505642662766,-12.021261874815504
142.32441429826275,-18.434283340577807,0.0,119.60970082661697,-29.242355064622434
160.26644340448598,-18.87546230697788,0.0,133.00755085175166,-29.71824180800122
182.4420997994167,1.1322862956576918,15.0,185.42760688630125,4.242110149554495
376.1465287763784,-4.380812760497616,15.0,376.02109038956536,1.3434204693427532
488.2114602674677,8.38185472997342,30.0,507.442137470198,32.8241672905185
214.74429468425524,-4.737178896332871,15.0,207.21482384974982,-1.5737246317830866
410.2566300884379,9.652079437091741,0.0,412.70418804182174,-1.0842971120261033
129.6909844929222,12.239894010828108,30.0,152.94276718644028,32.86660710247229
308.76512992887825,1.077947027568476,30.0,322.45038257127527,24.53456474608521
90.30987399059306,2.897983805206218,30.0,108.60197756924823,26.298631896869864
486.86730806052054,20.515570760107916,15.0,508.34843749552414,24.904890064007123
423.70938339387675,9.115446142513184,30.0,444.359853346525,29.863942021574136
379.854897835486,12.317215060112522,15.0,394.03638071027797,15.89503565276642
341.0568689820895,-16.980825086464428,30.0,336.339757412719,5.939496926236391
333.5765009751243,-7.8053595371846,30.0,337.0063582417878,14.500889615316849
79.72269188611037,5.1034325425342,15.0,87.88845450087948,12.249672121698353
315.5829785668215,-18.505752733204247,15.0,298.38886836633026,-12.475941095058634
468.5598645803774,-0.8340586665860673,0.0,460.4561421144953,-11.501996288428074
127.66398097380453,11.832675841593785,15.0,141.01239861910813,14.87593300201451
243.60665156191817,14.237347993223375,30.0,265.9128445954625,31.743041071619363
162.34212029726137,-18.822025657138678,30.0,157.38973304026774,6.98252747836975
198.32792628655326,-0.22203364446534052,0.0,189.48168438737136,-10.395727247947054
217.8186981839461,4.858364558896332,30.0,230.99027343915637,24.012105296877355
427.2661662068866,17.758291775995154,15.0,449.9533532319754,22.4599501729048
300.4570759696924,-18.76252945299425,15.0,284.2240014050865,-13.70139452888014
154.66401447317764,2.182362063467801,0.0,147.00360560418514,-8.453985712691058
111.24219467094501,21.594913253465627,0.0,125.65155577924278,8.772742831732291
290.13364182974175,3.4163994816029186,15.0,296.0232016681937,8.520879316788236
435.17445101200997,12.375152240323864,15.0,447.664228628762,16.58439159762408
152.84632082208708,-2.5759681727737407,0.0,145.72214936393746,-12.327227895951967
255.63650877764658,-10.383668063928617,15.0,249.6722681838347,-3.750489100547558
135.365504775856,11.720891674970593,30.0,156.36987955905158,30.384926537472733
180.54824692735318,3.522325991726528,15.0,186.01784349262687,11.209003133485414
410.772797659702,-18.83710349984058,15.0,396.5784353839051,-10.911918489646947
333.1573417435914,20.39603032172055,0.0,347.7135958894786,9.198380067844749
385.92359937640947,-5.399675220738736,15.0,379.08433627859415,-0.1688641793662704
72.35809942396882,-11.16505989030934,30.0,72.04872197782225,8.22491342991078
445.93089402480916,-18.72391541278809,15.0,430.88423483709335,-12.724137267111427
101.30974688417533,10.22999717427895,30.0,119.13534177874807,32.52659930629552
330.575496645684,-10.34315135339278,15.0,323.0657979451986,-3.4645649295544665
165.45527773700476,13.017376325549126,0.0,174.80497138881273,7.36662172083253
463.2382492222381,12.267665574620128,0.0,476.0345567518607,4.459958531312207
238.78901495075183,-20.186853574824763,30.0,232.07058101448374,0.948280650588142
263.70124683605104,-15.033890768523632,15.0,251.14541098108933,-12.419673547072744
202.30863261041736,17.12631128655595,15.0,220.7713816430819,21.680839218591178
483.7197707538455,-13.991255586144892,30.0,480.0190438380426,7.618115106852024
450.72714663224923,-17.581863927536503,15.0,439.42887656764367,-10.264281414761674
479.84440942772494,1.83439484731682,30.0,491.6041001289367,22.35397126235294
132.47337006413244,-6.800691479072134,0.0,119.47022245014085,-16.260370445880447
494.61546807065486,9.41572118963414,0.0,498.1772462661548,-0.6588466144972003
370.5739111170317,12.527093073856257,15.0,388.3349742396007,21.029308961146196
192.97240770574112,-10.492788050159547,30.0,192.17596085460318,7.92833857072873
464.32700154880735,-3.1210864774636597,30.0,473.43497348930117,19.812604535664313
343.085426181767,-15.839504375934933,15.0,330.95315066307376,-11.095596437907922
191.57611508960505,-18.828772552967582,0.0,167.82651238175416,-28.11815259169175
235.04354847417633,18.041816594212335,30.0,262.889956606606,38.9277942769087
292.00065200521567,6.958115857114734,15.0,305.42740265603464,11.977258771950137
414.7956346845438,23.30987425115254,15.0,432.0428322985115,22.0038083101129
464.8654300969317,-16.170832947616717,30.0,454.50256631019573,1.4154069072900661
440.20781063664776,4.948817169502425,15.0,445.8192777595494,10.543539027994495
466.5990885009707,18.130755083502237,30.0,491.2332038702095,34.872687346455564
155.22266282672152,11.997384267472848,30.0,174.55553941916224,31.19323827837104
227.469960350039,-11.917039530708506,30.0,223.1222578123973,5.452577411637479
387.4641957601904,-0.5083254164386675,30.0,396.031627400578,19.18220031954862
432.2738252076195,16.76238941115682,15.0,452.59323252341756,22.636844963580668
470.6130730728942,-13.078834796705685,0.0,453.95731855226677,-21.17989072387642
309.6602412848134,-20.35879780760633,30.0,306.3896126878226,2.653830537409803
159.09202623962565,7.002694911366144,0.0,165.32982551816863,1.8765379862556912
279.7764360803169,16.05728275963534,15.0,292.4504902337262,17.708526047310162
398.6434000462139,-13.398152277611747,30.0,399.3464060149815,8.619095937583097
236.3437525172733,6.088783531562406,30.0,251.61743448939762,24.406736400765578
436.9747343538627,6.060500590812107,0.0,446.33014467171313,1.9927403953353924
392.7399550142192,-14.441093932715361,15.0,382.1881830054801,-8.839191657982731
317.27379499147145,-18.14916554199425,15.0,306.06519969002727,-12.805989287381397
294.08174838853114,14.765330775575134,15.0,309.8769377621885,17.247684197768574
93.21663363269016,-16.734481661108898,15.0,80.67929875691608,-10.087323420515759
276.9004463759141,17.961627732100148,30.0,303.54598217365304,35.89097638962039
53.24594424956892,10.859996947180177,15.0,69.6472678090002,16.719036711236484
491.044190818501,9.26916551007318,0.0,491.40313147095503,-2.197460873265051
412.1624705833123,-7.858213356202555,30.0,413.15386839960166,12.310871384339007
247.72058368758007,4.055876222403898,15.0,254.4958050001867,9.3412093306457
124.80996345523036,12.339489616140048,15.0,135.694044299511,17.60843799632985
306.7984205964552,18.614937058246717,30.0,337.0590826404265,38.66125514572876
145.6778035540907,-13.445628605894543,30.0,141.0919090991738,3.774831401626084
164.0765927532528,13.108801098242703,30.0,185.1521088912465,33.966101761876075
203.9921839493094,-0.7651438950184728,0.0,198.84335559824999,-10.732546205493787
56.824170385829746,-17.9033614412791,15.0,42.42642438072604,-10.984463931277617
357.71863121078746,-22.791129577883158,15.0,339.99122444137856,-13.895565202505985
320.67780176062894,-7.323305344822749,0.0,303.1482327916795,-21.105287896514525
313.17198033271586,8.454748826528492,30.0,329.8701180912279,27.778835867473546
125.49976764238757,-5.833108340074449,15.0,121.77550787466589,0.2855168891688713
195.4602273643407,15.746435496527319,15.0,214.02762662877873,22.357156309972023
91.13284293105681,-3.031117007575846,15.0,90.37671920116387,3.5863657171274212
201.54092161508274,-15.235521744032374,30.0,194.47938318245502,4.701141951075403
358.6674136730894,-11.94796636862259,30.0,355.36140656523173,9.823736168597112
103.13649331154748,-4.354945232466423,15.0,100.80388547164802,1.4703371181036466
278.62557678168673,-3.4293511862775135,30.0,281.1586801702531,16.353494809854393
320.6603943745444,-15.096816980807727,30.0,315.7425372013378,3.215481786861748
163.8964833338915,-15.406112421898579,0.0,142.30819810695155,-25.907203441480103
316.4056670598497,14.172754889435689,30.0,342.458750913491,37.77691737976609
360.5173821446076,-1.1372646465554959,15.0,364.69914340296936,4.290016831883648
288.43506164769826,-13.037942711687096,30.0,288.40486518611976,9.346434887949004
383.1624980108914,20.233144085463586,0.0,397.5993520020623,10.154507238305225
146.1785746671165,18.390746232822014,15.0,167.81364070228736,24.905634401829854
357.1573727353122,23.216920595989077,0.0,370.4025067234782,9.591599143475353
361.4320342163298,13.674360949650088,15.0,381.8786195540787,20.070277657355707
261.5219161688866,-0.4254362501199035,30.0,270.8535658291212,20.0095207411193
171.68099904797978,3.5079936203049438,30.0,190.1545684798203,26.952926056704598
428.53030227263577,5.032968278780631,15.0,432.54542199016555,9.696203257219608
328.1403708045896,-0.8105380668681259,15.0,330.5220256625849,5.397674741491013
74.0595886832415,-1.7718722567842136,30.0,82.39494126155982,15.69190404109909
78.93614794023993,4.865476767591799,30.0,94.0778307535947,26.86194225714895
466.8685202089431,4.869131043239228,0.0,462.8324747979792,-8.998956900596113
115.79284500166185,18.3680118584443,15.0,136.00402416195564,23.041742173315864
182.879703965375,-21.123009196271173,30.0,173.6159826416693,0.4317482793743075
99.41028840819962,-13.959007866891106,0.0,84.62963086163515,-24.458965904603296
441.70261754631065,14.57833138420452,30.0,466.06430113247114,34.74011958993563
162.0942542011916,-18.646683231475514,0.0,138.17636904585603,-27.016187008890775
239.45821748857335,13.082150577642391,15.0,255.1543145962877,21.428672772107877
322.57308154912124,13.235009970676538,0.0,329.2967781635165,0.8889985737197144
262.9732111236902,16.340027872703622,15.0,278.3402263771978,18.35587883077518
328.4229616352554,-9.48330117806103,30.0,326.3871396630601,9.812241374953702
261.0300232934044,-10.517233341325513,30.0,267.81400531054425,14.738762654539745
225.4685795796917,-4.424517194350429,30.0,234.33638026321262,16.185447088771866
161.46417846828706,8.462465677737791,0.0,163.02652865831283,-1.7290298265358324
71.53399710776874,14.545885152430508,0.0,81.58868452303678,3.8021371909823465
93.38425769689194,16.882680394780188,30.0,122.43701719973512,36.44518958343504
54.709007915471815,-10.417619676953665,0.0,34.501039297133325,-21.101277631860675
202.93701627669046,-20.20526070741826,30.0,192.3685895685729,0.9179217038456713
234.50984278914962,13.189515683387295,15.0,252.49277750208336,21.06918703578243
245.37939844449082,6.013846839963637,15.0,258.2943995306626,14.662868977217194
502.0272143359874,17.139515145754135,0.0,510.56700809296547,7.262347977121994
224.59246800102483,-19.116391056651803,30.0,214.8980886954267,1.4864344315293003
486.0897700685148,-20.066938694015867,0.0,463.38846205024174,-29.671291126479726
74.49796724267284,3.736352680015126,30.0,85.50173540827558,21.888298481959087
66.77429597768268,12.422792006858517,30.0,89.51933380729531,35.71477410146228
171.12958660201687,13.700129637405933,15.0,187.03597788867222,18.235493763212762
155.50352203220604,-13.801013755822705,0.0,139.826230879738,-22.798423833659403
357.76041086755214,14.224945281953486,15.0,375.3614858902876,20.832832150592242
225.61980763661552,-18.673837887885107,30.0,217.69803305512434,2.4918295265872423
348.77004399312494,12.150153342576477,0.0,359.92813582240353,2.128324832040864
347.71309648297154,-10.181382247253566,15.0,341.7807036883085,-5.067774034616242
77.52366647815263,17.666417133844668,15.0,99.65472939122986,21.220795038286386
199.44551060339967,0.4790163986804161,15.0,204.6335569430253,6.862310065268826
463.3157372119376,-13.617546238384943,30.0,455.71081769041746,0.3803535923363661
310.0536751095511,12.96227201845274,30.0,332.75790733824704,35.38795521458886
56.54989276687027,10.88518246361316,0.0,62.7179422365089,2.3972903811746953
429.4596609208801,19.24105300068738,0.0,443.5754210439452,8.898125216349971
225.71727065396118,-4.258388748972276,15.0,222.27005243428133,0.17539376858507616
200.59980312477043,-2.960713735588959,30.0,207.26808990426738,15.819913188554263
156.8483857851883,6.475346311863303,30.0,174.77124473934802,28.254414150155636
208.43988990683934,-12.23761621105653,30.0,206.02184859705818,9.548437622036964
181.02614886992785,-14.148955942033817,15.0,171.5309170885032,-7.065034742724052
394.3884732674913,-14.656297938551326,30.0,392.9067640137071,7.179550807981965
405.61770911342245,20.329144977852458,0.0,419.8759474476005,9.131662359213376
283.60047290105047,8.88193753174359,30.0,300.0154051072073,28.136646138789068
92.05667084030452,-7.007570056403234,15.0,88.33689909250674,-0.9010001444701388
130.33252748829472,-8.09502271543665,15.0,121.05422933578546,-1.7365307335464841
228.5777146709108,14.793774239934708,15.0,246.03447108202622,20.087825220902413
369.0082673127149,-13.595824754234137,0.0,352.4527203845952,-22.466554156509716
121.04165555372265,-7.2174081625679625,15.0,111.76088648428954,-4.642714730067517
468.18145275506276,11.450753829723242,30.0,489.1144917900911,28.58196635931873
176.83797278306142,-11.265232657418343,30.0,176.74513334907624,9.292822287068393
291.99544787950936,21.43032624127905,0.0,310.2074305825423,9.885748441314657
246.52632830125202,-16.557468541322848,30.0,238.73146723287374,5.402665472306948
430.5753839524127,-10.592526824335891,15.0,428.8623603207765,-1.024624329203185
252.51115242895168,5.940616216303264,0.0,251.63913446173027,-3.444942090492617
117.08239260674036,-11.693717481817677,30.0,110.58333711148758,6.352503332029279
357.714439187573,15.771417768614478,0.0,369.16925229953165,6.255372243891362
187.80002243910653,-4.361387853224325,0.0,171.291519471838,-19.340132058619087
92.8215915847901,7.036032533176492,30.0,104.10199063260687,25.70310359026943
364.7587587843385,8.556478634035784,30.0,381.1055791375211,25.538590327653313
76.89345763459097,3.6900746180106783,15.0,79.75443829599327,6.983166371179202
141.20430699594795,-11.153524989705708,0.0,127.98700656130777,-19.450603482063435
253.71884616669453,19.321393007247185,15.0,275.2686513441342,23.32845922501883
139.22253630190244,-6.69964333399771,0.0,127.51500225932179,-16.922858288827257
382.1538849516806,-23.204958375374687,15.0,368.18063578528415,-13.488345353433896
302.8953693003025,-11.708473047391884,15.0,293.02848295362776,-6.24069102205255
108.42422571116727,-17.032161946246177,30.0,102.83856840880989,4.747926613222443
481.97142987934836,16.83837038148953,30.0,510.98773284640185,38.143359740413004
113.10288086971929,-9.288526934554222,0.0,96.56470029805561,-18.33000990488859
102.70416440642754,21.434268451879312,30.0,133.56266854427187,39.47254133719332
121.25203655390365,10.297474993643874,0.0,128.0152566107762,1.1050660250616673
226.19958967750938,-12.008037946073324,15.0,219.45213201460226,-4.842003982762808
323.352946033028,14.357429465596176,15.0,339.23629842252524,19.60928419070979
376.70867735209754,-16.37058405984492,30.0,370.2052401484932,4.931100638697558
80.10441752002745,14.943137887615013,15.0,99.85034536980456,22.15671098844729
359.2999429655655,8.019925603272258,30.0,379.05212516441253,29.007779777700026
348.386959311946,8.614014509524585,0.0,352.6134788944012,-0.04521676045557044
390.4765332793702,2.7189575120367837,0.0,391.6924896485584,-5.7693849479779935
87.14735059336437,15.927074935106617,30.0,115.16422443855174,38.058336056057854
177.56885491763558,-12.711631010661083,0.0,161.98648434510582,-22.064941476407178
295.56402200104026,-12.24052117501605,30.0,294.9555751254228,7.697596787170319
115.94059257072288,-16.318499320984948,15.0,102.40291184325102,-11.45367471381756
464.4457343239917,-10.890270552732266,30.0,461.86271408054586,7.549056586774338
48.89877821149763,-16.467694970826024,0.0,28.304234676305192,-28.72690338889196
267.33084862266384,-15.218914856650766,15.0,252.79336572301273,-12.373275909478814
451.6067285976862,-16.9956384636351,0.0,430.9563893990708,-25.899452361694866
221.2150900428401,6.405994609901941,15.0,237.96732404892805,15.495341883653538
289.4013995856207,1.9291370587876329,0.0,287.99898891827206,-6.684201636558232
404.72835324363723,-2.6848223067054486,30.0,412.8724270360805,19.64371621823639
485.80267961178004,20.858269999738344,15.0,505.0983060454605,23.54284254467
452.6776512181681,-1.7961791001942622,30.0,458.1929399995746,15.103564093711135
397.00737875725235,4.832031805692236,0.0,391.5899059292023,-5.947869551992888
388.83202009954795,-3.811289142947523,15.0,386.3262928184569,1.173447249374048
317.81444364900915,18.444103763328872,30.0,344.69903018018874,37.20278462920429
467.49788880352025,-2.805028000764107,15.0,464.525978699758,0.728990751046819
404.13953052972397,11.015864613514415,0.0,410.45900290847277,0.7860063294553115
97.72921448156129,-3.3713372019364476,30.0,109.51318332248258,20.921065128772614
258.9292635297746,15.203269728700464,15.0,279.0305517176645,21.679881008261145
308.2495073131852,3.090948224573495,30.0,321.3369482973436,23.588525445153685
181.43088479393123,1.1554064113282712,15.0,180.80281585033237,1.939395739650866
68.93165868825255,-2.5099636244453927,30.0,77.59731148003893,17.819741409741592
495.8474929888258,-10.07987089752153,15.0,486.85351087696984,-5.574715533859541
222.87668582040416,-5.3218533553154455,0.0,217.1497517716742,-12.082339272832545
364.0795380284371,-15.45227649373647,15.0,344.86431699167287,-12.40895783522144
369.1204239869494,-4.477473017550748,15.0,369.67185369896566,3.7931816654103407
165.0441896272787,17.200248991947916,30.0,195.62123469642802,39.150990684552454
466.3862633702236,1.3435627675440571,30.0,478.93032074126523,20.7114834254057
101.72789680140328,5.176053099741568,30.0,116.63463994648187,24.440196779349968
413.86274731802587,-16.913379095180776,15.0,399.07586076147663,-11.33963373653939
72.7507167949588,3.4175522772102935,0.0,70.70985469334474,-6.595459892630377
227.7920434970731,15.871771831978203,30.0,256.49012711015826,38.01620345402583
243.45151048294602,12.087838220751017,15.0,253.9193593907938,11.795471273699366
223.7523042473751,-6.0662409938492425,0.0,213.13633825468807,-15.93015909148954
311.94642609797063,-14.671651490994964,15.0,303.04921459611927,-8.375556322648535
342.74254990092743,10.150200298080911,30.0,364.72875497771923,30.42415649712689
65.85967260924139,-12.381256323636302,30.0,65.232711230171,10.104074393611281
243.224762077435,20.136312652764385,30.0,273.3530624756236,40.01807578580913
413.8704318085796,-19.485806973006827,15.0,397.3254307990999,-12.021424728512567
246.76265692792066,-5.270055708889056,15.0,242.5397109746742,-1.6399670932522348
387.8434800898206,-9.535886630013636,0.0,371.2386816346673,-20.48161994494705
252.66233755149312,5.590514873870935,30.0,266.41707976562225,23.62248003164405
243.33451940934523,-2.7002746560826325,15.0,240.49777421722376,-0.2550771867200261
270.48022322508257,-10.97528100386221,0.0,253.4832466886423,-21.807527914169388
278.48138309429794,-4.241618976936715,30.0,283.2143989484969,13.070704363356697
95.04220845886958,12.722489781845093,30.0,122.20949807900372,36.64609773241406
392.64440713167005,-16.436622876316562,0.0,368.7832401525683,-27.459775634859906
363.0058853967008,-9.63663187957402,0.0,347.7993093282861,-17.71993915934331
412.6455841593101,1.5030222576810766,0.0,407.6338173328901,-8.617112454155194
389.15363745507034,14.354810209794309,30.0,417.99464650756283,37.128190460254146
172.40555882568532,6.030711111949829,0.0,169.14467909266116,-2.5711818044196555
245.52492295214097,1.39422541110562,0.0,241.65032264579673,-10.105053723632597
473.9300157721312,-8.428649766342001,15.0,465.5005953866019,-1.4013314070011624
134.6718208446152,-0.9618271487935504,15.0,129.40995846396558,0.4136423642254705
164.57338739202942,15.979638021978976,15.0,181.58310482842919,21.845752489693158
331.5706689507793,-2.007926399637597,30.0,334.75106398758373,14.26218054109912
340.3108972795204,-1.7789064673873067,30.0,346.4455411596821,16.37348558162787
355.65744104357344,9.695476103281386,15.0,367.4385416906568,14.357662699590772
236.80373878705666,-11.051706957449912,15.0,225.808595808515,-6.5784780804065335
413.2838396013122,2.692758310263642,15.0,422.40875246147897,9.76141900325321
88.53316241755127,-12.424414081083425,0.0,70.00658489238653,-22.83859667767428
448.03920674413666,6.528735819818286,30.0,465.4996558583465,26.411787037684956
219.5998417170555,17.19207169012258,15.0,242.5210808823337,21.69645156496779
287.5780308839172,-9.612452728637923,0.0,272.3298625666118,-19.141094734575532
359.80375452350705,14.9705133710118,30.0,386.1406064793978,34.66831064751668
408.805093905439,-1.0546231135251944,0.0,404.71366493109025,-8.560867953926525
414.20850543405913,-7.859660064465085,30.0,415.36941591261865,10.15968926860375
142.48335952124972,15.447775808733958,30.0,166.54412401656515,36.42825954556217
86.48073091749004,-17.275861277158775,15.0,66.86189353198111,-14.370954156111019
54.52009309578199,-5.09145829799457,0.0,39.88570459540221,-19.06526853549676
376.1376605872893,-10.378834528534723,0.0,359.2225686530381,-20.64558704054746
81.6611457665675,-7.101414304293151,30.0,78.60470680284944,9.788557725597116
155.74130554345396,-1.3093635810989919,30.0,166.02119407809676,21.37858978403445
341.4533860524449,-3.0972815338184008,15.0,343.85727192975037,5.743389690834963
92.48801769048221,19.90764492511883,15.0,117.31538289654345,24.91788289605898
314.79574959407324,0.35621556341566685,15.0,315.0264105894516,6.129423119487587
432.08942246719613,9.393812653665357,0.0,441.3913562403818,2.5906921146053996
137.82214617013886,-16.81730812721683,30.0,131.6020433654358,2.0547463689950156
110.56716018528171,-10.333167628921665,15.0,108.87167220880974,-3.405101896011754
210.7801113030209,-21.93794444716564,0.0,186.38942764445207,-28.957716884720423
288.3068728383649,3.1560533163580446,30.0,299.40113625091,23.978609501548245
191.88465067224777,-0.7952685680304987,15.0,194.4647236786362,4.4300058573968215
362.0973297229102,5.753182849972573,15.0,370.2483253250168,10.331348997308236
318.6486052376186,4.325070297073465,0.0,315.821550637973,-7.117678595726755
100.1973447157067,13.981504108485735,0.0,110.25194848089014,3.7318761459269716
235.98520613111125,-12.708525169283696,15.0,225.54442960872905,-9.444899576804394
488.90931779538323,14.323348695742657,15.0,508.99812973173687,19.031263623479166
193.5644335106582,-18.969191991575318,0.0,171.14853602057713,-28.398339935602014
433.9607439473565,3.0521362957660507,30.0,449.04287541655185,26.859373653737237
307.92270356495305,3.8718136744077194,15.0,317.4770759961585,9.617391602257314
483.72274928141735,-22.325514165726517,15.0,469.991317665036,-14.31234240482468
272.20309288163907,11.922786202121618,15.0,285.0722880542287,14.990879026090713
277.53085284278194,-10.826316708379057,0.0,266.4811440537131,-17.018079134010705
251.29747630898765,14.825583649469086,0.0,265.63938522841784,9.05050795422741
371.36376589758936,-15.695946159582663,15.0,361.4390457749934,-10.710704450195681
84.95476021720762,-13.544786256625834,0.0,64.26151461175526,-24.52085469555157
413.8627544460201,13.060701797321443,0.0,423.48751900386833,2.130082943423151
412.91301892769746,17.446958075864973,15.0,433.16686974778855,25.067164411712906
268.5139514107431,-0.7771216734451887,30.0,274.8688654109802,15.273024523280192
472.18436159310005,6.925710076156092,0.0,475.12645065744977,-3.278552982570435
315.86733874565107,-17.656142259426293,0.0,292.34514953403203,-29.22688032437725
447.6402957738476,-3.157378351168517,15.0,448.00548049167475,3.482412361761863
143.9916259150363,-4.485739268574454,0.0,134.27693205161088,-13.615617824689181
115.53048447634869,-22.48933094656559,30.0,102.85524621721055,0.6945479900020963
48.55469518392144,2.453588087952893,0.0,48.7225097090022,-6.3353994981573365
379.29064790598375,-15.536607639504233,0.0,360.6702072328396,-25.35802299646526
495.1325896019392,8.20556550749163,0.0,496.6899808551397,-1.1479377662384742
240.20089255056843,11.159153365521611,15.0,250.015639416946,13.634300261399432
66.06682493414903,-8.10407526437022,15.0,60.45162642885827,-4.941059616818469
264.8950711632776,10.66445066119761,15.0,276.93164649427314,14.14921571931334
215.58963795120667,-0.7866851194424713,30.0,225.94288220367153,22.76110608896357
119.47636592549553,19.088287481322027,15.0,138.5916262048369,24.503441040016188
113.11265756659006,12.760403601597176,15.0,126.44845168151414,18.166057198799297
284.64320697460306,-13.939787514268861,0.0,265.9934430134125,-23.98826820879589
285.10906825128563,6.460544535808191,15.0,299.40203297626846,12.402355424952596
55.83870651622031,14.656660696642222,0.0,59.37060013484709,-0.4532906307100646
189.82908310230687,17.37530320749541,0.0,198.60447094055786,6.2049967211252515
117.27919650284014,-14.084752403157198,15.0,108.69695304580537,-7.840031195653047
452.86454026294075,-16.562362901630916,15.0,437.1490525015174,-12.398985645178051
153.9195568015793,13.937512893096606,15.0,168.16526716014053,17.780080953285978
79.63309608549238,-12.82119376315749,30.0,76.89802934411475,7.109904833424036
356.54122695290613,-6.279668600092325,0.0,343.51085763798505,-18.043165909797168
159.31427812446742,-0.22178984423787507,30.0,169.7319958213438,19.4279375021645
252.6886141724506,-7.552723644875623,0.0,236.5138223993395,-17.074865667064103
336.5885650218831,-16.925009609554543,30.0,331.3741488549408,1.3761369725273234
101.55015642858312,-2.167999152993683,30.0,107.12256475382836,15.545348066248668
382.86335572250516,-2.2128654109075,30.0,391.78475778316687,17.69002123058102
401.872621307626,17.617287018055283,0.0,417.2615658980014,9.646085734834639
284.6473017832021,18.71798397318025,15.0,308.00236528971413,24.147645829604624
109.16503301473118,8.641923107513152,15.0,119.0463381811442,14.669750321620288
313.26795310724896,-8.60596602655742,0.0,300.2124463117129,-19.424784959155808
287.76549072291306,-0.7230708311775046,0.0,285.93108056903174,-10.564055453129228
360.00949887751267,0.46195434552109393,30.0,364.8998988278243,17.182691958530548
452.7812819377338,11.797836559098842,30.0,479.857852676634,32.45007526282329
211.97217097798918,18.010018640637014,15.0,231.59491759516163,23.418887174545763
434.3875169986383,-9.259763801289944,15.0,432.79969205798665,-3.5312628856731294
428.606360237945,9.017751035844407,15.0,440.3440324928812,17.340415956926147
380.70070173960795,-9.111369857263632,30.0,376.9487785981651,7.0542756997999945
177.01186593372452,-19.20640601221821,15.0,163.72974281121378,-13.212193900879221
289.3860378042628,7.266493025449278,15.0,300.230098713342,12.817507257444696
479.2025325251114,-18.731414852803624,30.0,471.89972909079364,0.7714849321081942
471.4995974859323,1.2826344007398962,15.0,476.91382402705295,5.4074826290495
387.6687287225319,-16.72422744487437,30.0,382.15971409221936,2.063193816857204
116.90143965510269,0.5223570407332185,30.0,129.79289595724651,22.948631430207275
134.63311807343212,-14.455438439129015,15.0,129.22245623083782,-4.638031344216792
329.10207435445835,3.0216839203553,30.0,341.962273360788,24.748188604514592
296.19013022657236,-2.4383439836140277,30.0,307.41777482531967,21.616328531748305
303.6691629815912,-6.718046325961443,30.0,305.1736284879679,12.807624498583301
311.53750650566457,7.523469240007827,0.0,314.62076530729644,-4.946663475736681
451.55974140668025,2.2159270647436133,30.0,465.0096165009325,23.52445748542447
214.55582499970168,-17.89722017406197,15.0,199.25355517202186,-9.348803321923178
236.74414840031397,4.827063523792629,15.0,243.32481544082495,9.804722960138609
326.60987524159606,3.0376481351500675,15.0,331.48869190213924,9.094780471493952
288.0780015056792,14.205263856992236,15.0,307.8602148363959,20.795127236815542
156.38071079613485,13.969691795535724,15.0,171.40696452964815,19.414030826286133
353.396725344044,-12.245642951429305,15.0,348.37787766857633,-4.328909568402857
147.08877488713134,-2.1002742888005432,0.0,140.4208789910171,-11.583124437698672
277.13879375427916,-0.7257636637845781,15.0,278.07933147638494,2.3547641290404933
463.9152615954882,14.530851499771192,0.0,471.1146950758251,3.4355710969506568
218.82617620706046,-10.061235904739116,30.0,216.14440094120394,8.722815536325687
190.19762434167646,18.45085298648609,0.0,205.32824394632283,8.075551108639612
419.90100189887573,-6.669280182000534,0.0,412.6446346011711,-14.005343234666624
188.8456455223431,-1.6591429152332928,30.0,195.56939731523266,19.27833264220384
66.2528353954001,-9.277577754981452,15.0,59.0454457599947,-2.8478675725826648
194.01685873830075,-17.435647560877506,15.0,185.1026028800642,-8.515080969339454
482.3451567538505,-15.045015266587933,0.0,461.1133176000186,-25.62682273400916
166.89915688398625,9.95615041036401,15.0,181.4898486489076,13.747653426399324
97.45880317425227,2.213619235363121,15.0,107.79466383741426,8.695472877275602
481.59407814827676,-13.520314113258616,15.0,468.89586159397527,-7.3395526638272734
396.5734681368192,-5.121595325116654,15.0,388.9342546821767,-2.001733121092812
215.81579216832378,-2.162159029555112,0.0,212.21110601585585,-9.520304153686968
97.09334229164656,8.13176620520822,0.0,102.2798104857428,0.4507914645957669
138.19976592755657,-6.663758487107577,30.0,141.73035814420226,13.66394139943463
433.1614384438577,4.638019116535547,15.0,436.7109566191882,9.804340073524532
340.97326968374676,2.7593489535318,15.0,346.2103567752538,8.531385798004106
469.80570055515864,2.068534763662172,0.0,467.64725005419876,-6.6867731271071555
399.74136228360976,17.714171566937132,30.0,424.799035241489,36.70988766830919
233.43346433200858,1.1588805961124806,30.0,244.3168719705266,21.648020217788613
157.7409511956242,14.398781408446155,0.0,159.10199977053213,4.943893573564882
448.12079354630947,-18.54264570532069,0.0,424.5358007151585,-28.65993897299511
329.19510146110156,2.7286767007658113,0.0,330.57937967649735,-3.3986128903310195
490.7912147966976,-16.92589449016027,15.0,477.19208077588837,-13.116704293490013
283.83739831574104,12.875120006600122,15.0,303.34589271821784,19.666392914345376
101.08123224972523,17.138421002558847,15.0,122.39536019545437,21.795040047583964
279.5300320564486,9.277489201364936,15.0,297.17916840125974,16.22626242138029
196.74352518364893,3.153317478752259,15.0,200.45820805055544,9.015707982923246
424.6719929413172,14.102988076387755,30.0,450.23695593480807,34.4528269023338
287.69511609458783,11.492629813180132,15.0,298.8701772678208,16.111816787171836
133.75230912429882,15.47931801026867,30.0,157.8418332879774,36.55948262260689
321.08073133940536,18.00278139514233,0.0,335.5113275009848,7.52403146802585
304.2851368742716,7.018145700265942,15.0,313.785951210787,10.362263636821488
62.59230013144893,17.892927749393255,30.0,90.31619086204054,38.26239045976895
237.26011325754413,5.465528038094474,30.0,254.6373890382507,25.318853966850345
429.4565489769776,9.302842332679408,30.0,445.67661506723124,29.82761570640952
114.763496487502,5.045884702620766,15.0,120.31610529025468,11.048232027048247
85.24431365541257,-15.059792667475334,15.0,71.21270241555953,-12.047515724272774
255.33310353146535,16.433314454545517,15.0,274.0311242508939,19.74475170480085
184.34920775579792,16.305574858605556,0.0,199.61000886398506,8.825409326944548
379.2955574358489,13.1678307416488,15.0,397.2337787941881,20.18160444481015
461.47168109329624,-16.80179361184055,15.0,446.22624517430745,-13.30117499599147
312.43947570979145,12.157420578219007,30.0,333.64624120712233,31.24004225287731
102.43811853006525,-19.25052972490049,0.0,81.85064887736655,-26.470876836423987
151.09830918955305,-5.159445085244953,0.0,141.91107404260634,-16.382757228452768
452.80246888006116,-16.87175073116046,15.0,438.6857109829392,-9.27520686292684
431.48921976310265,4.308809651187788,15.0,437.5521696327604,8.520265132466477
390.61895047135357,4.962246261316015,30.0,405.66604478720103,25.87061502073967
456.59196116197506,13.355739884868822,30.0,484.2585802736678,34.01831147415807
338.53238613124233,-14.062004058344733,0.0,320.17391961219005,-23.922867911956708
232.1122474155597,-7.716622006692331,0.0,225.26608175393534,-14.78347112338436
158.55422605349108,4.082983038363678,0.0,161.82295381170908,0.2602028745181535
67.47830122913346,14.773450218364594,0.0,73.12901818497042,2.6515594705219137
132.93321121300795,-8.97969701795567,15.0,126.52338285825954,-4.260207478668795
328.44945813091744,15.525201848818876,30.0,356.0449628477944,35.28638047529486
383.3814888651372,5.788640541585476,15.0,389.6444808856635,10.348858256308489
333.3283433329708,-16.069302813182613,0.0,309.0681903223225,-26.489775564536867
231.3819983722693,4.796176491495332,0.0,231.23644317911092,-2.5539049647866285
91.34721348149111,5.507780001541837,15.0,98.51877779574605,11.753061711154132
198.8534840358662,-17.926522125985887,0.0,177.08988846225103,-26.773720064646287
185.37010355569635,-10.82352156554812,15.0,174.39161780901406,-6.417949381143739
410.4652182980732,-3.9749235377209753,0.0,404.67312785345916,-11.356694808055956
156.53089674643854,7.404790602864045,30.0,174.4201287768423,28.957392588593468
121.12920767958276,9.877948997056816,0.0,123.31876966439816,-3.6012679443637907
184.18202951262936,-4.833386141316645,15.0,185.94992882267516,0.6683444732310786
428.44541324448136,2.814024846030639,30.0,437.25751533050874,23.710845731896324
370.639175396565,-4.443579970976312,30.0,374.7363920328926,13.820743503317779
94.34321054571335,-18.184804532121834,15.0,80.70357828121082,-10.614132241422439
206.71391404358334,6.2876177851505695,30.0,221.61658873209916,24.018559932838443
372.0720549904706,-10.403107315138765,0.0,357.5464018392437,-19.946299841250703
166.64329167751023,-6.730972890071303,0.0,162.491905651046,-12.691938576827138
295.6385102646641,-9.205388345536052,15.0,291.17693058702235,-2.6395046026311473
485.3198304687926,-0.0586496603186859,30.0,497.0651625434499,23.348154378068674
313.0012568641037,15.51050919732792,0.0,325.9318449063868,8.232292885231498
268.87736324586547,-0.19336914869534993,30.0,274.294077318826,15.832639316799202
334.5570638273087,-13.932405533858013,30.0,328.0745138750537,2.913305638393261
203.04343244395696,-0.09335483344369022,0.0,196.83285566628481,-7.998515801794728
377.7462772250412,-3.8065606087949426,15.0,375.1652045959113,2.0805400177565225
276.144638891276,13.250455429869703,0.0,284.99979681326397,3.9658108815768536
131.05109891860204,-4.79094219788697,15.0,124.5516699997309,-2.961443391006423
318.1514826057277,-8.691422799289585,15.0,313.49065388314267,-1.4517511990335628
472.47867507024887,17.872006089652704,15.0,494.4883868319299,23.608319117592405
114.48018051226131,24.187688549207905,30.0,141.7874698121299,39.016623622059825
267.73536948672086,3.7077744539339186,30.0,279.9058278730069,24.0005624566195
377.25724652580783,-16.820439869358044,30.0,372.7350520165529,6.577085065103571
326.8625507183899,-11.820170301279905,15.0,314.2938125026491,-7.417392057584756
335.2458602717234,9.584640290118763,30.0,352.9093185425261,28.27620755922319
417.7159231364632,-18.952013663012576,15.0,404.2038047938709,-14.194363430874859
275.5515613419417,-14.603584011769833,15.0,269.1434000287274,-5.913546052069801
315.65606109260096,0.20100151616694362,30.0,324.0477762326041,17.90916187458389
361.70666835696,-2.136487659106656,30.0,371.45682323238776,18.757400619716663
95.03437869962916,-12.258994904412472,30.0,89.96546479939204,4.988993277128067
317.79513098237084,17.92131797906896,30.0,341.5699422803008,33.28455291340063
114.49884237042689,6.638942915303206,15.0,127.16376697201741,15.151509547042167
228.88653060791137,-16.563557609448395,30.0,220.97521454771802,1.0970868183788518
453.01522148686655,2.3644176723191586,15.0,458.6856829999378,8.044896754321574
151.02658525217208,0.7584947294023812,0.0,142.54984757763023,-8.677535203628505
233.10412649453147,8.732995210179016,0.0,239.5878541894428,-3.3537634475746643
272.23557739853015,-10.425059670518051,15.0,260.39808675032793,-5.799277100827865
328.1727258586934,12.707743390608087,0.0,334.08164515834255,3.6794219912753583
178.2366639012335,17.377129902751843,30.0,205.9729982282918,37.931347059731536
169.2507932192364,-13.010085597760554,30.0,167.32323679558223,7.686012094678588
129.80494225386965,12.875477321957094,30.0,150.32673107627062,33.74713512703971
482.6187135604888,-9.628054135211208,30.0,480.3639523584985,9.033481702104224
217.59725184468078,-9.391576885910252,15.0,207.301442479992,-5.4719213627856895
306.2676600955239,6.382344693965022,30.0,322.08743096063733,27.251214124877237
208.05320367317157,-10.848408697683247,30.0,208.14096780474026,6.9430116032127955
379.26836760530887,-15.85403359373681,15.0,364.96157347229996,-9.513686222060382
202.9088451862168,1.848234849713898,15.0,208.94374469173852,10.843543513143462
402.1188091199636,-2.4616959496604163,30.0,414.5505541363203,21.51512806605526
473.7156199650875,-12.116599398559623,30.0,471.8470362113977,5.8314726598793065
86.63920954717771,21.399839103844176,0.0,99.31450141147869,8.471529580994495
274.221836803872,-2.923185185368487,15.0,274.1245089720713,3.4160140435476407
301.9084677143476,-16.191414645364826,15.0,290.63395694530885,-10.887147323919436
130.56472195163144,17.05850437799006,30.0,160.00386069583368,39.77570499738225
431.26080540284386,5.250967694900877,0.0,436.4115348294993,-2.999177100482285
466.585345834079,15.424793857382928,0.0,475.1462456414779,6.167284289876104
63.63524959270057,0.5920741912882916,15.0,68.29801130300056,3.443155583882465
346.5283297207179,-18.529055209364614,30.0,341.83952313154566,2.8141804384259395
395.9955321798309,19.290548831397214,30.0,425.8827233516081,38.74349638681842
341.07354004264573,12.822156868007648,30.0,362.9348105010821,31.679859905846737
232.8216688149331,-14.210449663102999,15.0,227.42189753057423,-5.446084852273293
215.16783970440807,-8.257565428461504,0.0,203.85136519014725,-18.32622107257322
158.71475305085292,16.955421363555597,15.0,173.99398300394776,20.785238100833414
199.49907914392287,-15.519124125522582,30.0,188.0110069854368,2.0486534918094286
308.18331610244695,-19.078810944286513,15.0,291.8653419588551,-11.18011378122019
412.4996314746176,-20.099536687013458,15.0,396.0837722190945,-12.872654270370077
495.547850696585,-4.205006654229284,0.0,488.2212171737818,-13.393478504021644
167.32707600288364,7.1823904065244655,30.0,186.09275070520684,30.16054184188097
169.6793427732838,-13.46004409852746,15.0,158.89700601845232,-8.673915565456014
217.46075224355062,-7.086093606941714,15.0,215.63518768490835,-2.2370879132959587
372.07243822406974,-12.307531504656588,30.0,374.8452897275505,8.976501002726643
69.95894879605925,-17.76322384572786,30.0,57.346615884548704,0.7203100909452544
87.6668034043458,-5.994195369203571,0.0,75.41986746119818,-15.035715051098332
83.83122549961898,-14.887798233182544,15.0,72.49735367603446,-9.961471469123847
273.61023125171243,-11.27205365531275,30.0,276.7306714336195,9.682496210869495
234.10625270407616,2.2650057378637305,0.0,232.2586087023836,-5.347490606483472
66.18061941509217,3.515709297908001,30.0,82.01580793781787,25.838919096194513
63.17873749226001,-18.269745594227317,0.0,39.34531464917018,-28.758227353640624
286.35386654700056,-0.09014641215651298,0.0,280.3416023473812,-11.268757007189368
269.56795812956847,13.54077069287099,0.0,274.27558096302704,2.1232126592082885
270.5100916794075,-21.33987016314721,30.0,261.13746315710955,1.8212491199401946
476.99967423291906,7.153770560872792,15.0,487.05496395917015,11.711993785185957
451.3502224060143,-9.219799168619216,30.0,447.6611232461263,8.199372765663629
273.7545089180185,-6.234190827467676,0.0,261.63135857311335,-16.683638449558572
244.93659102667573,7.108664055708711,15.0,253.56211240706403,12.928078245929186
402.7806953061631,-14.057802684254105,15.0,392.7926400807789,-7.641396620219254
414.5940109031188,-0.3061044816529921,15.0,421.63516878791796,6.196028442778516
343.72515047881524,-1.9785319149413818,30.0,353.0262806046301,19.274525669279075
61.521492868095955,-4.135923910069087,30.0,63.787951877243934,15.239844799891497
52.80672967407328,2.0557021184432376,15.0,63.42729936222836,10.947788937109689
315.7116074439372,17.408043289136565,15.0,336.06336965132306,20.96362920223166
287.2941335028674,4.639886938706592,15.0,297.3862575368773,10.965169519721236
146.24887960728222,-20.115972058692517,30.0,135.9210936763498,0.34357869182964507
248.33097132508706,-8.102233316411473,15.0,244.46110277643217,-2.771101172774177
225.17707901218276,4.970503178826843,30.0,241.08400166203484,22.188070686849972
70.95723731204225,7.693897850063021,0.0,73.43184729776199,-2.047705355524556
184.81967488118056,3.340028334711485,0.0,185.47606035505805,-6.020972673814917
240.75962227946965,-14.663248642548925,30.0,238.83482416159967,7.916864351315478
272.7438853361103,-15.118781897281622,0.0,253.97760158277615,-24.465478541094466
235.64227776244013,-9.053755930496749,30.0,234.5942379518128,9.999295489728452
374.1298184911297,4.849639501139074,30.0,388.46872715569333,26.655095958197855
489.0988139784801,-3.1845018765197506,30.0,496.0938849758404,17.64278267980099
395.06739815084484,-16.191359532633655,30.0,386.6457871201003,2.508126024631107
340.0833797696413,16.515630412762565,30.0,364.76399126359547,35.472115084509014
350.02947556267804,7.434357297430012,15.0,360.62443930901026,12.473834684575607
316.19136779729064,13.680965737865783,15.0,330.6701928433172,18.370521695660425
456.3242160478121,-0.7672092209289185,0.0,453.93188730351363,-7.5747067808428135
398.2234515355289,16.20661700392292,30.0,428.3072032314343,37.78913817748034
318.1878997144913,22.001453054399494,15.0,342.4944621961416,24.932633023861708
153.08159809707723,-1.334873976828174,15.0,158.60335079292008,5.14213616825548
234.97038171733223,19.555169037058377,30.0,263.7591164025912,39.226761127982954
105.1315625091648,14.20944106988494,15.0,115.35260821065856,17.576042268752143
82.73679734326863,15.529389157617311,30.0,105.11759553172271,35.63197346367676
376.58607643429957,9.94655745434461,0.0,382.7872275037571,0.5307380068000107
66.92108559745121,-2.540715554482577,30.0,74.36171461784073,19.47356615281539
432.95734403226885,-19.341511691532617,30.0,423.9515062404788,4.540691892016392
115.03828880784917,-7.421397763842408,15.0,109.27097071990251,-1.8322508724899986
264.11985429287535,7.649896449391562,15.0,279.1137735277821,13.938837236783097
413.1721563956395,-3.611567076822062,30.0,418.9690455989865,17.969006659365654
118.78212462522457,-14.348736764819716,30.0,115.95641063632365,8.1361508842348
447.1466091787407,1.0666732496043734,0.0,442.33480978561096,-7.750835333002591
130.76114676284047,7.993061179679308,30.0,149.39708654371944,29.252520074092107
410.3687275811316,16.43644384595253,0.0,422.3517925477683,7.8651428225086555
225.14747249736794,-18.2695415099077,30.0,217.07811034460988,2.328894250212155
164.21638739572194,5.174377272663814,15.0,169.87023085742715,9.380125350896282
453.24637109174745,13.7101704287722,0.0,463.316453664824,4.876529831471341
483.0911904817678,5.812778794695558,0.0,482.267724721097,-3.5731111690974267
185.41118659726783,-6.381675186479554,15.0,181.23437937519404,-0.14495004732309447
464.736521420329,-12.746700496011924,30.0,465.61730754763005,10.043027665286543
338.4240397788223,-3.6069258692212984,0.0,330.0473898506337,-14.301411913300296
140.72880610726014,-15.173028754446618,0.0,116.70041700818034,-26.633820617300962
391.4332912661115,-18.78883281610019,15.0,374.0906704555007,-11.539470668405869
456.05332174528746,-12.476291172585595,15.0,447.49302266042406,-6.742868922803519
323.505347167455,5.586773408353537,0.0,322.9207380137621,-6.430448708294719
467.50795058798576,1.4050910675554875,30.0,477.9808550033641,22.603868320837552
289.78383309087286,3.7202579308836534,0.0,289.04162240179926,-7.841035948784906
56.488874298005356,-0.928390839073045,0.0,50.26554538079174,-11.613178766268927
443.1815611633413,3.113242586637852,30.0,458.1982401261406,23.529954353964794
136.95137527519367,-18.605117758529467,0.0,110.9187645574448,-29.262672880883045
168.3661019923533,-1.7689364757263144,15.0,170.88676353765837,4.5697280789737675
334.89462686009233,-6.16264113612863,0.0,325.56284831002495,-17.308745010101827
426.15692983159613,10.223356786699604,30.0,446.97233990509386,32.15500150393236
333.5989629002457,-10.324670650080442,0.0,313.9376206734703,-23.005687905088983
54.90025772596425,-12.344154619680356,15.0,39.93742451095736,-9.413844126335343
171.32385785799656,3.2514654619697847,30.0,181.68214269250748,20.288824155669094
474.3982095904842,11.799625572646137,30.0,494.63603946614495,33.40216114323023
147.95394501952188,-7.541143050657342,30.0,152.0769867033741,14.020114983819724
334.6267213144057,-0.6883881013919266,0.0,331.96133647137236,-11.810678886060138
488.58129145003875,10.677883351798135,30.0,509.1125710686597,31.273716982990184
496.79840110274876,-11.404314786337261,15.0,491.24415549621807,-5.50415388821413
384.9871350880242,6.752790215910647,15.0,396.8677873790883,13.965389213305112
228.87821034633507,8.85537638377298,30.0,247.5789380439481,29.82903370216546
393.03288658821737,7.617224343243008,0.0,394.18152520650784,-2.231858680484873
194.85984811352614,13.609370477584509,30.0,215.34492090506706,33.984518865031774
237.38815739947117,-2.4310981337528537,0.0,227.8808426793147,-12.119128226683422
161.56622836110407,-17.083464557486465,15.0,146.09969853336202,-13.918867212091627
291.9137151154193,-11.333646714605448,0.0,274.469679245669,-21.861021269769036
471.75044072529363,-13.969808085671058,30.0,464.9218355525287,4.8754593706680485
439.73587596824854,3.8920239853708725,30.0,455.32840773579704,22.97741884295188
97.7137326541521,5.031101449325419,30.0,112.60196776561364,24.79745586152684
484.09356620870506,7.114321077402012,15.0,495.1050518643791,11.692395465470739
199.85586477385394,-9.860336645831719,15.0,185.87260769637086,-8.398927948542273
119.34701976874081,19.244004348796288,15.0,136.0106295133061,23.30269859789767
202.7856659650732,21.262271051897883,30.0,232.33487401790424,39.85022298141331
297.9036168502167,-17.87880123520298,0.0,273.0554383841778,-27.509848816271774
398.6312580454191,-2.969454505100152,0.0,387.80799316818207,-13.159663154625829
292.88950198889717,-9.449854121546318,30.0,294.40082019751316,11.227596082859538
121.38520008672705,-4.29793977712798,30.0,124.97314735622672,15.45929985835598
348.5846876112523,4.221010514982994,30.0,364.4100913570319,23.8064319682627
130.16714148383647,12.220173638826312,15.0,148.36189511739374,18.687419524779013
241.3983179679624,-5.38718704960735,0.0,236.3839432518709,-12.274951310499198
309.48582446577484,-13.075801692213698,0.0,294.5015418704012,-22.09069160250449
158.02961635384153,5.9833112894434946,30.0,170.05404696772197,24.152856069551206
118.9222169799533,5.426010566708193,0.0,118.18796271501313,-7.879914664559475
483.7659819817357,12.024277291592746,0.0,494.89380874348467,1.5296590144484128
259.180405977681,3.0994451741139923,15.0,265.9746396925092,7.371332575875197
277.84574594760943,-5.5750252558468425,0.0,269.53578189602945,-16.198741437065447
351.5167209601026,18.26299176745515,0.0,364.38933139693563,4.796395585690792
394.863727334502,8.91558617575281,30.0,416.24698638406835,27.4954506183334
218.11843424988572,16.10438649242903,15.0,236.64239818827525,22.399358753288897
433.2307134381264,-12.948378517823862,15.0,424.57215532309067,-6.496576685982323
407.78878887779604,11.395403926919592,30.0,428.13720221827805,29.950293397140722
172.27570421122752,-5.817091850914315,0.0,160.77667130713374,-15.796390039875169
229.84832462426968,-5.561397571970371,15.0,224.36797673176537,-1.8052649196488098
227.37029416386724,-20.4322760292279,0.0,204.32345432098856,-28.88601149910094
155.36950783296402,-1.7583136925101992,15.0,155.86206873182408,2.6086285094600505
301.9129481588434,10.3764852580599,15.0,312.6095712936762,12.932066538275446
214.68783755029415,-23.095689073663788,0.0,193.48917500865068,-27.678883603375215
441.4875456613539,4.804602497033744,15.0,449.4938021639027,12.872146999776636
173.323179561399,-13.51535768469917,30.0,166.0880876554967,6.108923326823458
354.28214140976354,-11.916623492066922,0.0,340.0778590433842,-21.75116573040535
113.33883018155646,19.194289763928403,0.0,127.9672279997103,7.980013479403947
276.9060900155752,-7.425692391742448,0.0,260.73110856529445,-17.234942555145338
480.5914011880771,14.82592670074649,15.0,494.70941958125644,18.26028591874137
317.37160845866174,10.550655820942648,0.0,328.6850726689646,4.1236328683901355
384.4102498028907,7.097077369367757,30.0,402.23697629551805,25.361926235872623
393.0808246766855,2.681383305279514,0.0,389.93672280897454,-8.95517384329888
220.6482307686634,18.021504284825934,30.0,249.43126720554832,36.81897586355791
412.3418362829183,-19.58794931944209,0.0,389.81401430528047,-28.99830687300302
382.60794949130826,1.0280141775705514,30.0,392.36951789841254,22.125331775720294
325.52115484513655,-16.362255575745124,15.0,314.98412299434665,-10.658667594054922
69.49898353913905,4.685078558821003,15.0,80.22445447016683,10.153586861942294
131.76196974063433,0.6031732303209775,0.0,123.54450593786368,-9.941234867281441
487.1381041021948,10.808761206800458,0.0,495.57566788712074,3.7514687049824396
481.5914306741206,20.555222721656335,0.0,498.24158946191613,9.439179712727604
364.4613989821073,-2.0756951144525724,0.0,360.71491464798225,-11.397342251718118
238.1228968772287,8.363539600268432,0.0,242.54377634219284,-3.9009496860163004
212.9850453773989,17.254646048200996,0.0,224.35366444290423,5.633663879434703
451.9775404373288,-20.93984385407991,15.0,436.0886425289449,-14.134861294239386
402.69478554429116,10.764778776901768,0.0,408.8520046053988,-0.9821575533045213
141.18919279709613,3.8641080504293654,30.0,151.9031250269971,24.794756833642456
456.21327759464924,5.92620204138529,0.0,455.69859866088825,-6.629090083648709
64.5875796191663,0.8765750947512272,15.0,64.45440918612385,4.435100305583827
82.46803238333511,-20.74502224975122,15.0,63.914860099108495,-14.788773405248858
492.03463334106164,1.576913098353815,15.0,495.61883275780787,4.177611068492023
223.9238525937639,-10.257710570770804,30.0,219.782025783989,6.1652005428060335
218.37576246854837,7.538962421639803,0.0,221.72487625031005,-2.354029101563306
289.2569094674136,-3.4173074864472923,15.0,288.00273705944886,-0.1386300000491545
181.5331771977042,-2.6415908870658082,0.0,171.4827089173381,-12.988732801572027
372.61262772656835,-1.345037902613344,30.0,383.04462372162766,21.39989062161911
158.05084430512846,-12.603982047146859,30.0,154.5186811050585,9.064039862660511
476.41218104576024,13.254925212181563,15.0,488.2226393622072,15.861823420930332
459.27984037728123,-17.784502400810133,0.0,437.07335690329273,-29.069159174477566
342.7836587865478,7.555104610261649,0.0,339.49144259481136,-7.381292149286871
310.4578466323873,0.8580353261771858,30.0,316.8880987624754,16.380188630175038
351.79426969373696,-12.694514775172998,0.0,336.0358171295255,-18.902402402974605
484.56137764671445,-8.07381645042081,30.0,489.49519146237947,12.739847982387532
147.8098993947105,22.484112547782942,30.0,177.66805232149736,39.32133036250417
202.1063659081233,14.585923416201156,30.0,229.71560010858244,35.05709747242571
494.1945736500573,7.442589738744255,0.0,496.462377915568,-5.027867730053355
340.12775752074185,6.661492697443023,30.0,359.2131743397781,27.666204439470622
384.09003327361467,-20.240150047459547,15.0,367.8606104124352,-14.552884273268678
432.59728098543934,5.314953619500349,15.0,441.086581324282,10.945226870905419
426.75051583279554,13.722805538141333,15.0,441.4713256010702,16.212212201549505
183.64457360291613,-11.93095810155805,30.0,177.42743938750309,9.341454465588809
388.52383340339884,16.65661239053964,0.0,399.2437908479575,6.463840520219815
283.7136366497876,-12.386379414127097,30.0,277.55078461533117,5.939367050660053
286.9815513405325,-12.352166852713262,0.0,266.20267979046787,-23.65248184578462
454.33551627729133,10.49722672298619,30.0,471.4694766877927,28.867657595957976
458.48676430402645,18.312487331097756,30.0,487.74786145818416,38.55565565093005
370.2248727740587,2.588928427043659,0.0,369.02534716923947,-5.417800324746139
212.39397986402022,-8.209551308787173,15.0,209.94087387844127,0.718637133703588
236.89259465395548,12.964791007189628,15.0,249.10811665242946,13.383208324169726
245.68043286512733,18.078413782540277,0.0,259.548346942048,10.192081628581679
390.24736626002715,-8.612596257055104,15.0,384.92159632937137,-2.7379317225989297
286.9708588131095,-1.6503137991051338,0.0,282.0148680167581,-9.28357807868407
306.4800659288064,16.147840620948386,15.0,328.2627463726981,24.89757112155971
459.34459237296113,9.897885918101519,15.0,472.30098490509056,17.909011580157458
452.78104705784796,-9.097185319601415,30.0,457.53198524990773,11.81801355124433
164.3785561318065,-16.4640967506177,0.0,140.69869812078036,-28.198462067357397
59.000073473598064,13.906903363607746,0.0,67.9480745700781,5.01848160551037
239.75669016123643,-13.997785302193083,0.0,218.3091596185641,-26.627286960425344
345.1566723370617,18.13179179984447,15.0,363.905861425542,23.66785048597973
203.95295175271514,-10.799370620783556,30.0,196.92262783732554,6.915132386589885
201.23317716676274,-13.526774314580141,0.0,181.9997950412457,-22.291706490257035
167.88608670473738,6.388078466996928,15.0,175.117137312059,13.289888513118026
133.39475593869048,17.23536325379088,30.0,162.4326815909021,37.470619604441936
398.5489746549197,15.403475534894502,15.0,413.77983573612795,20.074340990698875
257.6313387377074,0.9191637655480231,0.0,255.77396266592874,-8.498527476620978
60.29315078271771,-5.953342883890049,0.0,51.35934744463376,-14.150900138523728
347.70910982948504,13.07507843812007,0.0,359.24941984696466,5.56922688216785
114.67388721029812,-13.459943807920387,15.0,105.91407711535877,-7.526010065227872
187.73613773881587,-13.474163245540474,15.0,177.2995192513453,-10.860148212992943
115.6340918384156,-15.553990178266638,15.0,103.03195872044745,-10.96753769394999
440.5870493905745,18.638579147535957,30.0,470.5005582509007,37.436811887204115
165.00554426935844,10.639733482195755,30.0,185.3740268783089,28.2836567504099
425.6050161966276,17.67321567102557,15.0,443.3810467140094,21.10190133275427
214.93548494910624,11.548670760633707,15.0,231.47340475758156,16.636152423330447
287.26590118222236,-8.532204084840291,15.0,280.7069946489988,-1.6572355434961548
315.64679202029595,15.302895467667094,15.0,337.0009823877424,19.817832728034933
318.8822723839116,18.037137153048636,0.0,334.33761037132155,6.845990999981179
257.6146083338904,5.160361157878601,15.0,266.13857743913917,14.220485075424833
110.52966506456889,14.884490061086476,30.0,136.33461246846628,35.85000736465469
425.2619660915365,7.197440106712293,30.0,441.0488293155299,26.242914437373567
204.5539357847639,-0.4208076387837442,0.0,200.82320979451003,-10.585450932837617
160.1259439646275,-16.64165627569139,0.0,140.4382762061207,-24.3680531968376
295.4824869803997,11.176119974768252,15.0,314.12179501491005,18.745840541635264
235.811367470252,6.619344890917475,30.0,256.0610588298655,29.774195472997004
227.97546171317475,4.566173569926804,0.0,225.54139572824184,-5.988623410043584
370.871026785955,1.516203292711995,30.0,387.340135902899,25.207853614810933
242.61843529641834,-23.428672380811392,15.0,224.37588329603517,-13.960700642439058
157.2376888914216,-17.85644788707242,15.0,140.5254086007638,-11.894988465692126
433.2997927710022,11.660204163663618,30.0,450.8322233925793,27.573763060616596
423.18157016917195,17.169474790147305,0.0,434.6874475848534,6.908263226884284
156.79653938603644,-7.393271374661374,30.0,152.3663585128326,7.100440670674988
273.93066215890013,8.78696382575945,0.0,278.31191270701186,-1.0853162103858303
490.3434455669491,-0.9048740404333017,15.0,492.23796774496503,4.6118327112882405
477.98308382381725,-14.00399994079374,30.0,475.8810169331468,7.172017828321131
232.63988552249873,-0.41417220869816385,0.0,231.91577109263682,-7.845913770253922
421.1115504782803,6.701053730110106,30.0,438.4215773940285,27.33910025761679
87.84649863947197,15.08490210534476,15.0,109.1788577280423,23.303834886822326
393.77999849612075,0.7385008662944362,0.0,390.6783337929188,-8.08989318655454
375.84223179018744,8.445266740520628,15.0,384.12987344069126,13.921929603294146
89.00275740457172,-10.757985053663065,0.0,81.82723916402037,-17.884278264580495
265.6468903308931,12.87859194689583,30.0,287.4040536008039,32.20042206701484
421.7815622273521,2.7636519884153783,0.0,415.15553968817187,-9.842591491594472
177.29113368382588,0.9996692368670397,15.0,174.81806527681303,2.415135268062727
267.09301817567183,3.7477656801405446,30.0,275.95796640711376,20.992585812655786
434.7548677921808,-4.725056685060418,30.0,436.5300606371417,11.86006573891967
338.5261501056036,-12.240165581348872,0.0,324.4416128200823,-18.39409501531007
270.7170894250008,3.0446940138356746,0.0,269.7665462701156,-4.001836483054021
197.34985404151698,-2.0128800798591286,15.0,194.77103959887148,-0.06572384300242184
157.71744020440528,-9.826470058225196,15.0,147.81786649557475,-5.36089977155088
188.58200970271008,-6.882096565943462,30.0,194.68541298828788,15.387143173173932
228.61979727866293,-18.324513487148817,0.0,201.17285310732547,-28.355441388182403
435.598327198785,14.343032975510948,15.0,455.798790751931,19.608957129042796
438.9632297044169,-10.269591485290654,0.0,426.78622579497505,-16.72071444528535
144.95424331076114,-12.874362698432137,0.0,125.78493001895669,-22.30672497485495
160.31540090688893,5.61385191850545,0.0,168.49702539003934,0.7911840276248832
142.52356176488607,-15.373648904386872,15.0,128.4140771747598,-12.15895002162383
156.99811235213943,8.550820861210925,30.0,179.41433663961936,29.100379870445057
435.57895861398447,4.9069630941889315,15.0,448.50954043275317,14.052653734929084
154.65633389868478,20.45597068166377,0.0,169.1755364574572,9.886634374417337
113.89494925323375,-4.784570200858736,15.0,107.489392146479,-2.211448634878735
472.4783666432578,15.237194319971449,30.0,502.2995321407549,40.18860389677194
297.45401414300017,-15.25076709083592,30.0,294.5573771500892,8.286872416313335
445.37059405258066,-10.478456112228342,0.0,431.4604236931214,-19.036961560699233
150.04210813582404,-6.097963350961903,30.0,156.25003060597973,16.07775903790993
78.61377874563178,18.974908259303945,0.0,93.41150304275682,9.654717903547787
64.50081542232735,2.1025545838156594,30.0,78.22304888919035,23.73855143435046
411.0061221186046,-6.473950089118109,30.0,408.36754502885054,10.753306824111503
254.65121171592722,-1.9610108156151287,30.0,264.8274933530754,18.518472763794772
215.55471146811877,-9.572437050875303,15.0,205.24009244112477,-4.962869617154563
264.1196746018033,7.970656304697664,30.0,279.03592954155204,26.836230143511635
432.50428635864887,-0.8159522995404334,30.0,445.46044603052945,19.45747003044279
356.5939512552965,9.898083434428434,30.0,377.85973564671343,31.970433359614034
365.7223193241427,17.0389541723559,0.0,376.07602598779226,5.977752421475213
332.07078484941894,-1.469708186624929,30.0,340.8866179214528,18.20090074406665
124.52651949045979,-8.291449054937102,15.0,117.93420758048866,-4.837482578266746
134.39573031125718,-12.712851527974031,15.0,128.4727001639753,-4.843102135431145
385.8365948142253,20.196428667365804,0.0,399.49476303588705,8.911370519923675
244.9991421181111,-1.6391276026137467,30.0,260.04077056971795,23.935303939532083
346.4615088913545,-11.350063349071895,15.0,336.84658133593325,-4.657360016342867
72.63997615502528,11.991809516559739,15.0,92.36042032091692,20.50409854404339
228.871803208385,-14.248724671857,30.0,220.380275511122,2.6072364960561494
106.970388304516,-8.91396545921008,30.0,107.38191522916914,9.524631953983942
191.25251365388812,-19.464747585764837,30.0,183.98498229995187,1.5706945490579223
283.990285245297,-7.576633136143094,15.0,275.5977540264013,-5.107369720498914
283.75677791739906,20.866774331202908,0.0,295.88502808135104,7.973800687686943
494.0397006194905,3.089944463062121,30.0,508.0133028321954,23.851109035882605
126.10043555460955,5.237201494451748,0.0,125.39844210176096,-5.535162893858683
322.46982296766157,-4.0373669567862205,30.0,328.93241180841034,17.524077540281645
217.55908177226627,-6.419791184523776,0.0,205.26271084928618,-16.28898017327205
446.34960962053185,14.795025684094128,30.0,468.99855188838404,33.48243150555962
293.1339305206538,2.916835490999617,15.0,293.2336632739783,5.642267573908892
182.33258041398997,-18.79206156776464,30.0,177.56386217017888,5.378541161576223
119.4429137583145,-17.917991844722607,30.0,111.87496174501413,1.5039854259736956
119.71301417732607,16.995572059093004,15.0,143.83279726569435,23.95747312184876
488.00784153977,-10.641896230063832,30.0,488.78465818703006,10.839757623830515
413.97722511948166,-14.59927650222671,30.0,411.3157960375284,6.574595338404254
83.65135526695956,7.046566439090359,15.0,89.60295623121164,9.688521342681032
83.37260205376786,4.932737210938125,0.0,81.46846703572518,-8.172178585907599
489.1572106622307,6.089752161904566,30.0,501.3720513771053,24.813003633094763
305.22599332531604,-14.896637257364285,0.0,283.49898430621244,-25.472126674007196
395.4275138867029,-1.0240138462094825,0.0,388.0370676492988,-9.940932643703768
374.0723422478678,21.352058663028114,15.0,400.1371771920108,24.5593305659208
430.8301860008636,-9.382536614432128,15.0,423.71355620672955,-5.210481127628196
401.33913802095714,15.291506896311073,0.0,404.95257912021606,3.0383537608506295
424.0090911193595,-1.1999304322828637,15.0,422.17205700466513,4.700801748600284
344.09697305779986,-7.607122066725725,15.0,340.4255600901581,0.23149464008025689
136.43710035759756,-9.672600952446807,0.0,123.51859924775141,-20.45768534992292
188.2236198534069,-13.32061289963107,30.0,187.53888406361298,8.132068404144203
416.0809239026004,6.680764969592038,15.0,419.84609769668975,8.08503629665319
176.6004530435274,17.62749920014813,15.0,196.47825011108552,23.09364117667992
452.1390933236729,1.8625582374483374,0.0,446.8608562861121,-9.26011873883629
438.71814593661844,-19.019517022217478,30.0,437.4263297418831,0.617547561468438
474.3602953820383,0.6525364843000911,30.0,488.2771285146852,22.63667821335149
94.09528127058931,-10.111884131289791,0.0,78.68214097025103,-21.022549083270796
365.4143662269302,7.0237942800324475,30.0,386.1270141765377,28.267422355057636
425.9050492024015,11.824838288575487,0.0,438.1752164408475,2.0479139911994757
238.41621632669714,22.03517446696736,15.0,257.785468229632,24.880685314837745
323.88052711289345,-10.566072608795958,15.0,315.7001733300518,-6.548881642515553
114.66689618821519,18.732122499561335,30.0,146.7122674061375,37.76107002975584
298.2317581565274,-7.628777712881474,30.0,297.32885249631266,11.495031849226457
78.25950538249985,-9.68650063555104,15.0,70.70534704376419,-6.481365691408666
144.4371384597831,-20.817667229055115,30.0,134.27147206612537,0.8647919759823388
245.40392624286795,-13.465799161498273,30.0,243.83122485206295,9.312715962122175
444.8099125066607,2.2870269945940853,0.0,440.3771596179077,-7.6197568157701205
191.2276915468621,0.5018121721982352,0.0,189.41512882703412,-8.717651293315942
209.43009169725596,11.276817982036818,0.0,220.91758098294653,4.87392140705516
60.57033768111547,17.610380678327072,30.0,87.62658536751479,38.74946022500569
129.30183547321994,7.351489694308089,15.0,135.77005018113144,10.038995817045983
476.98869494832593,1.3891048124176222,30.0,488.78922504329375,22.866277792643405
165.55462382622605,-16.00155373385511,0.0,143.65902280224302,-24.66075593012401
196.47830723877465,18.29133684960271,30.0,223.23074243186787,36.264781581086936
438.9259442159168,11.688510383011831,0.0,447.75771185349447,3.6702769713793977
376.982993794722,13.315355394758935,30.0,401.9708430057449,33.32065388629199
317.9506556137114,-3.2263174955506186,30.0,326.3452784396099,17.96831062691353
275.2408821241636,11.81227202159155,0.0,285.70197724852284,7.964728990977914
413.7818322480868,-7.248031044151001,30.0,419.17943770850496,16.24985884370241
131.1454423631864,5.1822005627862735,15.0,137.56180969213685,8.279545590309407
282.46318590517814,13.405439698731463,0.0,292.5054154233775,5.278073112902231
377.68142484266224,-5.9393400077589344,30.0,379.9875888628171,11.39038783151739
141.60587623223407,-10.934887246217961,30.0,141.2242323486564,7.727177940065413
227.69092160045943,-2.3651508511884822,0.0,221.6628956958791,-13.338824294283537
62.182630365440986,9.246905610826513,15.0,76.13544617103238,14.188109892345967
108.1150573338721,-4.843668783452028,15.0,108.49019668871051,1.7026409516947005
350.1196855843104,-12.691977770979383,30.0,351.16086421279897,10.412093731716663
239.32033278220655,17.633973597482708,30.0,264.2878937617828,36.56990781577112
59.11998341995786,0.6093456304362219,15.0,62.10138090806699,6.280572218413841
232.17273642784556,3.9443020483762137,30.0,245.51699187233916,22.93505333276741
491.10185505083365,15.870305204383985,30.0,516.0988049244745,33.984891471653285
387.501555082455,8.210768457852852,0.0,385.58957662740744,-0.8586520866272132
222.12490332510794,0.609483639118837,0.0,219.70773633877238,-4.929710518411188
89.75761180554906,-2.3207689528899293,15.0,96.98247054773839,5.83177829904135
464.2904085143911,10.962411474926766,30.0,488.62012777898553,32.25300935415014
269.6939447865058,-13.654285380141726,30.0,268.96113656677124,8.19083234142493
473.56026324562924,-1.779608789451789,0.0,466.90819650860806,-10.404237329019129
131.95325913775312,16.506678210039205,30.0,160.17752531606513,38.02562086495776
457.3901791877012,-5.822828312599804,15.0,452.6800118934658,-0.02029628909545167
273.9822360199558,7.546412259952002,0.0,276.82688903026036,-2.8664226094494367
56.952505077169725,9.51898556238337,0.0,58.81495997504125,-2.621031088436485
59.352300664765785,-20.955515704090892,0.0,35.69376440381658,-29.20192991499615
260.70460366689224,14.407903569594383,15.0,281.4582232200706,20.16653545673923
107.18210111206356,1.1137723315981325,0.0,105.27600937400732,-5.41447708958038
413.77675017084925,8.005406883271576,30.0,432.30083792210877,28.6291162729434
236.77189561411214,-6.814365230659558,30.0,237.74506399729418,12.526456288238588
488.43582242063565,-4.518957216028824,30.0,495.24762965249903,15.036561159346759
286.6972752132625,0.8977439965438541,15.0,289.73874584612065,5.0824910469832325
426.12558097341923,11.572533503136837,30.0,451.13063742688576,32.33553945076355
107.80051327324635,12.006745410013403,30.0,128.79674324503335,31.64415293363253
384.28062373125965,-19.516734719242102,0.0,362.5356128400549,-29.16036653180503
227.48823018468687,17.636499044807547,30.0,252.08042345276303,37.21207230763365
415.2742635158255,-6.091023104051722,15.0,417.035213743996,2.055187089920924
157.0677856713946,17.996247867875596,0.0,168.19173866046688,7.788284127456418
122.3160177662115,-15.548142506649462,0.0,98.68434937482988,-26.395564184362893
470.59474628289007,-3.497421024552944,0.0,459.7204759686771,-16.02719778879297
460.53606388130413,17.352738114961156,15.0,482.2842175107724,23.341840615020626
281.8419975188829,-17.760918514598025,15.0,266.8671611105934,-13.685723981781376
469.98284152266353,-3.336959528130241,30.0,475.2873092888021,18.41702367795077
309.9925647550677,-16.88526774941349,30.0,298.74215739206994,2.290581524129699
273.6758324092271,-1.2918584344053956,30.0,290.25520802243716,23.862617894186904
385.85857864885554,-8.004635816671794,0.0,367.4819412557513,-22.88972288319571
83.0119883029758,0.018354902531725115,30.0,92.64915334668737,18.58998961318736
260.61631789908,-6.293087113527864,15.0,260.81406547141955,0.27640720487575976
487.7247897236876,-3.253537940853629,15.0,490.9802047058071,3.0284345919525926
323.23345634515067,0.9855501741417603,30.0,335.2975870954509,21.542927480815884
303.01084200012843,6.621283040989384,30.0,314.00055304388707,24.268441494250094
225.76600346477915,7.025746495442842,30.0,243.60915341596137,25.46873719662651
155.08769974484878,-11.05664695519045,30.0,153.96348285374216,5.4578859304857374
458.5610158105721,2.4535938852847816,15.0,468.65823121201663,8.533824680857144
263.18187798358923,0.3247595439722787,30.0,274.99653770085865,20.92016541570374
215.35806319381655,-16.688053933974963,0.0,190.69178862335127,-27.45506306851362
368.3879660161586,-6.307984289024331,15.0,365.63044786397427,-1.6739853097379385
405.66885610738376,14.126182191338849,30.0,431.2383480921963,34.176148438168724
196.024830970291,13.239500281242927,15.0,210.41701327481306,17.913289200637568
85.95225595971418,-16.34955333578095,15.0,71.02765893650064,-11.520175129786228
175.7960794307304,3.0172115668090083,30.0,191.6682543399771,26.328870463661826
114.3692994128119,-7.36079841224132,30.0,120.22727944751527,11.568304814222294
64.41638246450377,21.1389164548631,15.0,86.04451302498418,25.125273491280485
158.5238942952327,-2.9616466503245253,0.0,152.8778612901797,-12.476938800251101
425.1341862537065,5.670950342945742,30.0,443.0965765948655,27.63322507587457
80.94082572246728,1.3035465679770297,15.0,90.29882787866485,12.128059090559127
121.43219521610973,-17.927304918619228,30.0,112.45367201342438,0.8966781374007553
254.1317498914536,9.806274236775728,30.0,274.09875153576195,30.05680398801707
231.16177421033711,18.75614410135839,0.0,245.52608710520815,9.587262757780007
186.5630102119261,-17.593878046839816,0.0,165.8065595197444,-23.79077489992323
375.2196065331201,4.408855879197199,0.0,376.3834514029212,-4.155838882753951
99.09880118502974,-0.7297597355233484,0.0,91.33900428618225,-11.043753736766728
320.58935041648726,-8.313556096726934,30.0,323.0323983448151,11.225304443483214
285.6092543676436,-13.164342673666042,0.0,268.1928253895031,-23.153858027393134
433.5467026130524,8.831190609501101,15.0,446.85410251224664,15.457340213031916
185.20230007467163,-17.499747547953078,0.0,161.55261693730665,-29.21492741705744
170.62084291210027,19.532029707409645,0.0,185.27928379499568,9.236876329172528
213.8424483436327,-0.4007695401699285,15.0,217.21318924477296,5.2239571785694
339.3667556630334,-17.45665767285943,0.0,315.76538716990905,-25.394974000967434
321.6224795162889,17.06712148871508,15.0,343.99072794182086,24.333254676150286
330.30918971820734,-13.420476118019248,0.0,305.01049458048874,-26.843229340115005
98.311334021788,-0.042477072077659495,0.0,90.29415195824893,-11.213428524899733
289.42414923990356,2.1632855579439814,15.0,299.1103946571985,10.500786551595915
393.4848533160307,10.062825062484546,30.0,410.61975219157114,27.56236594377924
364.03042762077746,2.0782814507688996,30.0,378.5783496900788,24.477793476150357
212.38628072867425,4.266572242545108,30.0,226.4958362394919,28.014337757561183
100.54184610078914,-6.504904313236723,30.0,104.50929777912141,14.536587287521172
455.4893899886083,-12.405000125326403,15.0,444.78623572626424,-7.778971222064431
79.75302451496779,20.246010461825296,30.0,108.28581710912823,38.58858807153179
407.3834119915406,-7.075315396425042,15.0,401.59194859393983,-2.243418001444592
430.25298584137545,-6.304066795114864,30.0,431.4752669557489,13.882770743989713
117.07245959527823,14.816715000204841,0.0,126.47395506308942,5.64624625260706
456.91456234504733,-5.751029442705669,30.0,460.29838598906457,13.711085585918504
56.43194746699566,19.79620904822672,30.0,86.6823073618566,38.25911271646028
452.002930931041,12.39284469080665,15.0,466.43001463055253,17.38344961103441
196.94353689874586,-4.2121043805962755,15.0,194.51751808388116,-1.0015219732238787
433.9265442187196,5.1730964083906805,0.0,436.99705865410255,-5.7437976945686735
394.56711565230916,-22.062662304567212,0.0,371.1679971647849,-28.860622685906787
386.04355893490293,5.9762877429377,0.0,386.1052215985072,-6.658642758476969
114.45640805568667,-19.04574872722001,15.0,100.35467294915912,-12.179890533659083
408.1426176347098,15.192451280911602,15.0,426.8024628680314,20.956341327265694
295.16037596976736,8.041107850082696,30.0,312.26355556770324,29.554271216845354
204.11975589710514,-14.6606355411355,15.0,193.55674379965836,-9.339698565739344
152.0134086835326,7.653268519775246,30.0,170.2536605638244,26.220982174193875
226.98258864233293,9.606371950268748,0.0,230.29894223139826,1.4122321326665705
311.27663773414764,-5.695939614565002,15.0,306.6591532159472,-2.1199891292627626
301.86684374170056,5.58783648455533,15.0,314.26866091068126,11.98706438383034
497.80515447370857,3.3755810448163217,30.0,513.1166864972965,25.154682011776647
86.72063458257071,8.891265461025563,30.0,108.39658093516218,32.35175356180234
325.37704700131235,-5.32892454264309,30.0,323.4128474476772,12.616083764800248
133.98643629435205,22.739634042794385,0.0,145.93363041445528,8.005083081137233
497.17728810065387,8.296066647329848,30.0,511.7359183048633,27.1058717504329
443.3154168136066,15.879585825751262,15.0,461.3546452787004,20.37278780875464
476.3613058785931,17.25124993987013,15.0,490.9012147472167,18.64389787653298
302.3091450791323,13.474456478212257,15.0,317.2897011189068,18.043717258708593
73.02207664482512,8.743743718868842,30.0,93.93216501643653,29.870029134496363
423.39756090601196,-15.23467067984399,15.0,408.10155632206363,-9.024950100026464
427.2478716391012,-5.722635388601749,30.0,429.8906117976715,14.625736620399804
315.93160031370337,-15.432990556351873,30.0,308.61852179672684,4.753787809117162
68.98601778421539,10.841999718754517,15.0,83.73010959894776,15.40682384141651
469.3400337837396,3.5817658447079563,0.0,471.15257713221786,-4.230339161413202
214.5007740323221,2.3136745304256556,0.0,217.01394837552573,-4.399010617234929
122.33607462515845,18.462650310229197,15.0,143.5653903908395,23.536843223436417
460.9934073643762,5.823951469716422,30.0,471.36275079873724,24.100102803427472
93.41218213305567,-20.252797338092368,0.0,68.68543132190234,-29.496513821191297
436.31331305370895,7.837836276651607,15.0,442.0127335076561,12.556787222303722
161.9157857421362,8.535716855625514,30.0,183.173271652297,28.508165689120453
237.5029025955416,-11.930157443363278,30.0,239.44945929180645,11.959404712446252
320.570135467933,13.304090245006082,0.0,330.37602265304116,2.9670364684004333
482.9276188627742,-12.410577266936315,30.0,481.3363330818836,8.503070350819726
380.0670117353503,-17.282796065073608,0.0,356.9204994799354,-27.46338185110181
403.5013628721394,17.512742720133186,30.0,434.0266392682871,39.27367369210096
178.54626605652172,-11.522420097513375,0.0,163.44941868032538,-19.441391328811243
88.04998189067183,9.695383809971444,15.0,100.64378046524361,15.645765744145876
301.15844515485946,-4.955361357582877,30.0,304.4979025427916,14.347690823957091
100.58073366295359,-4.3830098675046365,30.0,108.56961211062523,16.041402371213884
267.9150255354475,11.441594000546035,0.0,270.97143448797374,-0.03545912393246198
136.98224852107572,12.417986202206524,30.0,152.9814690481935,29.58344323259239
412.6930933421946,19.79668667426771,15.0,434.3131227600337,24.412745960181514
271.7747245770422,-10.074473120162251,30.0,270.41327131130186,8.091583704426018
212.4859805896155,15.170156811651177,15.0,227.37845266592825,19.749450512093606
408.4101201255049,3.245144705471086,15.0,414.90901538814495,8.35925411908352
84.7147742766047,-19.581833256135027,0.0,62.242255527730016,-25.765487462113736
410.44140455006465,19.690982314656274,15.0,432.256577285298,24.9902887796574
53.11649193540221,15.812854246960077,0.0,61.986317737625946,5.25589068506444
465.98731801055084,9.202306996373265,0.0,470.18871899685973,0.7472221781704356
299.05507860026427,6.532743349135531,30.0,315.273103138402,23.9577191873271
328.9389162753317,-16.58482022565781,0.0,306.82375138938437,-28.026129502913186
198.26362852270378,20.365312075539876,30.0,224.3886013803897,37.97097761860883
451.41434843924486,8.595559613387056,30.0,472.30328447098714,31.43003741014201
501.4897652046506,7.9343487386542755,15.0,508.20459262272516,11.621122990767695
468.8991424308968,20.799392484374344,15.0,487.36331551965486,23.17271683402907
365.65605848593844,13.722856324522084,15.0,379.7084274819549,18.008303864063425
281.2854724017095,-7.209693909687374,0.0,266.20177543041444,-17.080474244698635
379.98163407523754,-3.9752361486884205,15.0,383.7299445661468,3.5447993447988893
247.25549262415353,-1.7969129160114543,15.0,247.26799458711182,3.868882307263135
369.087489419725,6.493996970879055,30.0,388.87750476774966,29.273426008510278
471.7553439964111,10.40639876431112,15.0,482.22004291039684,13.160222942882623
316.65279370827056,-15.996803002225745,15.0,300.8981597515003,-11.82585767791597
115.30921016350825,-6.999895348626255,30.0,116.61149648298229,14.058036822755144
384.66707930248737,-14.79182362736837,15.0,371.9767378676972,-10.835681822094525
221.68433731033934,2.2367699441803524,15.0,222.6341997475036,2.793382068185462
296.5161696475162,14.996978368017258,15.0,312.36609835714523,18.52520527411009
395.3305309830571,-18.836701383766542,30.0,390.89732590640915,5.474547040929377
52.66485116543713,7.485963634402122,0.0,54.27594536577458,-2.1251771417430376
328.82486202431465,-14.656828753015024,0.0,310.17253310867534,-23.417967590565482
238.3185467667892,-14.201919316694532,15.0,225.26754291613565,-8.245136115099871
422.04407940170057,-0.3502870847227437,15.0,430.2028583744881,8.805379376907478
208.27580837387333,-12.400354858654733,30.0,210.2747650801632,11.400032315935004
222.9187347461219,9.429440338955809,15.0,239.81536740480826,17.233232588156024
426.7228890750696,5.65909948689065,30.0,438.43924860213883,26.087631847030767
466.36996955390094,15.815204668601947,30.0,485.4480713196744,31.024372231910387
482.4010417694842,-12.502466839108394,15.0,473.28522935658805,-6.409872366536451
52.96454705451699,7.733679118816935,0.0,51.89492695966553,-3.5969604724981536
374.69532538168755,13.028466042905784,30.0,394.82982057907327,32.77201938934584
66.5135312749027,-18.578978457158097,15.0,49.64302868020408,-13.204539754487765
494.8503981529407,-13.212101977237477,30.0,495.96534001306827,6.746805070379422
281.7134116304627,-1.2759104741561687,15.0,283.77920894439586,4.177378550322011
51.629075840044045,2.2799534227620417,30.0,65.18891729423963,21.686550985054634
417.62769772340135,9.008409963956355,30.0,429.674366066362,24.784716949552102
151.94493575076055,-16.71856395778646,30.0,143.5371297428699,5.336062826357313
212.932905443801,-8.540838611246908,30.0,217.14576202609527,14.623110615215875
318.5724979048335,-17.19946247637251,15.0,306.767338752248,-11.366862208441358
112.08011786709271,11.204529132958427,0.0,120.27382226825975,1.1183458946225393
189.32110881796373,8.04071628743272,30.0,207.00439165557034,26.473649127496113
465.42404526339516,14.164175819866715,0.0,470.91952862715254,3.7600089497823994
425.34319339863816,4.225569593290167,0.0,423.4206683260601,-6.955616400656055
473.735204162307,6.86637236057567,15.0,484.84636755731674,14.287729490902521
372.1673462685762,-8.524820166846082,15.0,364.5852910035177,-4.922479363155908
492.5550909144588,-11.02234332178263,0.0,474.2867463015823,-23.58514698109152
494.3941556780013,-3.436437448100781,0.0,482.3251158286866,-13.677253384583011
160.11270271006202,7.1104604324882485,0.0,168.5231278836555,1.7772527473559023
284.32278862950096,-18.721133715186394,30.0,279.23433488680905,1.4684082313453395
306.61363477270174,3.125301751138831,15.0,311.21310992401345,7.552364478226689
126.14463237649265,-4.209467969569849,30.0,133.76829326605684,15.459296448412582
262.86589138985715,13.033072163046937,0.0,273.9460918217933,4.751022492885735
356.1537974328259,-17.46517339016823,0.0,340.04199592560315,-25.828791203339787
78.09110922088776,-2.618611304806667,30.0,83.72946088355647,19.575663333626114
280.091072485051,-13.63452164808048,15.0,269.31089210414245,-10.003170526681476
384.3904471067203,-9.706903749629655,30.0,384.61168162663665,11.628848628505292
422.7645130168524,18.756608112089367,15.0,441.2967379802163,21.355639339208548
493.3132360007387,-6.760490433866183,30.0,496.6974653933067,14.029984662167173
381.59327600349206,15.969236592737861,15.0,400.14981917808535,20.45388381475841
348.2074591667721,6.246839731803061,15.0,355.7535245089559,12.09884763084941
261.33041488349164,20.21026248931448,15.0,285.80765315260646,25.002279518223393
188.78769688876915,-17.64353942377126,30.0,186.33594180989428,6.059003675233246
124.45513802687697,4.562714517833901,15.0,134.21277108731448,12.114528376159907
184.24839986108654,4.609178455108097,15.0,185.58675805317728,6.25513715569442
424.1665280366627,8.257087673566609,0.0,423.6611379092217,-4.674539174418822
393.4511394993072,-5.786729012414124,0.0,382.3878517046386,-18.182348573578686
395.99391990989716,10.43680757748829,30.0,416.9158351717673,30.056318508416297
464.05507335850007,16.12785354628229,15.0,483.27598972953257,23.028670989188303
261.6402735356986,-18.84263099343252,0.0,241.93826618094565,-25.1313603898663
177.88819210218614,-6.899555139731779,15.0,173.41903715139813,-2.0609892289714615
427.3048118930369,19.291994380600357,15.0,448.90016494296447,23.325956135809395
138.0689699425153,9.355563671241814,30.0,156.00204392936877,27.375591603933163
141.80982106135372,-13.196535588592049,30.0,138.46278532870573,7.864896954376039
274.02733721253844,-16.648661613749383,30.0,272.6642973735493,7.460263463026731
441.11319516127423,-10.822532657764508,0.0,421.55696059156674,-22.8699178838445
110.46790064517089,17.52817263177147,0.0,123.67374809829354,6.903951856430762
190.5722305394583,-1.6868370299576778,15.0,192.3579372273926,4.172564336331526
276.1054613190313,-20.843259932538803,15.0,262.7342812720957,-12.248716932032519
244.18016847691598,-1.1081054406161566,15.0,249.95835864163374,6.678299442557201
301.542824039467,12.011863392384113,15.0,319.57843784364803,15.714971866403719
297.0129216913034,0.22110043764209475,30.0,309.5637853955486,21.318222375353383
213.1273865879629,11.224596800310884,15.0,225.407915223802,15.486596512178966
431.6332114578155,3.796414282520293,0.0,429.25934733813585,-5.929934029487178
95.03613979896029,-4.5563591746160945,15.0,92.23164233949772,0.2445010862877286
254.915536613802,-18.356866387055785,30.0,245.68213148616832,3.8486404717041722
85.58597183959752,5.938635011628737,15.0,94.13402068454901,11.97762078912292
171.39397863752615,14.518466020153912,15.0,193.45239489650356,19.89897729083098
477.7738267704872,12.98011239864588,30.0,497.65063352574833,29.44148446785104
245.41535561647365,-18.287056059549315,0.0,222.27520415493368,-27.074702883567067
213.2683543976605,-18.833669785578614,30.0,202.0692379067517,0.47945252212247524
138.8272837721791,-10.60036620776156,15.0,131.11990472825238,-2.767134678213001
413.6208812773125,11.914376512327356,0.0,421.0424970318347,2.5777049062537962
155.2933154849035,-12.097311590971726,30.0,151.8935323654919,7.797528758657911
482.1636896563011,-0.039523329032860655,0.0,476.3043484168892,-9.348051908082162
128.23539812552283,10.374929470814111,15.0,143.92329593324934,18.565614851475377
489.3957673484726,-8.67443084585674,30.0,492.5305986275248,13.014963485803637
123.72592277068298,-22.432222795652976,15.0,111.48927937488098,-12.880766939561902
217.10786835940647,1.8329337088570865,30.0,228.03105943626556,19.95594216429016
267.574900679123,-16.15047523383909,0.0,244.70801374040522,-26.485501689326387
126.81142224934894,-7.439230670141064,15.0,122.04353709299946,-0.7603308692734707
62.29840166486416,3.7207682639290374,30.0,77.39816514445982,23.034817794906747
214.89946266685567,-1.2494804851965076,15.0,217.67557213550106,5.221963880314718
441.55232518153196,-11.435480613616598,15.0,430.4651663955772,-7.0629159274821305
291.75844827818065,15.483064542025781,15.0,307.8798179462994,20.190980794886638
85.36012546691049,-3.26445780107778,15.0,80.73515156620014,1.1305610132536117
451.4450965196583,5.486910448672495,0.0,455.1751957681998,-2.2288408439412706
293.72020616460526,-16.40785668026592,15.0,275.25896855010177,-13.532740557866862
471.45192104325065,-1.8782763958856972,0.0,464.35082707989716,-11.08898550128696
296.90196221600337,1.2770978217061253,15.0,298.4417025632566,3.4543289440988403
106.47128267421006,9.830084124041306,30.0,120.80051725203633,27.33996158708907
487.6748498660486,14.844580340990357,0.0,494.3835799795454,4.273863269607784
419.12706291603644,-1.3707420358213125,0.0,410.7305444917455,-12.103467830387256
220.44056654140053,8.733944981075394,0.0,222.01650226532487,-4.029689108261714
120.06731406496488,-9.229304392963428,30.0,125.25426649878524,15.891061468739121
489.87079581353726,12.933576684164596,15.0,504.5517932323775,17.164512641685757
371.04165085645184,-12.484616387338281,0.0,351.40693747213584,-22.379581834883474
221.51944756688636,-7.123933226725276,30.0,222.24535309562626,15.401088143931569
153.09479380333505,8.563973054397309,0.0,160.14745142624523,0.1993603865595368
167.72399353377688,-8.53936684631023,15.0,161.2842267214181,-5.657112388307764
217.18584438438128,-22.72327317494659,15.0,201.28300330751784,-14.528906051883599
204.73494470713402,-6.364575970732901,30.0,209.48447353217026,13.618058867660196
487.47358249013195,-8.225439340260786,15.0,478.1121167241282,-5.696208795526459
297.82854097889134,-4.904451592433835,0.0,291.3556889614176,-14.333150790735681
323.31400889752115,10.708417759250901,30.0,343.72177374334467,30.50516160816751
97.98865917177132,-11.384344800567943,30.0,100.81142849110367,12.5394544539399
327.6322465921705,2.5697653115937413,15.0,337.52526896981993,13.66548558179326
238.09872586243975,-21.101042958256212,15.0,222.60905418196276,-14.473269966200984
136.72580626422533,-7.109360001848903,30.0,140.6060376029089,15.574011955826695
221.64195606922326,3.7081843934652143,0.0,222.27031832626497,-5.595888837723383
355.86364866517334,-12.638658372583883,15.0,346.1575258502041,-6.303120927131616
247.49566585443813,14.797664791604536,15.0,269.96752600415556,23.005622495628177
400.9820434583897,-15.483853359072251,15.0,392.2816968456744,-8.714057488872063
78.33934012060456,-15.642115793263674,0.0,61.42352700195918,-24.449202836109073
57.20077142030816,3.638078523101343,0.0,57.15291338674427,-5.960548885734035
220.1083929277536,11.44470752978299,0.0,227.21733819003944,3.025592989028649
149.9458931949098,5.3389651746763365,30.0,164.89717825445942,25.283232176951
393.8651607666348,-10.779660508217244,30.0,393.65519133500663,10.433736431995086
389.33757596376455,-17.83432617493227,0.0,369.6818186267694,-24.23449192680821
462.44743573218705,19.940012699627108,15.0,481.41237065504004,24.06361888268697
335.6107176640441,-17.865530530350615,0.0,314.4580565629659,-27.313957327639667
357.73916849498534,-6.231458453548441,30.0,365.3397476541522,12.510747286879841
118.05000810612422,13.698372520197681,15.0,136.0646842438305,18.778036095633706
85.7727785116848,12.546931315660142,15.0,100.63413356698263,16.58371092581633
113.98517380910343,6.467521438916852,30.0,134.6956828537949,30.389644680423835
90.13186072126949,-4.653209890843352,15.0,86.43841765605475,-1.934547840190472
313.5673507334726,-17.463679552724365,0.0,293.7929423353593,-26.01558959618167
328.6172476820625,7.0766000736380565,30.0,347.7995716375206,29.934484124389733
458.8212474122407,-14.993869537857092,0.0,438.1785206788602,-24.928157527975483
212.75580539003857,22.412126988984415,30.0,241.37473901995375,38.4781710189215
50.70141447831703,2.450426566123501,15.0,55.33637747049804,7.826620652666975
356.24722579790455,-6.885322162926561,30.0,358.7213189478701,13.637145175343782
357.9524771120611,-7.858154118064546,0.0,341.47285243099793,-21.710257763729707
218.58885345995967,-11.431604490531697,15.0,216.490067820024,-1.3708506136558505
170.99945201487924,20.559525346851835,15.0,191.18441561893843,20.563478890006383
410.83878915657414,15.215365111431481,0.0,419.9547563994213,3.1797923524162535
135.38286358573717,6.782749419443075,30.0,156.273100714023,28.301364572401766
478.33547826900303,-16.281409471570576,0.0,456.64853981183745,-26.066505626682584
453.71630218800533,-20.288202879576207,0.0,430.0244190470565,-29.789739242120206
263.1303507723258,-7.563811072546343,15.0,253.6028426969679,-6.8097715137078705
243.3910962551777,-4.640939734367347,0.0,230.96716446117992,-14.197015351665408
139.71880326685417,17.39682012193032,15.0,159.49170110492568,23.675966196873045
419.0810297029524,-22.44565899815051,30.0,408.55478729793106,0.2016366970095156
200.5247082334615,-19.082109634009683,30.0,189.7742521049085,0.26913457873213886
300.14728052666806,10.99827013766492,30.0,322.4978808918731,31.627951187927124
426.55404987094875,4.752323666725278,0.0,424.8145465975799,-6.239630250124666
173.8496894709454,-15.170933013530467,30.0,170.46061513159802,8.311557458368295
319.4254583732188,-12.274361599055023,0.0,304.00141880879755,-22.627572187352275
470.20030123525277,6.1592333418050025,30.0,489.481178394395,27.368868718142803
369.93348234132054,-4.994718519156638,30.0,375.8884128166584,16.720487063985924
131.1568399502531,-10.692091791782715,30.0,126.06788714968401,6.82243581830593
234.8643407423846,13.120608942370422,15.0,251.1947218192793,21.336333402685053
435.7841887672868,11.552471731228096,30.0,464.2285830149915,33.38139460541058
71.48474579823827,-20.00251195471184,15.0,59.73699809523338,-11.408055314109646
111.78962870395509,0.9799557474384559,0.0,109.49638185214755,-7.846774577244339
291.21128598447336,9.881701840121567,15.0,308.4223482266871,18.566915326527035
269.75904788613445,-8.505263455620216,0.0,254.9419128472326,-17.226785353065033
473.9129548505015,-5.339054230678901,15.0,471.426781097619,0.028550883295697105
466.85944202801795,0.7467430871967495,0.0,459.25692214774574,-10.499456944385265
112.72506756418561,-15.074261648216918,15.0,101.90873952388897,-6.935702777071331
376.5871353904954,14.432874890693796,30.0,404.5945878844766,35.77610971613214
299.6982389439033,16.060749489298967,0.0,316.7429211003996,9.986879089622388
417.88423790146237,-13.408483459390283,0.0,402.5306372609542,-20.6116093016447
387.47760826658276,-18.476213078103207,0.0,363.41366127016727,-28.03206895158716
214.08521816436053,2.415806490932806,0.0,212.3950798723454,-6.490749429010695
119.7549639609582,-5.8650859463680005,30.0,120.71174164048986,14.55769085328609
220.4443520453681,-8.997097394174942,15.0,213.64686710225058,-4.9332342242759495
296.6616511385343,-5.635371090620133,30.0,304.01423455284186,16.993546426231976
410.5416312091912,10.463758506607682,30.0,429.6857582680466,30.7743086551201
350.97147990692525,-4.925453491378805,0.0,336.6206903569911,-18.080229472179045
277.47135618924705,-18.376262860261733,15.0,263.7220200521163,-13.75479824551531
420.1993827672877,7.571359785558664,15.0,423.53454151529866,6.068616673869123
115.47870381250408,7.291159589227742,0.0,119.04809294258169,-1.9125395262917912
284.066448853227,-18.781159729046387,30.0,276.47501125512457,2.1493395342128707
358.5704624460059,2.075238322075783,0.0,355.00250615434044,-6.8793813647756
330.2998649325387,7.119180831211997,15.0,341.22115206882074,12.93696969636358
313.48099320797473,9.778930325401706,0.0,318.71712799600067,2.2041936000869207
463.39741662615586,-12.227585069158163,30.0,458.6995452567594,7.316419359092546
343.0634943680589,10.691576983530581,0.0,349.91154807382276,-1.1905032270347071
419.9440282861927,2.034829737579088,15.0,425.348381345323,7.19679803680452
184.9815787101826,3.0731623808561492,30.0,197.1891996717143,24.034883195774324
396.35361391476795,15.060917822539777,30.0,420.5350807188837,35.454536085993226
483.3588892310623,2.237103881131705,15.0,492.764578671288,11.21354309015371
177.28429412097964,-18.09979601656789,30.0,173.83195164272402,5.874516520088115
114.18713202357118,-2.7567960197524575,15.0,111.64119915682893,0.5171379042900881
453.3532415337223,-10.418140027572548,0.0,436.7385487459241,-21.284716702163315
365.9337215643112,-10.347983895477451,0.0,348.5642390809605,-19.443299248981674
304.3470295469499,-11.650739677656619,0.0,289.32271759729923,-17.973971925867083
445.80872448559325,1.0797085715960426,30.0,457.7872658178946,20.733966823837367
383.66053750391615,-4.598308615658949,30.0,393.94808202703837,17.907974895084266
51.27229897183412,-0.2109215540944216,0.0,43.19412316388675,-12.005085698636389
271.9137028854592,-14.419937912653356,15.0,258.94435384321025,-12.285278567240905
268.75228537206766,-0.7111812451604067,30.0,279.21785106585844,17.58950987757178
495.61565862124763,17.398760761379137,15.0,516.7780134987728,23.350895541976133
503.8092145402621,20.094461842344927,30.0,528.4532073882044,39.26719697002807
60.31416160883837,-18.11201079910662,15.0,47.2524025821703,-9.658769360326247
425.45185626428275,14.753519489540082,0.0,438.1046545823491,6.580361890998976
263.36024250440505,-9.244635181469912,30.0,260.32088732916947,8.540968704633432
179.8319326550756,8.22539739679655,15.0,187.69480804846626,10.830193087432736
495.55114146301554,-14.043121788288337,15.0,489.2726403208518,-5.175828830440011
353.38869508109553,19.626104019788542,0.0,367.3825072981074,8.831283084636166
251.9645524280649,-18.7558979104151,15.0,235.2569070484107,-12.463775930468117
476.508166854337,-10.099519074459426,0.0,467.6208779389529,-16.959253015090873
129.03019465857065,22.23123818588708,0.0,139.8401376540743,8.117649225840776
83.05512504088632,7.553795480760685,0.0,88.57504214698784,-2.660721649892185
87.51724320685982,1.797926258135432,15.0,89.8013387618862,7.3356292028902494
150.68637889836384,-15.660930651655693,15.0,143.69059996369734,-8.134135818647163
101.43094080842657,15.798545424452504,15.0,122.52354910722963,24.644045930991087
340.5142045141549,11.367396067923744,15.0,356.64716830240667,16.80421719981254
333.87698008591997,-16.87438735690232,30.0,322.9059707254171,1.5591198842107907
316.39162177712205,-9.398438774972837,0.0,310.0579657615514,-15.102143498780674
142.86747784139925,-8.80541292863546,30.0,147.38483944562526,13.08685766167961
199.41112585432117,11.0370266135761,30.0,222.1470149493954,31.32057159527971
376.19160671023934,-13.939660221166001,30.0,374.45968052714255,8.254638775764931
256.8394801041256,23.188327657489765,0.0,272.34650152008635,9.60964573285548
429.8028299381587,13.294576503171088,0.0,435.826291712341,3.8715531486222936
252.1915542934426,0.4691702473139432,0.0,247.31653116304182,-9.590648974384607
160.43350801809686,13.622154340492441,15.0,177.7327045235942,16.925469680786765
428.4021707746387,-1.596973903066655,15.0,430.0134145041099,4.711363264252313
403.6163610249144,11.67285845265546,30.0,422.7394548887889,29.65978590290589
495.80448840816547,-1.8656330600138422,15.0,498.6918939629552,6.498473769605734
184.5737945469292,-11.878911162047789,0.0,163.64497495283763,-22.9136170828968
479.5086937387792,-5.762677616623023,0.0,469.8963218730291,-13.907385230670155
473.40714535676216,2.2665864425429585,30.0,487.10186139778216,19.72401992712899
70.60618359474833,-5.688447259022839,30.0,75.12294040556311,17.158982713221363
336.7135510349987,-16.670795479872805,0.0,316.1112618876137,-26.884514488907232
377.81926235427864,12.265863398024258,30.0,401.10079778146826,34.43617474800605
400.661473890673,16.33802465895935,30.0,425.0167455233252,36.50122477793006
158.78210785750233,-17.482602936701348,15.0,147.60798502208797,-12.485716240981557
141.35851374652998,0.04848920767902698,0.0,136.78705816748976,-10.423782194356061
364.07590143348807,4.863464681312608,15.0,373.2862501795255,10.644247740667577
78.59681461905592,4.06740991364826,30.0,94.73807414207769,25.29926618171773
119.31762028052464,4.374624634482523,15.0,122.34970574999775,9.049068664874074
152.70582391788776,-6.799335987553038,30.0,157.727607015107,15.604552784850293
134.65301870812968,-20.035786032247845,0.0,109.95468478688457,-28.633318900368316
327.70389548342973,2.058546815918654,30.0,337.13554042042864,20.87173259642759
60.0765632931036,-15.471734101738313,15.0,47.35311181631092,-10.73847235521023
56.41418920740756,6.212088701545996,0.0,54.52747100551401,-3.2442394218096844
219.06486120450685,-9.438547319829972,0.0,204.66550677982468,-21.1989220964277
451.7334909455531,16.290862458905057,15.0,473.23557420552083,24.206588861908973
138.7032844686723,2.120315623576581,15.0,144.84877479651394,7.550941131506601
175.89405704747048,1.1490086392873524,30.0,186.4387551229281,20.72923526215808
391.08534779801283,-23.404850515212242,30.0,379.39430171983605,0.5833377334477063
416.1359168578415,-17.85574661783323,15.0,396.25183984769046,-13.544076418707924
214.4797298757849,-17.138978944588548,0.0,190.46881081791588,-28.58665862054655
242.41927013862116,9.399227984719936,30.0,264.57742638778905,32.58911661806016
443.98634745013794,1.8680749704954986,15.0,448.95734256933383,8.838544588928517
52.111553455075565,-2.846793177060512,0.0,43.64230420350082,-12.390455434170768
492.69758145163087,-23.543110172297528,30.0,484.10431588066365,1.445728227119428
324.7591685616642,-7.547108719327745,0.0,314.4214142302986,-16.46683630797335
230.47133781500457,5.965348884818506,0.0,230.44869776969156,-5.7408574655450835
398.9890536493111,-17.881271900405824,30.0,390.8207282430366,2.049993966712325
152.1770013384891,7.3466555614905955,30.0,168.3150205457063,27.549388185186185
384.76920836536976,-13.371337216552217,0.0,370.00899498955204,-22.139581618649565
278.06640133449946,14.02251163450136,15.0,292.67409948658855,20.255267032977958
368.65690162817367,3.541170545484859,30.0,381.15213405148,23.936381039905587
142.88093135824383,-14.78673974749797,30.0,137.88859054686228,7.417528549911818
265.7799278965743,5.968302617048636,30.0,277.5773198323312,24.767522530685575
280.71384132447776,14.969136313045437,0.0,293.8645620741808,4.334475829734526
409.7726345186226,3.098880486119415,30.0,422.089689994631,23.367449436742284
132.68730847605232,19.12663863633987,30.0,158.87961546773437,37.099638130420956
164.1524376902956,4.193473513711822,15.0,172.0094689177916,12.01469886598752
225.00100852332372,-11.438651151090165,0.0,207.95363949590146,-21.81236405658649
270.4493439253314,18.038817056203815,30.0,298.7976420984115,39.77748787006239
391.14325628392317,12.415504907814448,15.0,402.78943719789123,16.027519454592916
401.51294998171454,14.02775115570438,15.0,417.0563241320916,19.678245389815412
450.2920261788624,9.479541980363429,15.0,461.0577699488461,15.690186838032915
127.08179792120208,14.259111633347498,0.0,135.39832834127242,3.319067679953111
289.80393781276126,8.2348925756474,30.0,307.3441417044193,29.359336551216416
135.77454200279874,-2.454863782779847,30.0,139.92758653944418,14.074523930952054
306.09777808897974,13.930222769909548,15.0,320.5611630007714,18.869304873846037
136.83742113488728,-17.88386964603454,30.0,126.06897086321337,2.635692903426115
444.87270212610014,20.703065544762516,30.0,477.47751037362485,39.74397082358564
418.51268566159257,15.419098148554236,30.0,440.11258366906634,34.59797995872343
85.61132805329633,7.035677576743391,30.0,100.41762714236592,23.377667835365717
220.369704434715,-5.822716540101755,30.0,229.1442339262684,14.85486057647331
204.72784276115044,19.278915857392757,15.0,223.16706872551785,23.98463363250377
374.3134491850493,-8.802731038617424,15.0,368.79804102249693,-1.927727772518054
190.83979082714916,15.728083596780872,15.0,211.39636467225242,20.02790434484012
459.7670744488264,9.493174398790991,30.0,480.30434290394004,28.795911154227223
279.8895560398138,-4.752999836573657,30.0,286.49817884752485,17.23363072998873
381.90914562155996,-12.242538378772867,0.0,367.1425003213997,-21.310340416265866
260.50012315505916,0.44453380735605874,0.0,257.15501845675306,-8.675294909773758
53.60983000130351,15.367998372320246,0.0,65.81696211646249,7.1519087990937
376.5733018050296,15.270280100070712,15.0,391.7178279661444,18.67642213813748
283.19025978466004,13.051973600582338,30.0,304.6299444059558,32.39468304469011
122.20047768284921,-1.7424889087302489,15.0,123.02617371889536,4.584640871348249
194.90879336698745,10.681596773879116,15.0,209.82391900534205,15.425484462954135
292.63679540631546,-8.09351983846618,30.0,294.9069465095766,12.587564859971383
84.33423513690904,-14.373805874874337,30.0,78.09465045789408,4.0646341860367485
168.51149109904873,10.792629288253798,0.0,173.22674277485515,0.07192243454806047
229.18672872482227,4.9951374037463285,0.0,228.92864005350324,-5.7791889513409025
383.88770825631474,17.885733154453767,0.0,390.5019842141852,3.414857502250289
370.5032608352311,-12.475322656795875,30.0,369.5309934564584,8.480053755323993
213.6489345711251,-0.07943460877839525,15.0,212.7958899256867,3.4428547666529923
113.10354596790371,-21.458519319605934,30.0,103.28329423579676,1.5396902291435524
327.50160556858526,-2.8145738142004952,15.0,328.9144704793574,2.837591144892105
207.22580849657564,9.449491303238087,15.0,221.23777622510357,15.910026329122228
491.0853625058308,-11.409131927168843,0.0,472.62985218584896,-23.609565046663455
153.2345025568782,9.317599869975417,15.0,169.455342121232,17.710037010735054
359.2684642919135,-2.6798416618567065,30.0,365.1570904139963,16.604445876838163
437.89719769822267,-4.1761886820857965,15.0,434.8694686539094,2.577445678005507
409.95468961569236,-16.377629057027264,30.0,397.5424283507124,0.22011028295979784
76.39329790502784,-14.282002833098833,15.0,63.1965340903614,-13.184667354993309
446.68308542617365,6.9048337420350165,15.0,454.24241230013257,9.215461874167499
151.75292537621627,14.760527266650012,15.0,168.58691195127122,16.825912079022732
468.69343094688645,-3.9480718729847264,0.0,462.81110072063404,-11.228742487055705
394.88898829667477,-6.756120358746052,0.0,382.89496052523197,-18.395202103881086
231.4646637613418,-6.379842838476785,0.0,222.2592257359513,-16.479701929282744
354.9126187173535,2.8746249334987493,0.0,353.7454322905852,-6.226113683854255
425.777610394792,-4.055692507509155,15.0,423.2696245666329,-1.5466579448154736
188.6041808862049,-0.11525763786431775,30.0,200.2983835985673,21.67309404876443
269.9324528753652,16.795237390507033,30.0,297.6911507519833,39.145506495012185
211.86636281259905,8.639099249225877,0.0,215.331380660315,-1.0348254505377348
371.3242654363756,6.841940422110252,0.0,371.8892567537931,-4.885224433920811
202.70361488697483,-18.84872514220176,30.0,193.96270760366912,2.1933742687836144
497.1636915860943,17.403306926069938,30.0,524.6837009394497,36.97825189680117
295.7851783396228,12.639024452295768,0.0,300.7273590483475,0.13645976075827448
412.4468528613598,7.222462858655685,30.0,426.04229016988836,30.214128746418297
117.63645070193232,-1.2274649549613792,30.0,126.3661138801242,18.307550847193863
106.88656381365995,0.8031104250379043,0.0,99.04786612578289,-9.610299177390718
149.7847169636877,-19.8262578756323,0.0,127.77009659599287,-25.25428629783848
57.323208539343405,-8.822547643646484,30.0,60.91955351960049,9.242797457150633
228.07216909701165,-9.552969584863321,0.0,215.72702872345894,-18.81698404270446
109.60102168155197,-5.537190735465208,30.0,116.00622880597314,14.807251489820306
197.24458201966658,-4.568353228006781,0.0,190.48083343140934,-12.949295173336704
161.87287133043347,-5.455977254489539,15.0,165.41584165549898,2.9217022149834193
472.6875513319134,-17.996568678731943,0.0,449.71130064895476,-26.52194086679967
250.13446080546154,14.326776571102947,0.0,258.1684635284998,4.484212842873891
121.17744312422631,13.561206318614929,15.0,139.71559618803246,18.620981595805194
427.37121064504305,5.397783387945901,0.0,427.6264424400938,-7.107024569567255
108.4769806189819,10.342710294953147,0.0,113.71858653092875,0.13645311486040512
89.8633639752937,-7.6024662641062095,30.0,98.27142866925348,16.624383037711436
88.81732399639101,6.1848418148675055,0.0,90.55618526946236,-2.613524061164828
391.57657811548114,-2.183039118045218,0.0,382.4659236601404,-12.699429908404014
460.0859333321365,21.86552676449619,15.0,481.7641459868989,24.42139330388417
75.32998843441376,-16.24948110839817,15.0,64.89010423268269,-6.088674961797338
333.26419961705557,-9.788624804655058,0.0,316.5350046749762,-18.502527011823922
362.124779837276,-8.706150606211688,30.0,362.5660386633483,11.556464145438
428.26945315966157,2.057314013155575,30.0,444.01660862415514,24.347893595313153
459.0982109072643,8.646460401401452,0.0,461.79217811379954,-1.5142285605365906
260.73648048898997,16.182481199010876,15.0,279.62386567392474,19.248224268510963
353.518935331716,19.467041796130612,30.0,381.4152500918276,37.70662073613779
77.53855407764786,5.695114805765676,0.0,75.76167297728016,-6.485683081106323
198.01026386707218,8.121305026194596,30.0,214.71541364851493,27.62306658161235
141.05462778152108,-15.494164506862063,15.0,133.67407911481774,-7.430635614562236
55.68143447955817,6.8723059531371895,15.0,62.98114432198936,11.743023075818744
478.5322252451701,-3.2184081602417667,0.0,469.63305435453367,-14.178284201899022
127.82115501537382,-17.727634377302998,15.0,108.13153664653694,-13.842319419019741
415.8840432642614,8.827055829744378,30.0,436.412028954095,28.389915010281097
209.47374079351223,-21.63420359761002,0.0,188.318755925733,-25.534020599981744
469.8576073554471,13.467047143183494,15.0,487.7967142140967,19.8014775717357
91.61000513672147,-13.347169304190771,15.0,79.88409418520172,-7.290009341501801
49.669632966079625,-4.5553212276444,0.0,41.13612215734002,-14.066591629017235
384.9004993261072,1.9758389978310404,30.0,395.25211973101955,20.2372400281231
459.91983980524776,20.188568825580955,30.0,487.01416800985214,40.13749860045168
63.60937187922445,19.720325101168296,0.0,77.31759023542492,9.575692694988359
359.36755170665725,-4.404351229094251,15.0,355.17751636735954,0.08350648320064735
111.07292210524311,-13.758753044603775,0.0,90.39053613281732,-25.176419289672364
54.96934212456692,-12.533879958444341,15.0,46.1828452750525,-7.947006493235019
426.1216335857858,14.993862941774468,0.0,435.7142912966229,3.503375040842638
186.5559741821944,-19.384443517469283,0.0,160.15708520729518,-29.642019683413114
295.6188347993559,25.52626654327734,15.0,318.9896748541342,25.186398059125178
268.1056217330645,18.6093581370467,0.0,279.8358926608625,7.3759101915516005
466.790248822868,-2.5165963889079874,30.0,473.1832359756883,16.352770325420284
400.76223382616973,7.791015996467129,15.0,407.42378474634904,8.574775088753132
169.89402106572481,2.551931085607068,0.0,161.51011881940812,-9.825346412424018
244.81101063253615,5.369752241234272,0.0,242.35320772712643,-3.6166279993452974
284.56970192650687,15.752733767452487,30.0,311.93894667810775,37.92045815407805
274.41188804274725,-5.332123254435418,15.0,269.83547769927105,-0.4674725636138817
327.2664668617527,-19.272621835379404,15.0,311.0936106720432,-14.201418186107048
168.21412721384561,-8.469361446876803,0.0,151.20806281861553,-21.462880179294128
156.20129199622673,11.680898179872951,15.0,171.0656321170582,17.958231155725638
223.760029339278,17.341667755451386,30.0,254.2744890200477,40.049340052263716
92.43807059533323,17.72221057685293,30.0,119.89673192477831,39.766473034859104
322.52205377046596,-14.551939141703413,30.0,317.1357862095897,5.841112365770396
86.11815348919538,-6.222545653993907,0.0,73.87095629601478,-16.63243046992072
259.32661400843796,-7.2098773670274126,0.0,244.71970045323823,-15.97395079244776
136.253068403536,11.293786704529259,30.0,159.60415257783697,31.65928178195895
258.8841409198104,12.872332304709925,30.0,283.5632318072156,30.951761166517027
207.5093109974417,-14.12075204877332,15.0,196.1992161008868,-9.32732606276841
124.39879566455626,-2.8459505000091867,30.0,133.48218250385779,17.369849224965865
430.7894285606842,-6.357934778887028,15.0,426.35927447097527,-3.85961141518413
364.4613750401076,7.701574851468152,15.0,368.4993737766568,9.235561305990121
155.6177211387517,19.614708498092114,30.0,186.93424821360833,39.899128233332235
155.02226842949386,11.415984893703016,0.0,155.61595388016553,-3.318661937710907
312.0915874339135,-0.9192863181873114,15.0,317.4906205377451,5.274705762419394
442.9385990484089,-13.69021458444283,30.0,435.5026083953764,5.042691477320437
392.1802606248385,20.757678846357713,30.0,423.5253292320069,39.86895467446456
326.52463223800163,-5.101041541792907,30.0,330.78669400778017,17.075036730278985
109.82097100607095,15.364069515132869,30.0,135.17385392827637,36.21978828682205
97.34641984669338,9.802650948248326,15.0,106.78838814954162,12.319392442243174
370.16169547173195,-15.13393293970968,15.0,353.64518027119783,-11.608183567036672
208.09410303177663,0.2935562312867558,30.0,217.23240678872884,21.016489930855045
241.27506195265266,-7.403531778977754,30.0,243.910319201692,14.214685127397718
210.06147817991305,0.7055801692954136,30.0,221.59504546464584,21.02639472336124
115.12866310207542,11.81507431868054,15.0,130.4337760685467,17.044304592800852
378.76688712767094,-1.6550454015222409,30.0,387.2532808880371,17.7155185657483
131.02932266987776,-12.238288254317771,0.0,114.21790883741599,-22.58577931416731
124.01236691024327,0.4520606156897766,15.0,126.90670163960384,4.568824036682894
283.41831660006,-3.7005313169766443,30.0,289.8758888281826,15.851425360026816
194.05956250936183,-15.845404078871884,30.0,186.16957247081828,3.2634323861966053
128.4850854373615,-14.336973093654864,0.0,108.98991904943814,-23.63029991654077
68.46687766493214,16.019636576093436,30.0,95.45998969492953,33.884229957533236
284.297173207123,-6.399009114797888,0.0,276.40832521589704,-14.25566961155051
405.26461450534987,4.668904342633746,0.0,402.0259173998926,-5.812910616246253
332.993251719541,-6.688243680854827,15.0,329.431915244906,-2.808977174531506
176.31365360457562,-12.615504000552573,15.0,165.68855986592487,-9.403198355832037
439.1975801688229,-16.315644122263592,0.0,418.81928382903783,-23.849549259774534
252.47474789945593,-8.472132017386663,30.0,255.36787523825558,13.10732164800028
378.42448295106107,-4.3446237201495705,0.0,367.34897199709326,-13.335428889251439
500.4060684797609,7.651112807324226,15.0,510.53507891357594,15.232364235624786
107.30484697548866,-16.91955412956715,15.0,95.68759787835387,-12.814448816279896
448.465903108413,-13.159394417297174,15.0,441.5548382997468,-4.4576893507851985
371.05136333859895,-16.7431837116864,30.0,361.0017523708019,4.150902334495338
426.49032293265145,3.730686281947935,0.0,424.20150941712257,-6.671692713801534
92.974561684044,8.090324972987602,15.0,103.58090909867111,16.097783077196564
306.5197827000487,-10.115068907788158,30.0,307.12453522558275,9.596882942431128
201.288332309103,-12.980048283136568,30.0,203.21779012834023,7.424501038850785
99.11516333447764,10.70346912301342,15.0,115.64787346532452,17.837679310298004
185.25908559411226,-9.547471314224994,30.0,183.57558260571787,10.945992707024223
240.25640277648264,19.279761223639102,15.0,258.3159034326447,24.59972600141955
225.32269960822285,-18.510476685240157,0.0,202.8867177143673,-27.45480435186525
371.1122188637365,2.468737828106372,0.0,373.2322316881822,-2.291355549564482
196.56532907333892,-1.7491033917470933,15.0,202.1268589848932,5.307421929989037
93.77197624229152,1.6171056003468962,15.0,98.54631247497548,8.22184021372141
457.8135657867325,18.191185770642523,0.0,475.12110381653395,9.779557917065443
124.03107021853077,3.350422107158512,30.0,138.39072849610739,23.589168413332445
270.4885527748473,-3.4711192933599735,0.0,260.9216401711147,-14.327924969428167
151.35430484486187,-12.695353206806827,0.0,130.7162763384169,-24.152506693233715
114.68745286198856,15.727232589865721,30.0,141.46308628200956,37.26909531857825
183.24227733078826,11.814889144013561,30.0,202.5886872236091,29.66029159936608
144.70950803534166,-3.6067794191945834,0.0,142.25697073786645,-11.120786827493287
498.07367565373147,5.775366807734225,15.0,504.9748237309668,11.411271034856899
102.92799314954193,-8.564734185100317,15.0,101.7346306896812,-0.14480560052089508
81.87639401103712,-15.008743148702544,0.0,60.42233265599885,-26.20356800687564
201.68812411726975,18.11388944872448,30.0,227.44656904591602,39.1545553074405
468.71658847827564,6.669645071722368,0.0,469.54767749376305,-7.694816219775806
86.22532856522434,12.772726929187739,0.0,96.39210280634754,4.962702006420695
366.9894787461208,-8.565584245405091,15.0,363.8973008757636,-1.813752871220041
192.7443967342982,12.126479396722274,15.0,203.14032440325553,13.180723036272706
315.61217731859546,-5.256737319265028,30.0,319.7238024971316,13.178487770148848
415.2919208629495,19.285517004583127,0.0,430.55152600059995,9.443631188540646
104.6778282239534,20.8372613294083,0.0,123.444136583962,9.33504331868416
349.9126176690093,2.693924259065002,30.0,361.4015367322076,23.451867687162807
137.37972925991974,4.212909358794329,30.0,155.97887831620787,24.89602135737388
246.87197877620855,-18.250173922362773,30.0,240.72852585122354,5.993753878133219
196.54916054257487,-8.11112448596198,15.0,194.9481429215478,-0.08542175298549814
461.90433044901727,-8.093177324331812,15.0,456.3862154200332,-3.4972452063644077
228.67387818694183,-13.272668665790018,15.0,211.81986302404997,-11.536290279850807
501.73176688599796,-19.284678534933718,0.0,475.0642896038597,-29.210081624934716
80.24643807449476,-9.912255593607123,15.0,73.0716924810178,-4.222378519449338
55.42218518899285,-18.9943729634265,15.0,39.388899892304,-12.962207700985537
419.58645534780135,-7.402456630521908,30.0,418.97159033537525,13.003301390707755
186.62250948398955,15.032252278567075,0.0,195.1658402664998,7.7174858439455924
264.83940855889097,7.791729917147668,30.0,284.9135039759808,30.063949227645217
182.09502041811993,-9.244942953060425,0.0,170.82471100252496,-15.983570260856546
384.73549731673313,-17.010920217725708,30.0,380.10254276706917,4.103365752503397
496.694300908862,4.874102133184274,15.0,502.58810218521296,7.848168664643715
195.91816113664103,18.80035927794487,0.0,209.79038481857958,9.314117377795117
69.339489510515,17.08028893618756,30.0,96.65462295040388,36.32332347847098
181.92996446142524,9.376552506049283,15.0,200.4190291122754,17.28551439998974
498.4267693726493,-17.319708095683946,30.0,492.5172183130076,4.51098616727036
313.071744567559,3.917517498266121,0.0,310.11334380935716,-8.422759995680696
131.8966742000872,20.146846820608147,15.0,151.50416623204708,24.82028550346268
274.7050602012813,19.426577888348415,0.0,290.83040552678295,9.25730446483244
368.9898376578924,-15.413981456762592,0.0,350.862900239107,-24.96498006925338
242.13901233095032,-14.144951800278438,0.0,226.0658763434829,-21.595343128664638
192.41173544733596,-16.979478419062726,30.0,184.16038514933453,3.567814014411649
416.5375525662685,-19.53993425968087,15.0,403.76931361081233,-10.019718743095233
186.0741328934282,-10.811165980662098,15.0,172.15040312858847,-9.149746259830724
71.6731030542168,-5.877767248179589,30.0,75.13108260323412,11.806968041401621
336.08115267132365,6.513605681154948,0.0,334.9814920406592,-5.822579329984691
362.11940125356506,-11.438188127548376,0.0,349.6004534025033,-19.79288726013764
263.176537176422,-17.50567293634542,30.0,255.7504096720438,1.9933891947682945
357.28261400518494,-17.2497735170324,15.0,343.56466443651516,-11.780803159412436
127.54081072219734,0.10412508066462722,0.0,118.76741424123537,-12.911258901166644
447.3438494274632,-0.8770047745234779,15.0,447.00844219567716,4.469053708799912
325.44475366930163,1.2534942355060141,15.0,328.35216466903097,7.589889444643401
128.07574170412053,-16.066611170911692,15.0,114.4777303645044,-9.27792511668415
406.78440429618945,1.0647955548449148,30.0,417.71022541824294,21.390540493606398
55.237572131764985,11.307192055647183,30.0,76.4056159812482,30.86415714881872
258.87503857604895,5.35727492212836,30.0,275.20638462288935,26.38356491734714
434.6739045554191,-11.848883470652126,15.0,430.1215493482698,-2.429996136592951
423.4536884530185,11.068203527588544,0.0,430.6193365578085,3.6222508533595565
314.03439414286964,-8.902163452763109,0.0,297.4425518520732,-17.198876319951744
349.92267193772307,19.523470963388263,0.0,362.9880248563813,8.648477758385436
346.63972476571035,12.030694895734976,0.0,354.1156418749373,2.526221561521151
157.8045285474142,11.469799821081516,0.0,164.93041563804525,-0.37386081393675497
194.90274367833305,13.84024601283258,30.0,219.0300541019432,34.82542309135343
395.3835098596934,-13.355319855287929,0.0,374.81923475487787,-26.795649265307013
288.9101259763364,-12.531698750776519,15.0,280.0884930034127,-7.9515461229914095
271.407086022346,-16.474821207465304,0.0,247.3723803140223,-28.263787388314643
150.70346199549488,16.350223301594387,15.0,171.92215876871,23.213155134195784
267.6772613293514,2.3449578307546575,30.0,278.8092407232935,21.306003096753802
104.35880378451195,1.8728235553901853,0.0,106.77070720712011,-4.895832156718459
145.7965617306945,5.151228259459167,15.0,156.06115366868093,8.324360882358242
68.86969836542819,-2.7265403000064943,0.0,62.61922868423236,-13.898507191746088
371.165530582497,9.6518507121362,30.0,389.6290796762017,27.35689133936298
166.4048273399416,17.059866416641686,15.0,187.83436297068812,23.223991973597702
200.13007211217513,-12.34567915151545,15.0,191.32142181379663,-7.061361552541806
273.53362225414855,18.425073893018446,0.0,285.9353238371556,8.10709840694081
113.99763122372997,18.624509761067767,30.0,140.94431995650106,38.92965536267015
94.22334618572698,15.406918415821423,30.0,120.42700077814413,33.6226283577864
129.99296734106056,15.684311447218727,0.0,139.4278065191407,8.06778893749409
219.78909781348324,8.944376434313316,15.0,236.3746817023701,16.572181339349324
94.25857351881228,4.905059467775851,0.0,92.57932605619773,-3.943059765444687
435.77704780572543,9.66784624226375,15.0,448.2429052415051,17.265956540305144
372.6205970865795,-20.868917672550715,30.0,362.2744472119961,1.982296847378862
288.42232444500115,1.1707923067256734,30.0,297.5868489836413,18.817491049426103
239.14228871711205,6.27832062326667,15.0,243.872320300638,8.512290585224136
63.504526917852154,8.941517989793534,30.0,85.24060049085122,30.763255975840686
390.2050996020012,8.910615924323888,30.0,409.3603679070853,31.462458071183246
285.8485046036831,6.764247011488564,15.0,296.21101739236207,11.311288941555073
296.2613689878523,10.403231266998024,30.0,313.10068907140595,26.9270114914046
432.4317040319056,16.27486172508955,0.0,440.3525374065586,4.407955374873207
84.37772301046441,18.68106912308318,30.0,112.62409093063445,38.114281054053194
454.4241485692117,-0.6382974338833918,15.0,455.6477555782756,3.6991196432392393
442.90313044609104,0.1532159839281646,0.0,442.19101317217974,-6.524351505009271
220.18001857890144,-12.267693155645944,0.0,203.70767238392088,-21.103753436543556
100.81446318997315,15.825165222056649,15.0,115.11564432162706,20.60414004901158
67.4256303445705,-3.7657260716881025,0.0,60.69970411033011,-10.13494027948487
281.95033791779,3.656689486609009,15.0,291.599690797593,10.200960869306794
346.0825489777974,11.473413939468823,30.0,367.36213923955677,30.761762431568062
381.0532149426879,-18.73081915684166,30.0,373.85259941872874,4.098672303166953
402.0547695836036,2.2062303829430236,30.0,413.4881232518001,21.405073806010265
446.2295703096986,-18.621102705596748,30.0,443.51049871165327,4.3266801160998725
423.75402040226135,-18.74631937434532,15.0,405.1740721832008,-14.663185671410446
91.62468418084853,14.264898684382043,30.0,112.26087894587127,33.51870795507814
361.6356425816943,-7.3357055070149855,0.0,348.874052661192,-15.812283493168017
466.930777926456,-18.733647952715486,15.0,452.6695152948836,-14.150276475232243
159.79155856326238,-10.614082286182189,30.0,159.09139611204213,6.5946157268471595
346.46803369712944,6.157367321598309,30.0,361.39965388949565,25.87606143471432
303.4716490457636,5.279628266696746,30.0,315.279452774941,23.988821287870504
147.8258361097072,-10.773474827387373,30.0,147.79475529218058,8.95215163048384
115.35580607379968,7.929319605933664,30.0,135.45235361488014,28.762030803588885
479.734890071563,-2.100112144742795,15.0,477.3123183899241,2.774492898176103
381.08183914020873,13.216086764390761,0.0,386.5231562430174,2.249645216089686
413.28474967185684,11.5764195240915,0.0,420.65031525282836,3.5433542030518304
445.3967162234799,-8.392063304331375,15.0,436.49666633442166,-5.327208940993572
130.1856544183046,7.630693461350911,0.0,133.46595383283554,-2.8907020640537624
320.5103845894613,10.349348930352882,15.0,332.83382716915486,17.018978847690416
338.73948682141094,-8.366748748296716,15.0,333.66741295270634,-2.7278646485482803
198.40310800588236,3.5462061322485696,0.0,195.54753097212946,-7.09967973961777
274.7255864938161,1.485238122555014,0.0,278.4808720274283,-5.135836703945582
325.0438336122257,-17.345511614780804,0.0,303.8896428972573,-27.84011838959131
427.5212677813983,14.233219985704487,0.0,436.9696285258011,4.839448060679938
250.49231922157574,13.494091764295474,30.0,273.9532283026661,33.15756748435261
239.7523498218422,-18.003475170728578,30.0,233.5677088678958,2.065953115350066
382.26691388262225,-8.797085947947107,0.0,366.24346919656693,-21.95041117057186
180.00902912002311,3.0066812942808596,0.0,180.10856695760893,-5.5436895503152215
177.07502620632116,12.336213789769353,30.0,200.51056743421083,34.5048445260655
233.5745666737167,17.61672140859701,30.0,265.46834967381045,39.93037245593018
465.99872101776015,15.130803208457579,0.0,477.1156064205602,5.248316210691609
390.7698781155872,13.357707620409553,0.0,397.4847336819706,1.39870660729353
322.43565081660734,6.2717254779376574,30.0,340.6108483564115,28.901794326756125
71.49574696241481,-4.740662972287193,15.0,64.34013071316107,-5.165518141719183
301.69537860702883,4.4515881094027305,15.0,307.7296063740805,9.723732028304934
376.3196414302526,14.870502785796162,30.0,398.57187495263213,33.75819723472557
442.73442154917734,9.422590981757429,30.0,461.0997332596995,29.745983120885526
83.25911488993572,-16.64771005525788,30.0,80.66818629978872,5.121562745526779
443.7437910506879,-17.573381111259717,15.0,425.0352974816112,-14.194942600990263
489.0083212057644,-6.747632502841871,0.0,480.0668530220428,-16.709356986926604
78.01448754326499,14.5842640150363,0.0,89.39204807866886,5.882667029351698
341.53373811537,3.14407100656473,0.0,335.71758389442846,-6.663667300265512
240.99908707299764,-16.424046232265475,0.0,224.00336706145103,-21.84755501496063
220.72736845615134,1.8176934364483195,30.0,236.87989253873306,23.64357045993079
349.9130479591125,10.688884992547779,0.0,354.57563713301573,1.004028278528878
77.2074663993498,-9.022740776269808,15.0,68.51554126139813,-3.091791813259139
302.0389056248639,-2.0958636541564006,15.0,298.2865868488812,0.27128651711020524
419.0971784980422,-17.5287695856002,15.0,405.0449016273057,-10.044754378741839
476.5230153296887,-11.724612353063451,0.0,460.8053940976715,-21.28764228358783
273.8874759765984,1.0209071497938194,15.0,280.2599970269864,5.9846926775094715
339.6800969970725,-6.497653233341753,30.0,343.3372127212134,15.354525876453268
342.1115010074238,2.2655848573098787,0.0,337.5700178088682,-7.822146999423413
408.364858847982,-13.586522650007225,0.0,389.2088764034548,-23.165985134175926
397.06309854815254,4.333272527876742,15.0,406.38455338086686,13.013601141116329
284.370275848377,-14.720732918889706,0.0,266.9082561694125,-21.883828987316477
492.34243200783214,-17.330560118416372,30.0,485.9989012023497,3.342186171552015
67.14519885896918,-14.48838604752476,30.0,62.20318568184233,6.464543499945581
111.63037076390336,-12.530062771013446,15.0,102.29384445199503,-8.750117384189743
96.46372429199144,0.5448346052960339,15.0,98.88078198482754,5.587733468677136
425.5391648770555,-10.318989306234329,0.0,408.9771730268795,-22.28820152770646
271.4273793617445,15.188157236722779,15.0,290.96645725960866,21.36146716049377
347.544310875931,-14.014910068243609,30.0,341.9071968199542,4.813351470281905
430.5969246671785,-6.030244514035544,30.0,434.2196129549732,15.715215479747371
215.94255998475347,17.581751464496502,15.0,237.98369733350287,22.336507102219084
147.14319728403055,6.052531334965557,0.0,144.60876263665787,-6.375663144714689
397.424096106747,8.049223961988936,15.0,410.9662948906226,14.023166493253793
193.60795208350095,17.016743656794365,30.0,220.41543134396878,37.92183509165291
353.06297333631744,-10.63835725542404,0.0,341.46824748598544,-16.65293667214353
443.52376339859217,13.688371190688908,0.0,448.73253477632437,4.359322414821076
477.1910493761801,11.937196498487276,0.0,483.96219463982754,4.577798775467411
461.99942729222863,13.485343075986105,15.0,476.9802995882005,16.242678637022777
494.3045359866498,-11.737358051138624,15.0,486.5541818362406,-4.735332533533391
180.85347480018194,-12.080613073087111,30.0,180.17857834034203,7.556328251123409
199.3768114330381,-20.842501445008875,15.0,182.7204761125259,-14.658358362194907
206.01971717752824,8.44549995010691,15.0,216.48746468941724,12.033003944323593
307.7545353878313,3.3305564789039206,30.0,321.1860115240328,22.986570667544814
85.59286147801369,6.181894728967906,15.0,91.74844709403791,10.128595298814663
498.7497811430943,16.36268122912413,0.0,503.45899259033155,3.105216640043512
199.08585250094544,-14.048718309531123,15.0,187.8224793015672,-8.134051503234005
104.98892854463904,-13.067671373321964,15.0,94.25393342321604,-7.0694916108259065
493.63871020024817,-8.279004619600373,0.0,481.8549156872853,-17.17703295808918
356.76480286998157,-3.9802325704994037,0.0,345.78325604610205,-13.822741586944428
154.37125098636344,-12.702876524080146,0.0,136.32711895128003,-21.52442998344
476.0307043486751,-9.021134411541183,0.0,466.60700561318885,-17.378251422649335
398.3090748972776,14.408810216120537,15.0,416.44364435301196,20.066998064081314
319.33941082425116,-10.961186378285012,30.0,318.5642878799348,9.909750389621095
332.29627351600806,3.5634142036822305,30.0,347.1384585186147,24.44254105126991
101.39408057383662,-13.41006619249094,0.0,85.48539757325895,-21.760976524988273
445.1134385176326,5.718316895423055,0.0,443.14111561397533,-4.176696921704906
462.11553873439516,9.358449693077763,0.0,465.5389369022819,-4.1405300837672065
78.35172590139778,-17.116978140751396,30.0,72.18720833707407,5.1020142340074095
404.723951782742,-7.9820304238614375,30.0,406.4564386790495,12.888078521106454
496.356212679374,0.17215283356679878,30.0,507.82103132232777,20.00312480054159
483.4573473511439,2.801255336729183,15.0,487.2475201571036,5.4942538451442715
164.6948583919185,-15.694741046763614,15.0,147.5831294137583,-12.51692727371438
72.14652902335598,20.023571471185996,30.0,98.75885109924033,35.54453772697785
369.3445280236977,11.562068411303041,0.0,371.0564256528025,-1.54560443294762
460.21751388058954,-6.394779719718813,0.0,447.17754477401934,-18.451832950984624
425.5536976523599,10.631112162041152,0.0,425.19262788411027,-1.203242863765599
433.4283515439221,13.011496284225668,30.0,458.0290592250856,33.50642278350438
227.77678101537822,7.507081163129534,30.0,243.74760473934802,26.429538673036344
68.3892855233292,-2.7111609527190557,0.0,63.00330958745281,-14.772122632797704
445.80090530496244,-11.845590977196062,15.0,441.14298119753255,-5.231854841240597
384.4000425704666,16.538453856062652,15.0,404.844712404891,23.62271486417301
298.2569457450933,-0.5060767882498913,30.0,310.0457310379266,23.71006424754116
367.3917074258477,3.128438751399288,0.0,365.70161457619287,-5.722779675403057
176.08786024547433,-3.056680316903714,0.0,164.9682563419509,-14.787942214963845
471.0632119931687,-3.496414266831665,0.0,463.9443177651139,-12.279966397003104
137.83258779306385,0.04987056448695179,30.0,151.84193210022372,20.123269932136054
490.3272380105736,-4.490133081282416,0.0,484.1761439213934,-10.98605357024454
470.6396858337528,11.66447602942683,0.0,481.96263682394857,3.344333973192793
310.2588390652748,7.217092002233915,0.0,310.5677210848951,-5.501399561184783
330.3040452005201,-19.438209315387663,30.0,323.7305294814357,2.5760384761289146
433.0054051276613,-1.6970297093461713,15.0,434.9707962005865,2.688492908940461
182.10067767611795,4.024442701883335,15.0,189.1062052225212,10.127376284794956
197.31597461709254,6.5393892450886,0.0,195.7232567066837,-5.6000894985203935
84.32022719850504,3.495944022151966,15.0,91.42171548490776,7.626421915933722
333.5235152388358,2.770315005938251,0.0,334.48425995758714,-4.904924045217573
191.80413670875524,17.559192014153957,15.0,215.28540033238323,25.08825350005964
336.28105039061995,-2.458141807387718,0.0,328.49962514674576,-11.323397139937832
199.03850624766,-12.214095627758919,0.0,183.54113097051896,-22.919288011022445
66.3404126711356,19.69626471362919,15.0,87.47710491518602,24.182647304026897
68.06211314345379,9.630000510454922,15.0,82.82091236099765,18.032563742575224
342.5136196582259,-1.094187865734846,15.0,349.3711421690258,4.049486022639815
352.96286316153197,4.6554091572264396,30.0,364.83308704027206,23.745359545940435
81.84436794780459,18.300439064908705,0.0,96.44292298884082,6.834782317638226
75.72202891883882,-17.841362651754284,15.0,63.17699752994564,-9.131137531594629
129.0144167906397,-14.028945910383337,0.0,109.08600617549101,-23.608731116606812
199.08336167250621,-6.454861850316641,15.0,197.94253210269312,0.3213591277793171
220.14933836476231,15.205663899364062,30.0,245.42696499852397,35.56910963948383
155.1652669976993,-11.288114320211198,30.0,151.55982592618935,7.056361081882526
344.7862677979423,12.907456381308382,15.0,358.09744829861,19.508885407607455
65.21426509920266,-11.958726051032222,15.0,59.31345495736816,-5.027670464874362
107.29890864517735,8.411081416881952,30.0,125.21968376903486,30.612930356633523
374.0981334145462,12.668352069028622,30.0,398.2468858293763,33.77258141939693
79.75340051656909,-7.498987302647159,30.0,83.67177031988201,13.213097660756368
246.1761345895761,10.924818965249836,15.0,260.51581521435867,16.46681354548436
280.21322976726333,-3.5356164350171495,0.0,271.0437491310134,-13.199061066346012
406.87240881551327,-3.5485704887310727,15.0,410.099850373818,2.8708293290097124
350.38792136681633,17.776050950426104,30.0,373.1773067329457,36.7067504580055
193.6733547070583,0.7253683552440182,15.0,192.0254300355056,2.489675214018188
365.41425086583047,13.869055194113677,30.0,388.02778142004604,34.6796867376908
305.2337254297537,-21.020165364401876,30.0,296.1785009296411,2.009597415706743
166.24660130823227,-5.835432782122009,30.0,166.83827303333624,11.36693076681753
221.5863225242319,3.1220050914768924,30.0,232.26301000939475,21.650596612099136
261.17958899387816,-2.6902598592078855,15.0,258.3099878851202,0.8386038523499266
165.82175643721456,5.314529384125294,30.0,185.4962339809453,26.457281143204433
202.41218628143568,14.986046598552065,30.0,225.68279733003308,36.99918256381808
326.28792294895504,-14.222094016153061,30.0,321.9796510746186,8.346533895552504
288.5762049675074,-3.8640160277836286,0.0,273.59808019553293,-17.356735896079993
474.0180216841989,17.131934724677553,0.0,482.1042157934903,6.989618637850679
312.1987742896937,1.2487587224079193,30.0,319.3202797876972,20.807228023911602
481.6387138846603,11.62919434484224,15.0,493.8057644316556,15.670858181595875
147.43667873609184,-6.463759957612786,0.0,133.46812979750496,-20.45612938739432
151.60767232149203,4.4451382177390295,15.0,155.4569393966248,7.618521148532313
302.48867626985833,-11.656715252539797,0.0,289.7715656784545,-18.969182086264116
102.71837294982835,3.5210715263241874,0.0,99.77800198653554,-9.330759725687127
126.92677216802845,19.234945219470514,15.0,145.52893001345925,21.601734354826828
174.96676454155792,14.317155678150874,30.0,196.2353498933398,31.15556127201045
377.8823667080992,2.1343947605352582,30.0,390.1794554307911,21.73634840384133
179.4561466506885,-1.2807305645410165,30.0,183.54344487846515,17.255978597883615
164.55753352859824,-2.077443033453906,0.0,158.4039650531299,-12.474127366982565
174.54089237880032,-15.331980055494647,15.0,160.26344683564102,-10.812566161836177
488.65896265287864,6.605853742448078,0.0,488.35613689631845,-4.533202590735229
118.66792239144151,-12.230199231873563,30.0,116.52181701663515,9.126118197188665
485.8848148170899,-12.622318143244396,15.0,478.4678334647704,-5.249113866018146
252.71582105454445,12.271267889393794,0.0,260.64992191864377,3.701581778026732
126.79539525333578,-4.324786934601116,0.0,119.38264563756788,-15.401128289490465
127.79421536597032,-2.4953870369147277,0.0,125.32700677864318,-11.512139430011878
315.1482719973205,14.393702473511848,15.0,330.5102673719622,17.65369147047475
349.8983965058726,-14.816680645897316,15.0,340.2778832133067,-8.645868525854224
188.89997714113437,-7.2426477307573425,30.0,189.36924903360236,9.809800705181363
203.88188024064738,-9.51645007918231,0.0,190.36651306686252,-16.831343325080148
185.96787618061097,13.4497882864006,0.0,191.28584438738852,4.379311460766797
210.5605958666052,-2.1221431686427406,15.0,211.31879827780634,4.60078215272447
80.77003930670372,-8.462437298281866,30.0,86.28213133939984,16.05240240878458
173.31784257986516,-14.298168713374757,15.0,160.41976161286865,-9.330452100696368
143.44639259525016,7.620113937662557,0.0,147.4671927380911,-3.011334248677077
235.91746329653736,6.267239301137645,0.0,233.8120402432811,-6.681812054516019
249.41360918682207,18.221469082363352,0.0,261.0718892186966,7.081338344550321
186.40207548058498,17.199519031101264,30.0,214.4284173648643,36.37462066037209
388.3150309640713,8.672008519185834,15.0,401.1881686289278,15.536217612069368
405.73200403407543,-10.16631737552584,0.0,390.4020925342495,-21.692898169403275
145.69813740799322,-5.881216510603911,15.0,141.08511642133215,-1.6232814495187675
353.70457147352795,6.673768581595926,30.0,370.63641008856416,26.793990132944963
418.46099347425843,12.044812840482265,15.0,435.2658256184382,16.893536588904645
286.25000671036753,-11.333888325237767,15.0,276.02539086197606,-8.002033785573191
484.8947296201308,-10.630007630044151,30.0,486.87563229128284,10.704967361106549
348.00589103576965,-22.18581251355492,15.0,328.86298564073945,-14.446413666188388
158.04216723926422,18.105234635804386,30.0,183.9297474007566,38.2397219989643
66.84800920857936,-7.818848242479254,15.0,61.86958528923525,-1.6760680695020724
461.52670960485136,2.1973544584063847,15.0,465.2461639793148,8.980199171112062
180.47801233597377,12.923230834991207,30.0,202.94612952101005,31.02147303456338
117.73488577557612,3.9103975029385567,30.0,129.28326561360365,22.92892574939236
111.14772960140527,8.14110878676665,0.0,116.58182429336154,-0.7210389509359807
267.80826070198475,-7.402248205966644,0.0,258.2977377096745,-13.160370313447256
272.3668346707815,7.286858801607726,15.0,292.9922588791652,18.347971434872573
65.92720884560707,-17.19184149777569,0.0,43.78184881258975,-26.82126571525142
297.5915911460573,21.80168101833932,15.0,312.2020491824502,21.875202062583252
176.5161564895423,-9.671892103060713,0.0,162.92927678817784,-19.319847075227443
306.81793767588755,-15.09702007513738,30.0,300.8246502552615,5.7000246724091
205.23135663179823,-8.382477568250655,30.0,206.7749254493806,11.448426556521415
217.9163867625662,-5.407647230259734,15.0,216.69074135928489,0.5573064488389559
460.52357680867084,-11.542163665072428,15.0,453.7014108679617,-7.616680799219987
172.51139561819076,7.210514812738211,30.0,191.53761257663797,26.994327098155207
319.58987034870086,-3.2554725709829944,15.0,320.93104960577807,2.321677324035697
249.31355721751876,-6.521544197742019,0.0,232.72197822643076,-21.2841631020866
98.35453254447059,17.608525854654438,0.0,109.85400853803455,7.140384391169963
147.7645008255808,23.47277668940292,0.0,160.57890977468517,8.821832420737135
395.669428232113,16.045118438221245,30.0,421.8313787859836,37.206650508698786
115.75926903077568,5.915569861011392,0.0,113.36436339758527,-3.2011483737229973
367.08516067581274,-8.232993366566134,30.0,369.2561094144065,10.81504165712697
175.00737307114457,7.637526699435161,15.0,183.07885009284132,10.180198052524005
69.32336002605511,2.8662582586921372,0.0,67.60459590493625,-6.898901139708119
112.02961915145247,8.345324103257703,0.0,118.70304892943585,0.9281339233500283
252.93929414928814,8.301813689367972,30.0,269.22423254996124,26.754282381817482
452.9092060670251,-6.328499873210061,0.0,441.16876878361256,-15.10178699829627
489.7815568926456,-18.22077655194732,15.0,476.11729052107756,-12.935101762819333
56.751857964104005,8.887271730488164,15.0,70.44818162260383,11.525501724824068
228.7153436343341,-11.2939625603771,0.0,209.9325703813775,-22.816607774911482
431.5754111853621,2.968748261326451,30.0,445.2599539649182,25.439404210665025
361.3251029632729,-10.15649912213672,30.0,361.3626299166427,11.579463933184808
254.31229664975865,-3.1520140266724064,15.0,254.8124416490796,3.9594071375821223
159.14635142997452,-0.6831521844477839,0.0,150.743738422593,-12.640077688160726
55.15097488290764,-3.602218812337139,0.0,44.41398324067735,-14.416114446054628
129.26086199587226,-13.199386619981935,0.0,112.15149611912192,-22.317553211740947
66.49393778742744,3.9436933175951756,15.0,71.93413932761693,7.5306272103697935
95.0496607140769,1.9396676293515582,15.0,98.04247709362873,6.926173237849877
114.97372336253386,-13.597241053057868,30.0,107.82147710490295,3.000932465930841
349.79063040553984,-10.60536055920853,15.0,336.40796453678746,-7.1895601135733855
190.82626152484116,-17.814327140420104,30.0,181.91493925484127,2.281648244822655
303.3598178422914,1.7012265043946648,30.0,310.7866555385484,17.879659115900907
423.98835172187336,15.030974305202617,30.0,450.30701008014745,35.00590754311307
101.00867178577353,-15.29776026355135,0.0,87.57323772762506,-21.482963910680613
261.37126635890286,8.95829368068048,30.0,281.65951122062785,30.956832918637428
302.1785389737393,2.2309404958491683,0.0,300.86229075617007,-3.4253788442376525
64.70720485187975,-16.07140366751269,15.0,48.44818547483481,-13.14306214562638
136.8057706664491,0.7278879888917071,30.0,149.71320814166253,21.744148914152344
381.00045280026495,-14.330071274877199,0.0,360.89028120672555,-24.041765749342822
303.20473709398203,-11.648351610685046,15.0,293.5376633732344,-7.363833255216434
225.3960968271803,-9.507121378078569,30.0,228.5658206134405,11.70390974155297
284.2509427427106,-0.01695939573324745,15.0,285.43720253343304,4.647649211350622
331.07869677702274,3.523886664470854,30.0,350.7549305761448,26.653279454676916
386.0274376096142,17.288917582404196,30.0,402.94865064045337,30.902134647674764
92.51847506904359,-1.1288619448702681,0.0,84.66170552026394,-12.026299770160144
214.70461330245556,-7.567947417065888,0.0,209.6693854215049,-15.913649018982536
104.50973213506529,6.934428692739894,15.0,118.443035161294,13.37280230235628
107.84695542845763,4.920229289604835,30.0,121.78979473580566,24.7991623241083
406.2465268567787,15.406375550715815,15.0,427.95868322305114,23.333539884779018
164.84581642844424,6.875955591715156,0.0,168.33073481649583,-1.9267058245472732
371.294558157965,7.793483288466517,15.0,382.2824294609589,14.125547660913515
167.38705001596614,3.9209965583679263,15.0,174.43319838471058,12.504956363986118
320.05576783535,10.960171262741298,15.0,335.3767366466619,14.390956707039944
445.0175057755605,-0.9189166359136185,30.0,454.38296781442585,16.97130099861307
231.4574127535217,6.227054989429784,15.0,239.03598385988786,12.378992360423851
342.0574666394149,-0.7307626340727301,0.0,336.82434243099357,-10.591374705545853
168.7426120058636,-19.01884307759937,15.0,156.120155055206,-11.031112026024253
100.78250570290768,-9.545390569884841,0.0,89.7073067770334,-16.340706865875852
444.87971707741315,-3.6649117818918304,15.0,445.5900470092752,2.2934240411950384
66.99143615274556,-20.00621222662939,30.0,57.4643594018834,0.9693469814482576
467.7482441079229,5.00048806783276,0.0,469.2066836826354,-4.64659984915513
56.776594586417794,-13.564072548829454,0.0,41.752279494227096,-21.221135461785792
369.02802917092,-0.22860709012382507,15.0,378.0474015969039,9.558804390472343
431.06963668093476,5.513213335523693,15.0,438.73475022562286,7.47821898123917
199.3257756736447,-13.02266972562981,30.0,193.5438124467328,4.428285731830684
494.8633649069321,-2.974160828425469,30.0,509.69705799607834,20.376681811244868
331.90910159999453,-2.42727041694264,30.0,337.93812752016595,14.214613602707725
445.4632622117202,-20.005423721240536,0.0,422.063242940594,-27.003798588496384
72.59455555214296,-12.399563212199569,30.0,68.42121040754249,9.312077722384439
452.3594436099738,-7.000785380462172,15.0,448.5072413860432,1.5258270387476074
286.4201572657571,-1.2186017833904281,15.0,286.8468861405381,4.401819868651781
205.27506973740566,-15.627992859310709,15.0,194.89061464621435,-7.9544591572962275
135.21558670228367,-4.051124701830412,0.0,128.82592034494922,-11.109137569038001
194.4415691978617,17.591115505714143,30.0,221.7853272673553,38.04297166785737
155.07135550179942,0.4526146687267334,0.0,154.66677029308713,-8.166471223071046
52.74501798606148,-17.93641482561652,0.0,29.016639641542483,-27.663619728956565
355.81785962673223,-0.18373104106318072,15.0,355.8343106599375,2.9955012508657255
437.6084908956356,-20.532745847754875,15.0,421.80623587103804,-13.940145095309088
292.1305191055933,-6.654530974976168,15.0,285.34740793737996,-2.2202745659716214
495.68488328701085,1.8234538409089776,15.0,498.9293369312029,6.59075371208748
138.3631185872734,-12.804382810899618,0.0,119.9899691641123,-23.177286566862662
316.57499432433826,12.769472803171793,15.0,332.0694639445526,17.5493374975109
347.21275273049537,-10.2062108104449,30.0,344.49329130395364,8.044806911839046
278.7100708857229,-6.340436956822664,15.0,275.3448128198856,-0.28823073557623147
233.69348048710017,12.517980604917884,30.0,251.75059270813543,29.80629425044397
218.30536523046231,-8.596104551956023,0.0,203.61987047576167,-22.172131111830524
58.43164808815567,-8.147639803546623,0.0,44.913306872606626,-20.836372410712155
186.23134103803852,-15.56740937023867,15.0,171.2868770376653,-9.857181243678674
464.38386206786953,-15.531677439267192,15.0,455.38462778114234,-8.086285515001297
366.09984230882344,-8.010526149873437,15.0,359.24508910136643,-3.7668290965216453
374.1897542652272,16.7015807403582,30.0,396.7106866373473,36.49040196832324
486.60309832403084,10.232036078734225,30.0,503.06553233385114,29.560627427436373
184.28644348275134,-3.1714027940730047,15.0,180.3367789417637,-0.4383308523266045
263.79235969608555,10.634711398497615,15.0,274.58870075787,12.598592603976972
341.50085002369286,19.358050654832557,15.0,361.13492445069653,22.48411816435736
413.54811243023266,-6.601076329222803,0.0,399.69049187259543,-19.218727907092745
238.53083594038335,9.222926682734277,0.0,240.2221978441221,-1.1091864635311772
202.46303921632833,12.533294551782271,0.0,207.527467036908,0.19309048572835152
373.07383219099205,-12.50172178377185,30.0,369.0795313657019,8.68310376828322
49.54063521524784,7.870539098772319,15.0,59.18175680356672,11.701670078415386
216.85318639996882,12.224051240727686,30.0,237.79204767881728,32.38091237616074
293.78004221208755,-13.569733131333576,15.0,283.46332915516416,-7.754059535751292
436.8770628033491,6.950491329865042,15.0,450.46115535990396,14.204758732866345
136.83161532028694,1.529570155395923,15.0,143.21701758341706,9.93164467142677
229.45083188108822,-3.9425844319238967,30.0,237.13651856417596,15.830550379311171
439.35086423950963,7.301845424659811,30.0,456.3771919260583,25.90857713077728
178.39190630821352,-3.1902409813174124,30.0,186.5923064715299,17.55003304064005
399.95133817277406,5.140039742484364,0.0,400.5164099915952,-3.793764468291023
430.5941437180974,2.987800174434915,15.0,436.4502692938546,5.879674160018677
327.2780632962942,-16.39632177054442,0.0,307.5667270220465,-25.488314013345338
74.09303248955372,16.707301393166183,15.0,88.98633326336582,19.559682479224296
213.1858082999921,13.650356063864397,0.0,222.42879746069,3.2155995154254065
134.52350454436197,14.811901526369416,30.0,166.30974799350508,38.993578593884166
330.1974033333365,9.15426954043515,15.0,344.40545537715377,15.609220359218515
167.214813861342,3.1502311517800514,0.0,167.99418581688704,-6.0248896042109585
484.37292189784955,2.742144082373821,15.0,490.7092648059678,8.000250475002172
200.37659504576973,-20.3799995508927,30.0,193.56151239857985,1.4622382317341867
278.9013567769029,-3.9201684177778486,15.0,277.0647737047487,1.3195583307694818
65.16481034490806,-16.877431908403683,30.0,61.86009115586259,4.103189325794435
347.6003827114708,22.360035858223114,0.0,363.1898859682336,9.796240823925128
88.64619938160904,7.480305039873998,15.0,97.55930066287415,11.10910344699715
163.24680584778017,-2.1231527257645357,30.0,173.85867731551068,21.30066083679005
110.55238646033288,15.214459916523987,15.0,126.76726843845873,19.868817571082158
278.2090393278041,16.567494655869762,0.0,289.7921717116371,6.013937530410782
226.47090232400114,3.314760670407492,15.0,233.13362896377873,8.459837242625426
130.07426905537076,8.817913942234584,0.0,127.99805749806526,-1.7380872334309316
398.4815849207685,-7.779547269805583,30.0,399.45998080405434,13.12025734183474
495.6813986195149,-13.54105690097078,0.0,477.786879202718,-24.34126271716378
156.12540829120965,-24.104824496583362,15.0,137.84790582148244,-14.307116719475214
206.2191248292651,-0.2670422066487399,0.0,203.97451836279473,-8.999235875785729
446.54381691041937,8.503845726899177,30.0,467.5285564257614,28.61454199747286
490.19852598809007,9.47709324427758,30.0,506.3092412781619,26.478674895856127
455.50549103862704,-6.506337501627965,30.0,453.37044260783074,11.799341966757359
429.011129091308,-21.841025768576813,30.0,419.8890152207842,1.76216703295864
453.83997562741644,14.02082616287416,30.0,478.0415373681436,31.84988431214843
462.7724612794144,-20.953710785690102,0.0,439.95945975788374,-27.240612509526823
381.6959675030179,-4.474028476334182,0.0,374.7223438522054,-11.353379025389824
458.48573827628775,2.3391997143757433,30.0,475.5761101598217,24.708019102318033
193.37336428616845,18.579431847674325,15.0,217.03010862788483,23.983876672138262
104.23019978050102,5.2899186508783504,30.0,119.9550520785798,26.670446602356268
432.08294184970254,-3.3183990467986675,0.0,424.103567066984,-14.069155405023672
442.9860292424672,13.282211121192438,30.0,468.1187345424282,32.46141049084474
299.74278663183514,18.93331665695192,30.0,327.1338451495632,37.61456256666892
401.62189301560255,-9.409836077970098,0.0,383.290157593505,-20.50752440240154
316.55414543033436,-13.301421425319473,0.0,300.86151950055915,-21.62328916793129
375.00229494394307,-2.9871818740622738,0.0,368.8262741799995,-12.401686393829781
149.26367909988068,2.2939166385913046,30.0,161.5078215339068,21.508411298180864
113.85456592108906,11.687142060053251,30.0,140.19624030631334,35.43841783109923
59.82734886010503,-5.448235916154218,30.0,62.31065082875074,18.71745161179454
250.5810356833497,-12.635459912161677,30.0,251.31498161933683,10.214175464247694
455.88111431610076,18.185224160261413,0.0,470.0868227919957,8.158990820666975
177.52549914720157,7.859647407962037,30.0,193.2357945250717,26.474409046901663
94.20866332909658,-15.44665371265271,0.0,73.74414034672108,-24.073917668170832
471.2164523138719,11.346142908706556,15.0,481.35047683503853,12.761397369143083
365.3874106341871,-21.38451264611164,0.0,341.4498814746266,-29.545951943412305
76.82643804095466,3.4753553277267804,30.0,93.74001067611121,24.86447553808015
68.61569252585483,-2.9948353732587334,0.0,57.98897999286695,-12.615729621947018
393.8132374477524,-3.6191141849872017,0.0,387.9503542673062,-12.750453340181789
470.3109933068888,-14.26718594115688,30.0,464.99776879411394,5.0887730142193135
101.00546214048484,14.346962551102827,30.0,124.9619547365387,33.541517471666154
354.4605881382977,-8.743858610580293,30.0,355.08753074950806,13.431141699261463
116.80652500731146,-16.359310286709004,15.0,104.941732164056,-11.371610567396136
292.6647648461118,8.457789984593266,15.0,302.84788394650184,14.114646820021203
408.287702040473,-20.336437123842742,30.0,397.82651018429647,0.7358510695879232
120.4798060738946,2.7543940354704226,15.0,125.92797721614713,8.33114052845347
103.29523260247092,-24.55581704982373,15.0,85.33751993671395,-14.109869839582135
290.8316832767914,-16.440215011818417,30.0,282.9625804326845,2.5175782436306697
141.9673198931426,-3.626085625054933,15.0,136.15064628049387,0.24601817296485606
144.38207028446664,18.55917282374169,30.0,167.86695616954862,33.67617893787286
453.0801746672195,-1.609801638066795,15.0,459.6420598720392,9.331545190764324
84.5637439335277,-18.609674588876132,15.0,66.29671111711176,-13.802731930810435
123.56766529306795,19.586003850790537,15.0,144.49280848730555,24.310570488617724
64.9938469983624,14.897814824846018,30.0,90.13986770516931,32.97285522830417
185.62090781932895,-17.91801950315447,30.0,177.30912014157428,2.3706200144201297
183.60061674206582,-8.888544908650355,15.0,174.43258639050816,-7.135429864191842
81.02199940919849,10.64025733659966,30.0,102.38652128071922,31.441212155870165
162.30523919320086,-10.137704821028619,15.0,155.35206128772575,-5.247209503626227
95.77051131355442,-14.750799024451473,0.0,71.1137385637642,-25.642158292255754
490.144413936938,-6.9204463560537945,15.0,483.84630948405226,-1.884263032697035
328.2110955174499,-4.800213317283393,0.0,314.45608577854665,-18.067140329440036
150.49426770591907,5.127465390663073,0.0,147.6447363965372,-4.414097116984603
294.22206353340914,-0.33864708458845,15.0,295.7298053583837,4.489250721212326
404.8691668776897,16.94785615934033,30.0,430.6160858837539,36.00359713572149
160.2638206109358,-14.801240520065898,30.0,154.86338137906273,5.3830990665458245
141.8151611800827,1.338452253554446,0.0,142.29272136151226,-5.756108760458446
242.05170431001395,5.331516094269008,15.0,249.55180798633347,10.954765543076757
209.302569768876,20.07065805254366,30.0,239.00752720556576,39.13937330879179
491.3609620602906,21.73203585500879,30.0,520.7173855891383,38.31421295831666
182.4953322142053,-12.979221049633175,30.0,181.88219831387022,7.663906397063943
321.356168005717,-0.8039190853939835,15.0,327.25975564698473,6.544720043389535
352.7498124100237,-7.158069944241929,15.0,352.39364655915267,0.5845424737441487
184.75696552948895,0.2365103743219592,30.0,195.8963248794237,19.035444484981884
127.06041287693859,-10.713056765303154,0.0,111.58088389124782,-16.63191077507259
210.3316415229374,2.6003954543611982,0.0,202.97540868165368,-8.734589122430037
233.29086146602265,14.484621423369676,30.0,257.68026316650895,35.55788704067457
197.27359372965645,-16.594567618966515,15.0,181.69082047033103,-11.085197224928486
329.7819532775367,2.3900583221260434,30.0,343.41978586493246,22.14532492569996
207.43291900328506,-9.768630306201217,30.0,216.53991551527594,12.513968832588578
157.64435138496995,12.5503684539517,0.0,161.31850657577206,-0.78694163565849
365.23271058590836,11.511870320015069,0.0,371.0877659954888,2.0621722649004646
161.1488011258329,-14.668222785078182,0.0,144.76520794472523,-21.06750765327069
310.9042273419108,-11.280112557192226,30.0,308.1652486610326,9.070495372653879
194.36616660018683,17.62289474442951,15.0,208.49088687062957,19.354449805250628
74.59520755744677,-19.34817595622678,15.0,63.91218953382998,-9.951328442275985
375.8426443774211,-5.458306623748821,30.0,382.269838056088,13.484466140192495
148.84182040435664,-9.433831855956232,15.0,137.9290837080477,-6.601937622666547
172.44766506337905,-6.003579809489473,15.0,171.69755577697353,-0.16739515608051292
131.1028829687293,16.083737054830138,0.0,140.21337986882455,7.14440362182167
367.1190444456602,-18.626521658042723,15.0,354.9348494242515,-12.151614239621846
316.6716596933848,19.349651327853415,0.0,335.875217309493,9.981145278037484
305.02985142223656,4.853203987961214,0.0,304.15000906078154,-4.177499110461504
359.21078234268924,0.7048183233929948,0.0,355.81239972111103,-7.892578130749605
83.33269769797133,17.39806954604025,15.0,105.38709963591455,20.886899704977548
344.5678043858847,-10.097121625798279,0.0,332.16559073103923,-19.59218738440489
302.7715080856397,0.2690566889638712,30.0,310.3506371864634,20.074475396952945
419.47067952046365,18.574879597407705,15.0,438.2431673596047,20.819256756397305
426.2113938483202,12.305827070077523,15.0,443.31220268578573,17.10319275032435
478.4598320346286,-6.2562254538655795,30.0,481.088093224297,11.364683876118889
271.47328270155623,17.793407047920656,30.0,302.11545732540907,36.03357722216204
56.56969916077726,13.157645647219935,30.0,83.28564057314216,32.90254962372967
408.5176381025949,2.5754027133123265,15.0,414.069604363353,7.82454965360224
74.95424351043263,-12.96650140090936,30.0,72.73634755193196,6.408267615467031
365.1527248481486,-8.716378187759256,15.0,354.3434033019631,-2.1671462928322605
57.77768610430548,15.376006074284259,15.0,76.17782035920403,22.326100570543918
367.46663380459944,1.799585907896649,0.0,359.49129161325806,-12.735986664797768
469.58139074195986,-18.471596198354536,15.0,453.8117684647907,-12.569929757490218
188.21559671846,15.889670612159819,15.0,206.69317237211666,20.249571281984085
439.6923897032029,0.9549705265670307,30.0,452.16592924784794,22.733544467817037
362.7188551176031,19.962588254952774,30.0,388.4019906080601,37.07826277451578
293.1274349301098,-1.712457320356329,30.0,304.5616625862787,16.759813518689732
403.2141501297374,-7.1124810048312845,0.0,386.1274407880958,-17.80701877329294
210.58858920954498,-1.8782892064580459,30.0,212.7462950668747,15.608586043734437
333.3622086172385,-18.357675725894552,30.0,328.64106677527764,3.5251545019609445
192.15340210840887,-15.031093907362813,30.0,185.5763778492034,5.960430013994488
370.9374943468213,17.41035610570392,0.0,381.830299560718,6.449173154012069
271.52568898096627,-1.469338430861729,15.0,267.8124874973062,0.613474289905092
207.77458507998386,1.4483905597809064,0.0,207.31235562999936,-8.043136087235421
174.9805600681948,8.808046306017603,30.0,191.80564878509924,28.1967875044751
337.4249596858448,-0.01835602829762739,0.0,331.3874949435713,-8.072749901611182
482.5937582087957,-6.038552719272207,30.0,483.2028801348334,12.080384378405363
69.78638404716266,-15.945095738132132,30.0,66.36129250081132,5.439926340332816
130.75462119003228,-9.526862570195885,0.0,115.16784981379776,-15.39005510851276
79.20693057774896,7.752067535176292,30.0,96.58170962914639,26.96583836223141
230.86342672315368,21.98558711475853,0.0,243.65134949486136,9.234551385831917
196.17448961449992,18.64894888761982,15.0,210.2734381477717,19.752870007804244
155.86137441700265,7.804396219289499,15.0,164.83823676221112,12.712631862993494
81.03304588362124,-1.902191292340776,15.0,75.18583128497062,1.8774878393798922
160.22370370097983,7.696599014798354,0.0,166.48929699513852,-0.41943132406599304
187.78159003019076,-11.212461822119216,30.0,183.12804802858437,6.431988249695552
407.58908396823915,-10.743270471447815,0.0,391.71038335557023,-19.688323691388774
385.3884061421193,-9.498369241990094,30.0,385.1075020475646,12.8913896817996
195.14549374704617,9.510976424913675,30.0,212.89746040110438,28.66806774446606
219.06879737031693,-7.728422271849076,0.0,206.12931995914448,-18.485205586523456
349.2547516612107,-8.759401067865603,30.0,344.6087819662004,8.33640222986125
243.65151152276627,4.699735591548699,30.0,262.0992646478572,28.645981350075107
211.16401750992148,10.330063444526214,15.0,228.81057938899934,19.255382899225882
456.18275268639127,-11.656482827271613,30.0,454.7885806701001,9.411286830547562
352.9962000527738,14.08341536370343,0.0,359.32275868399205,5.099892809321762
194.01736360496383,0.48979325957797215,15.0,191.53263278457283,1.1700105170823782
359.9665774162303,7.901550011631169,0.0,360.0224191341132,-2.6994107620575036
497.99141171514106,-9.931775536627947,0.0,482.6041037641479,-16.261002301177825
58.768795333020634,-19.090074630640203,30.0,51.85087271086834,1.6214336458300345
161.94914011369713,19.050340242852638,30.0,189.34495593211682,37.88903257956561
203.20855657368978,15.620078586245139,15.0,220.06739291780673,19.57702532295114
309.5125624308883,-14.242590114620025,0.0,289.5749849017253,-25.3529742351083
380.57718484518927,-7.600365985777473,0.0,365.8205279411917,-19.12670329001132
270.33477321334163,13.564913911703403,30.0,299.3840594119293,36.678482413640154
159.78270754360483,0.17061780588228492,0.0,159.03532930094153,-7.02946143340575
465.4046724691743,12.428334721851247,30.0,485.68206894205764,30.964301401145846
493.9052472276268,-7.7414197182090625,15.0,489.8809546546598,-2.4185524719634675
300.1290006563171,-20.823163588558902,15.0,290.7333133586352,-11.42763506866298
108.03651734120285,18.387782269846863,30.0,137.42567567256387,37.898670854275565
176.94881856349207,-21.33910091758053,15.0,157.3857988461629,-14.606722928237495
321.8672374987128,13.659324206202001,0.0,328.75443663505575,2.220024186404668
65.42263773421425,8.028155956735773,30.0,86.64001841272693,30.212984402909616
222.07080914607016,0.4120865178088895,30.0,230.955105060189,18.208896722184296
345.7226833013447,14.653228881659219,15.0,360.86748946959926,19.534960750487027
264.0546282618777,-10.63003905815303,15.0,257.74813741491374,-7.4306445906387175
477.99409868456377,12.535857079290858,30.0,495.9986882584001,30.589608588143022
438.4952578316756,-21.535002142148144,0.0,415.6263111264823,-28.231482805072478
